applied,applied_on,match_feedback,score,title,company,location,url,frozen_score,legacy_score,percentile,band,jd_difficulty,must_coverage,missing_must,top_gaps,score_flags,sub_scores,source,apply_channel,salary_min,salary_max,updated_at,resume_docx,resume_pdf,tailored_summary,bullets_to_lead_with,rewritten_bullets,keywords_to_add_if_true,fit_exact,fit_partial,fit_gaps,outreach_note,change_log,honest_gap_note,missing_keywords,description_snippet
no,,,71,Product Manager,CarWale,"Navi Mumbai, Maharashtra",https://www.adzuna.in/details/2453704573?utm_medium=api&utm_source=195aa6d0,48,80,96,strong,0.56,9/12,"vashi, navi mumbai, plm","[{""need"": ""vashi"", ""gain"": 2}, {""need"": ""navi mumbai"", ""gain"": 2}, {""need"": ""plm"", ""gain"": 2}, {""need"": ""development tea"", ""gain"": 1}]",,"{""skill_match"": 0.6748, ""experience_fit"": 1.0, ""domain"": 0, ""education"": 1.0, ""achievement"": 0.8571, ""trajectory"": 1.0}",adzuna,aggregator,1000000,1500000,2021-09-13T01:16:40Z,data/resumes/2026-07-28/CarWale_Product_Manager/Mehul_Agarwal.docx,data/resumes/2026-07-28/CarWale_Product_Manager/Mehul_Agarwal.pdf,,[],[],[],[],[],[],,Skill items resequenced toward JD mentions,tailoring skipped (GEMINI_API_KEY not set),"location, vashi, navi, description, responsibility, functional, implement, changes, monetization","Product Manager Experience - 2 - 3 years Job Location - Vashi, Navi Mumbai Skills Required - Product Management, Product Strategy, Product development, Business Analysis, Agile/Scrum, Product Lifecycle Management (PLM) Role description: Primary responsibility of the role would be to define the product roadmap & backlog, work with business and functional teams to design and implement changes that drive user acquisition, user experience & monetization. Key responsibilities: Lead a development tea…"
no,,,65,Product Manager,Newton School,"Bangalore, Karnataka",https://www.adzuna.in/details/5759291757?utm_medium=api&utm_source=195aa6d0,54,80,72,competitive,0.14,0/0,,"[{""need"": ""self-motivated"", ""gain"": 2}, {""need"": ""continue"", ""gain"": 2}, {""need"": ""push"", ""gain"": 2}, {""need"": ""envelope"", ""gain"": 2}, {""need"": ""dynamic"", ""gain"": 2}]",,"{""skill_match"": 0.614, ""experience_fit"": 0.85, ""domain"": 0, ""education"": 1.0, ""achievement"": 0.8571, ""trajectory"": 1.0}",adzuna,aggregator,,,2026-06-11T06:57:27Z,data/resumes/2026-07-28/Newton_School_Product_Manager/Mehul_Agarwal.docx,data/resumes/2026-07-28/Newton_School_Product_Manager/Mehul_Agarwal.pdf,,[],[],[],[],[],[],,No changes vs base CV,tailoring skipped (GEMINI_API_KEY not set),"seeking, self-motivated, innovative, continue, push, envelope, dynamic, driven, responsible, conducting, creating, timeframes","We are seeking a self-motivated and innovative product manager to join our growing company and help us continue to push the envelope with our products. As a product manager on our dynamic and driven team, you will be responsible for owning the development and delivery of new products by conducting market research, creating product timeframes and plans, and crafting marketing strategies for new products. Skills: Market Research, Project Planning, Marketing Strategy, Product Management Experience…"
no,,,65,Senior Product Manager,Experian,"Mumbai, Maharashtra",https://www.adzuna.in/details/5808145425?utm_medium=api&utm_source=195aa6d0,41,80,68,competitive,0.08,0/0,,"[{""need"": ""description experian india"", ""gain"": 1}, {""need"": ""direct-to-consumer"", ""gain"": 1}, {""need"": ""d2c"", ""gain"": 1}, {""need"": ""monetization"", ""gain"": 1}, {""need"": ""experian"", ""gain"": 1}]",,"{""skill_match"": 0.5742, ""experience_fit"": 0.85, ""domain"": 0, ""education"": 1.0, ""achievement"": 1, ""trajectory"": 1.0}",adzuna,aggregator,,,2026-07-20T19:01:32Z,data/resumes/2026-07-28/Experian_Senior_Product_Manager/Mehul_Agarwal.docx,data/resumes/2026-07-28/Experian_Senior_Product_Manager/Mehul_Agarwal.pdf,,[],[],[],[],[],[],,No changes vs base CV,tailoring skipped (GEMINI_API_KEY not set),"experian, description, senior, direct-to-consumer, customer, monetization, ideal, combines, thinking, capability, closely, science","Job Description Experian India is looking for a Senior Product Manager to lead its Direct-to-Consumer (D2C) business. This role will own the end-to-end consumer product strategy, roadmap, customer experience, growth, monetization, and delivery across Experian's digital consumer platforms. The ideal candidate combines product thinking and execution capability. You will work closely with Engineering, Data Science, Analytics, Design, Marketing, Legal, Compliance, Sales, and external partners to bu…"
no,,,63,Product Manager,Biddano,"Pune, Maharashtra",https://www.adzuna.in/details/1885160084?utm_medium=api&utm_source=195aa6d0,44,69,63,competitive,0.08,0/0,,"[{""need"": ""manage agile"", ""gain"": 1}, {""need"": ""agile product"", ""gain"": 1}, {""need"": ""view develop"", ""gain"": 1}, {""need"": ""strategies consistent"", ""gain"": 1}, {""need"": ""vision develop"", ""gain"": 1}]",,"{""skill_match"": 0.5125, ""experience_fit"": 0.85, ""domain"": 0, ""education"": 1.0, ""achievement"": 1, ""trajectory"": 1.0}",adzuna,aggregator,1000000,2400000,2020-12-17T04:25:25Z,data/resumes/2026-07-28/Biddano_Product_Manager/Mehul_Agarwal.docx,data/resumes/2026-07-28/Biddano_Product_Manager/Mehul_Agarwal.pdf,,[],[],[],[],[],[],,No changes vs base CV,tailoring skipped (GEMINI_API_KEY not set),"develop, manage, agile, point, view, implement, consistent, vision, maintain, understanding, positioning, collect","Product Manager Responsibilities: Manage agile product development process from product management point of view Develop and implement product strategies consistent with company vision Develop and maintain an understanding of the product, market, and competition Develop product positioning and go to market strategy Collect and analyze feedback from customers, stakeholders and other teams to shape requirements, features and products Identify areas for growth and create strategic product line roa…"
no,,,62,Product Manager,Qrata,"Bangalore, Karnataka",https://www.adzuna.in/details/4514376946?utm_medium=api&utm_source=195aa6d0,42,67,81,competitive,0.4,1/2,4-6,"[{""need"": ""4-6"", ""gain"": 3}, {""need"": ""4 years of experience (you show 3.9)"", ""gain"": 2}, {""need"": ""passionate"", ""gain"": 2}, {""need"": ""expect"", ""gain"": 2}, {""need"": ""bring"", ""gain"": 2}]",,"{""skill_match"": 0.5152, ""experience_fit"": 0.885, ""domain"": 0, ""education"": 1.0, ""achievement"": 0.8571, ""trajectory"": 1.0}",adzuna,aggregator,1000000,4500000,2024-01-07T15:08:19Z,data/resumes/2026-07-28/Qrata_Product_Manager/Mehul_Agarwal.docx,data/resumes/2026-07-28/Qrata_Product_Manager/Mehul_Agarwal.pdf,,[],[],[],[],[],[],,No changes vs base CV,tailoring skipped (GEMINI_API_KEY not set),"passionate, skilled, expect, bring, fresh, pair, eyes, managing, gathering, customer, defining, vision","Summary of Role We are looking for a passionate and skilled Product Manager, we expect you to bring a fresh pair of eyes for both product planning and product marketing. This includes managing the product throughout the Product Lifecycle, gathering and prioritizing product and customer requirements, defining the product vision, and working to deliver winning products. Must Have Background for this Role: Min 4-6 years of strong experience in product management role. Bachelor’s degree (MBA prefer…"
no,,,62,Corporate Development â Fintech Partnerships Manager,Qrata,"Mumbai, Maharashtra",https://www.adzuna.in/details/4514376182?utm_medium=api&utm_source=195aa6d0,42,61,64,competitive,0.12,0/0,,"[{""need"": ""corporate development"", ""gain"": 2}, {""need"": ""mumbai"", ""gain"": 2}, {""need"": ""bkc grade"", ""gain"": 2}, {""need"": ""m4/m5"", ""gain"": 2}, {""need"": ""alliance partnerships"", ""gain"": 2}]",,"{""skill_match"": 0.3675, ""experience_fit"": 1.0, ""domain"": 0.25, ""education"": 1.0, ""achievement"": 0.8571, ""trajectory"": 1.0}",adzuna,aggregator,1500000,2400000,2024-01-07T15:07:49Z,data/resumes/2026-07-28/Qrata_Corporate_Development_Fintech_Partnershi/Mehul_Agarwal.docx,data/resumes/2026-07-28/Qrata_Corporate_Development_Fintech_Partnershi/Mehul_Agarwal.pdf,,[],[],[],[],[],[],,Skill items resequenced toward JD mentions,tailoring skipped (GEMINI_API_KEY not set),"corporate, location, grade, m4/m5, develop, alliance, startups, position, require, relationship, basic, understanding","Experience: 2 – 5 years Job location: Mumbai - BKC Grade: M4/M5 As part of the Corporate Development Team, you will develop product and alliance partnerships with fintech and technology startups. The position will require stakeholder management, relationship building, basic understanding of fintech products, and interest in startup ecosystem. Corporate Development at Kotak Securities is responsible for driving development of next-generation products and adoption of future technology by partneri…"
no,,,61,Product Manager,SweetsInBox.com,"Pune, Maharashtra",https://www.adzuna.in/details/1171509508?utm_medium=api&utm_source=195aa6d0,52,70,68,competitive,0.22,2/2,,"[{""need"": ""offer handsome equity"", ""gain"": 3}, {""need"": ""suitable"", ""gain"": 3}, {""need"": ""entrepreneurship"", ""gain"": 3}, {""need"": ""growth hacking"", ""gain"": 3}, {""need"": ""mobile app marketing"", ""gain"": 3}]",,"{""skill_match"": 0.472, ""experience_fit"": 0.85, ""domain"": 0, ""education"": 1.0, ""achievement"": 1, ""trajectory"": 1.0}",adzuna,aggregator,500000,1000000,2019-06-05T21:12:27Z,data/resumes/2026-07-28/SweetsInBox_com_Product_Manager/Mehul_Agarwal.docx,data/resumes/2026-07-28/SweetsInBox_com_Product_Manager/Mehul_Agarwal.pdf,,[],[],[],[],[],[],,No changes vs base CV,tailoring skipped (GEMINI_API_KEY not set),"person, willing, offer, handsome, equity, suitable, entrepreneurship, hacking, mobile","Person should have more than 5 years of Product Management experience. We are willing to offer handsome equity to a suitable candidate. Skills: Entrepreneurship, Growth Hacking, Mobile App Marketing, Product Management and Product Strategy"
no,,,61,Product Manager,Spry Healthcare,"Pune, Maharashtra",https://www.adzuna.in/details/4812320738?utm_medium=api&utm_source=195aa6d0,39,67,66,competitive,0.18,0/0,,"[{""need"": ""4 years of experience (you show 3.9)"", ""gain"": 2}, {""need"": ""pune"", ""gain"": 2}, {""need"": ""office"", ""gain"": 2}, {""need"": ""ceo"", ""gain"": 2}, {""need"": ""senior management"", ""gain"": 2}]",,"{""skill_match"": 0.491, ""experience_fit"": 0.885, ""domain"": 0, ""education"": 1.0, ""achievement"": 0.8571, ""trajectory"": 1.0}",adzuna,aggregator,1500000,2500000,2024-08-06T10:56:05Z,data/resumes/2026-07-28/Spry_Healthcare_Product_Manager/Mehul_Agarwal.docx,data/resumes/2026-07-28/Spry_Healthcare_Product_Manager/Mehul_Agarwal.pdf,,[],[],[],[],[],[],,No changes vs base CV,tailoring skipped (GEMINI_API_KEY not set),"location, office, report, build, need, senior, execute, pipeline, successful, co-own, success, jira","Location - Pune (Work from Office) Experience - 4 – 6 years About the role – The Product Manager role will report to the CEO and will build the product from 0 to 1. Responsibilities  Need to work with the senior management team to work on product roadmap  Work with tech and management to create and execute product pipeline  Own the successful delivery of your roadmap and co-own the success of the overall products  Define requirements (JIRA) - Creating EPICs, user stories. Tracking the sprin…"
no,,,61,Product Manager,AskLaila,"Bangalore, Karnataka",https://www.adzuna.in/details/5789810730?utm_medium=api&utm_source=195aa6d0,44,64,58,borderline,0.08,0/0,,"[{""need"": ""dedicated ai"", ""gain"": 1}, {""need"": ""expansion"", ""gain"": 1}, {""need"": ""demands analytical"", ""gain"": 1}, {""need"": ""deep"", ""gain"": 1}, {""need"": ""coupled"", ""gain"": 1}]",,"{""skill_match"": 0.5042, ""experience_fit"": 0.85, ""domain"": 0, ""education"": 1.0, ""achievement"": 0.8571, ""trajectory"": 1.0}",adzuna,aggregator,,,2026-07-06T15:04:17Z,data/resumes/2026-07-28/AskLaila_Product_Manager/Mehul_Agarwal.docx,data/resumes/2026-07-28/AskLaila_Product_Manager/Mehul_Agarwal.pdf,,[],[],[],[],[],[],,No changes vs base CV,tailoring skipped (GEMINI_API_KEY not set),"technologies, dedicated, expansion, demands, analytical, deep, understanding, coupled, effectively, launch, innovative, user-centric","We are looking for a dedicated AI Product Manager to lead the development and expansion of our next generation of AI products. The role demands analytical ability and a deep understanding of AI technologies, coupled with the ability to work effectively across teams to launch products that are innovative and user-centric. Responsibilities Create and execute product strategies designed specifically for AI technologies. Develop product roadmaps and timelines in partnership with technical and busin…"
no,,,61,Senior Product Manager,314e corporation,"Bangalore, Karnataka",https://www.adzuna.in/details/5235345436?utm_medium=api&utm_source=195aa6d0,42,80,58,borderline,0.08,0/0,,"[{""need"": ""business objectives"", ""gain"": 2}, {""need"": ""objectives define"", ""gain"": 2}, {""need"": ""product features"", ""gain"": 2}, {""need"": ""features based"", ""gain"": 2}, {""need"": ""customer feedback"", ""gain"": 2}]",,"{""skill_match"": 0.5208, ""experience_fit"": 0.85, ""domain"": 0, ""education"": 1.0, ""achievement"": 0.8571, ""trajectory"": 1.0}",adzuna,aggregator,2000000,6000000,2025-06-06T05:03:12Z,data/resumes/2026-07-28/314e_corporation_Senior_Product_Manager/Mehul_Agarwal.docx,data/resumes/2026-07-28/314e_corporation_Senior_Product_Manager/Mehul_Agarwal.pdf,,[],[],[],[],[],[],,No changes vs base CV,tailoring skipped (GEMINI_API_KEY not set),"responsibility, aligning, objectives, features, customer, feedback, demands, ideation, timely, outcomes, collaborate, closely","Responsibility: Lead the planning and execution of the product roadmap, aligning with the overall business objectives Define and prioritize product features based on customer feedback, data analysis, marketing demands and domain requirements. Drive the product development process, from ideation through release, ensuring timely delivery and high- quality outcomes Collaborate closely with engineering, marketing, and sales, to drive successful launch, development, and advancement of B2B products E…"
no,,,61,Key Account Manager- Alliances,Unnati,"Mumbai, Maharashtra",https://www.adzuna.in/details/2809242522?utm_medium=api&utm_source=195aa6d0,42,51,58,borderline,0.08,0/0,,"[{""need"": ""key account"", ""gain"": 2}, {""need"": ""account manager"", ""gain"": 2}, {""need"": ""manager alliances"", ""gain"": 2}, {""need"": ""alliances want"", ""gain"": 2}, {""need"": ""trailblazing fintech"", ""gain"": 2}]",,"{""skill_match"": 0.2344, ""experience_fit"": 0.85, ""domain"": 0.75, ""education"": 1.0, ""achievement"": 0.8571, ""trajectory"": 1.0}",adzuna,aggregator,1000000,1200000,2022-01-13T04:26:27Z,data/resumes/2026-07-28/Unnati_Key_Account_Manager_Alliances/Mehul_Agarwal.docx,data/resumes/2026-07-28/Unnati_Key_Account_Manager_Alliances/Mehul_Agarwal.pdf,,[],[],[],[],[],[],,Skill items resequenced toward JD mentions,tailoring skipped (GEMINI_API_KEY not set),"want, trailblazing, leveraging, software, change, face, short-term, financing, client, innovative, revolutionizing, short","Want to join the trailblazing Fintech company which is leveraging software and technology to change the face of short-term financing in India Our client is an innovative Fintech company that is revolutionizing the business of short term finance. The company is an online lending startup that is driven by an app-enabled technology platform to solve the funding challenges of SMEs by offering quick-turnaround, paperless business loans without collateral. It counts over 2 million small businesses ac…"
no,,,60,Senior Product Manager,Techvibz LLP,"Bangalore, Karnataka",https://www.adzuna.in/details/4882957670?utm_medium=api&utm_source=195aa6d0,46,80,56,borderline,0.08,0/0,,"[{""need"": ""azure integration capabilities"", ""gain"": 2}, {""need"": ""flagship product"", ""gain"": 2}, {""need"": ""efficient integration process"", ""gain"": 2}, {""need"": ""conduct market research"", ""gain"": 2}, {""need"": ""understand"", ""gain"": 2}]",,"{""skill_match"": 0.493, ""experience_fit"": 0.85, ""domain"": 0, ""education"": 1.0, ""achievement"": 0.8571, ""trajectory"": 1.0}",adzuna,aggregator,1500000,2800000,2024-10-01T12:03:53Z,data/resumes/2026-07-28/Techvibz_LLP_Senior_Product_Manager/Mehul_Agarwal.docx,data/resumes/2026-07-28/Techvibz_LLP_Senior_Product_Manager/Mehul_Agarwal.pdf,,[],[],[],[],[],[],,No changes vs base CV,tailoring skipped (GEMINI_API_KEY not set),"launch, integration, capabilities, flagship, efficient, conduct, engage, understand, needs, challenges, services, collaborate","Responsibilities: 1. Lead the strategic planning, development, and launch of Azure integration capabilities within our flagship product ensuring a seamless and efficient integration process. 2. Conduct market research and engage with customers to understand their needs and challenges related to Azure cloud services. 3. Collaborate with engineering, design, and sales teams to define product requirements, roadmaps, and go-to-market strategies for Azure Launch. 4. Deliver actionable product featur…"
no,,,59,Product Manager,Siply Services,"Bangalore, Karnataka",https://www.adzuna.in/details/2724976669?utm_medium=api&utm_source=195aa6d0,47,54,53,borderline,0.08,0/0,,"[{""need"": ""shipping features"", ""gain"": 2}, {""need"": ""fast-paced environment"", ""gain"": 2}, {""need"": ""verticals micro-savings"", ""gain"": 2}, {""need"": ""micro-insurance"", ""gain"": 2}, {""need"": ""micro-credit"", ""gain"": 2}]",,"{""skill_match"": 0.3633, ""experience_fit"": 0.85, ""domain"": 0.25, ""education"": 1.0, ""achievement"": 0.8571, ""trajectory"": 1.0}",adzuna,aggregator,800000,3000000,2021-12-10T03:04:27Z,data/resumes/2026-07-28/Siply_Services_Product_Manager/Mehul_Agarwal.docx,data/resumes/2026-07-28/Siply_Services_Product_Manager/Mehul_Agarwal.pdf,,[],[],[],[],[],[],,No changes vs base CV,tailoring skipped (GEMINI_API_KEY not set),"shipping, features, fast-paced, environment, verticals, micro-savings, micro-insurance, micro-credit, closely, managers, engineers, marketers","About the role We are looking for a Product Manager with experience of shipping features in a fast-paced environment. The candidate will own products under one of the verticals- Micro-savings, Micro-insurance or Micro-credit. The candidate will closely work with product managers, engineers, designers, marketers and business folks to identify product insights, create the product vision, drive development, launch high-quality product experiences and continuously iterate. What We are Looking For H…"
no,,,59,Product Manager,Acadecraft,"Bangalore, Karnataka",https://www.adzuna.in/details/2141802817?utm_medium=api&utm_source=195aa6d0,33,55,78,competitive,0.45,6/12,"brief, product vision, product area, ship features, product improvements, improvements seek","[{""need"": ""brief"", ""gain"": 3}, {""need"": ""product vision"", ""gain"": 3}, {""need"": ""product area"", ""gain"": 3}, {""need"": ""ship features"", ""gain"": 3}, {""need"": ""product improvements"", ""gain"": 3}]",,"{""skill_match"": 0.47, ""experience_fit"": 0.85, ""domain"": 0, ""education"": 1.0, ""achievement"": 0.8571, ""trajectory"": 1.0}",adzuna,aggregator,,3500000,2021-04-26T11:27:43Z,data/resumes/2026-07-28/Acadecraft_Product_Manager/Mehul_Agarwal.docx,data/resumes/2026-07-28/Acadecraft_Product_Manager/Mehul_Agarwal.pdf,,[],[],[],[],[],[],,No changes vs base CV,tailoring skipped (GEMINI_API_KEY not set),"brief, build, vision, execute, prioritized, area, engineers, features, seek, ideas, feedback, gather","Job brief As part of the product team, build the product vision and execute on the prioritized roadmap for your product area Work with engineers and designers to ship features and product improvements Seek product ideas and feedback from stakeholders, gather requirements, write specifications, and help shape wireframes and workflows Define clear and well-scoped requirement documents that are easily understood by technical and non-technical audiences Participate in user research initiatives with…"
no,,,59,Growth Manager,Newton School,"Bangalore, Karnataka",https://www.adzuna.in/details/5759291729?utm_medium=api&utm_source=195aa6d0,36,60,53,borderline,0.08,0/0,,"[{""need"": ""growth function"", ""gain"": 2}, {""need"": ""deliver gtm plans"", ""gain"": 2}, {""need"": ""achieve"", ""gain"": 2}, {""need"": ""growth goals cross-company"", ""gain"": 2}, {""need"": ""collaboration"", ""gain"": 2}]",,"{""skill_match"": 0.4144, ""experience_fit"": 0.85, ""domain"": 0, ""education"": 1.0, ""achievement"": 1, ""trajectory"": 1.0}",adzuna,aggregator,,,2026-06-11T06:57:26Z,data/resumes/2026-07-28/Newton_School_Growth_Manager/Mehul_Agarwal.docx,data/resumes/2026-07-28/Newton_School_Growth_Manager/Mehul_Agarwal.pdf,,[],[],[],[],[],[],,No changes vs base CV,tailoring skipped (GEMINI_API_KEY not set),"goals, function, aligning, deliver, plans, markets, achieve, cross-company, collaboration, leaders, understanding, enhancements/initiatives","Responsibilities : Lead strategy and execution for the Growth function, aligning with Product and Marketing teams to deliver GTM plans for all business markets to achieve company growth goals Cross-company and team collaboration including experience working with product and revenue operations leaders Strong understanding of product enhancements/initiatives and procedures and the ability to create a do-anything environment necessary to support organizational goals Creating and implementing the m…"
no,,,59,Product Owner,Multi Recruit,"Bangalore, Karnataka",https://www.adzuna.in/details/1977247810?utm_medium=api&utm_source=195aa6d0,32,52,53,borderline,0.08,0/0,,"[{""need"": ""product owner take"", ""gain"": 1}, {""need"": ""product owner"", ""gain"": 1}, {""need"": ""owner providing"", ""gain"": 1}, {""need"": ""providing vision"", ""gain"": 1}, {""need"": ""direction"", ""gain"": 1}]",,"{""skill_match"": 0.415, ""experience_fit"": 0.85, ""domain"": 0, ""education"": 1.0, ""achievement"": 1, ""trajectory"": 1.0}",adzuna,aggregator,3000000,3200000,2021-02-08T04:04:55Z,data/resumes/2026-07-28/Multi_Recruit_Product_Owner/Mehul_Agarwal.docx,data/resumes/2026-07-28/Multi_Recruit_Product_Owner/Mehul_Agarwal.pdf,,[],[],[],[],[],[],,No changes vs base CV,tailoring skipped (GEMINI_API_KEY not set),"vision, take, scrum, owner, providing, direction, agile, always, adequate, amount, prior, prepared","Take the lead of scrum teams as the Product Owner Providing vision and direction to the Agile development team and stakeholders throughout the project and create requirements Ensure that the team always has an adequate amount of prior prepared tasks to work on Plan and prioritize product feature backlog and development for the product Define product vision, roadmap, and growth opportunities Assess value, develop cases, and prioritize stories, epics, and themes to ensure work focuses on those wi…"
no,,,58,Product Manager II,razorpaysoftwareprivatelimited,Bengaluru,https://job-boards.greenhouse.io/razorpaysoftwareprivatelimited/jobs/4712108005,36,42,63,competitive,0.24,0/0,,"[{""need"": ""4 years of experience (you show 3.9)"", ""gain"": 3}, {""need"": ""razorpay"", ""gain"": 2}, {""need"": ""leading full-stack"", ""gain"": 2}, {""need"": ""full-stack financial"", ""gain"": 2}, {""need"": ""financial technology"", ""gain"": 2}]",,"{""skill_match"": 0.2008, ""experience_fit"": 0.885, ""domain"": 0.5, ""education"": 1.0, ""achievement"": 1, ""trajectory"": 1.0}",greenhouse,direct,,,2026-07-28T06:23:21-04:00,data/resumes/2026-07-28/razorpaysoftwareprivatelimited_Product_Manager_II/Mehul_Agarwal.docx,data/resumes/2026-07-28/razorpaysoftwareprivatelimited_Product_Manager_II/Mehul_Agarwal.pdf,,[],[],[],[],[],[],,Skill items resequenced toward JD mentions,tailoring skipped (GEMINI_API_KEY not set),"nbsp, razorpay, ecosystem, customer, build, financial, businesses, money, payments, powering, asia, capital","Razorpay is one of India’s leading full-stack financial technology companies, powering the way businesses move, manage, and grow money. Founded in 2014 by Harshil Mathur and Shashank Kumar with a simple vision - to simplify payments for Indian businesses - we’ve since grown into a fintech powerhouse driving India’s digital payment revolution. Razorpay powers millions of businesses with a smarter, scalable stack that goes beyond transactions to help them truly build and grow. From building AI-native agentic payments, to AI-assisted fraud detection and real-time risk intelligence to automated reconciliation, smart payouts, and predictive financial insights, we are embedding intelligence across our stack to make money movement faster, safer, and more efficient. In close collaboration with ecosystem partners - including banks, networks, regulators - we are pioneering industry-first solutions that are shaping the next era of fintech Across India, Singapore and Malaysia, our products span everything from seamless checkouts to payroll automation - powering a fintech ecosystem that’s redefining how money moves across Asia. Today, that ecosystem supports everyone from early-stage startups to some of India’s largest enterprises, enabling them to accept, process, and disburse payments at scale while expanding into new ways of managing money more efficiently. Our scale speaks volumes: Razorpay processes $180+ billion in annualized transactions, powering leading businesses like Airbnb, Facebook, WhatsApp, Airtel, CRED, BookmyShow, Zomato, Swiggy, Lenskart, Mirae Asset Capital markets, Indian Oil, National Pension Scheme - and over 100 of India’s unicorns. With strong roots in India and growing operations in Southeast Asia, we are shaping the next chapter of financial technology across the region. We are backed by global investors including GIC, Peak XV Partners (formerly Sequoia Capital India &amp; SEA), Tiger Global, Ribbit Capital, Matrix Partners, MasterCard, and Salesforce V"
no,,,58,Business Development & Partnerships – Commercial Lead (VATech),cred,bengaluru,https://jobs.lever.co/cred/b532b595-bc8d-4b51-a2e6-7228ef1cabfc,36,64,51,borderline,0.08,0/0,,"[{""need"": ""partnerships commercial"", ""gain"": 1}, {""need"": ""commercial lead"", ""gain"": 1}, {""need"": ""vatech"", ""gain"": 1}, {""need"": ""formerly happay"", ""gain"": 1}, {""need"": ""b2b payments"", ""gain"": 1}]",,"{""skill_match"": 0.2965, ""experience_fit"": 0.85, ""domain"": 0.25, ""education"": 1.0, ""achievement"": 1, ""trajectory"": 1.0}",lever,direct,,,1784891098085,data/resumes/2026-07-28/cred_Business_Development_Partnerships_Commer/Mehul_Agarwal.docx,data/resumes/2026-07-28/cred_Business_Development_Partnerships_Commer/Mehul_Agarwal.pdf,,[],[],[],[],[],[],,Skill items resequenced toward JD mentions,tailoring skipped (GEMINI_API_KEY not set),"cred, enterprise, formerly, happay, payments, purpose, scale, commercial, pipeline, sales, banks, fintechs","VA Tech (a CRED company, formerly Happay) is CRED's B2B payments infrastructure business.
 
Role Purpose:
Own and scale VA Tech's commercial engine – pipeline, enterprise sales, and partnerships — across banks, fintechs, and enterprise ecosystem partners, converting VA Tech's platform capability into predictable, compounding revenue."
no,,,58,Product Manager,Experian,"Mumbai, Maharashtra",https://www.adzuna.in/details/5801251067?utm_medium=api&utm_source=195aa6d0,52,71,55,borderline,0.14,0/0,,"[{""need"": ""description experian"", ""gain"": 2}, {""need"": ""smart product"", ""gain"": 2}, {""need"": ""management professionals"", ""gain"": 2}, {""need"": ""credit services business"", ""gain"": 2}, {""need"": ""existing solutions"", ""gain"": 2}]",,"{""skill_match"": 0.2548, ""experience_fit"": 0.85, ""domain"": 0.5, ""education"": 1.0, ""achievement"": 0.8571, ""trajectory"": 1.0}",adzuna,aggregator,,,2026-07-15T18:55:31Z,data/resumes/2026-07-28/Experian_Product_Manager/Mehul_Agarwal.docx,data/resumes/2026-07-28/Experian_Product_Manager/Mehul_Agarwal.pdf,,[],[],[],[],[],[],,No changes vs base CV,tailoring skipped (GEMINI_API_KEY not set),"experian, services, description, smart, professionals, responsible, understanding, existing, solutions, those, exposure, retail","Job Description Experian is looking for smart product management professionals to be a part of our Credit Services business. In the role of Product Manager, you will be responsible for understanding existing solutions & help market those. Your exposure to product management in retail lending products will differentiate you from the rest. Being among the Top 100 ‘The most innovative Companies of 2014 by Forbes’; Experian India provides data, analytical and marketing services to enable organizati…"
no,,,58,"Senior Product Manager,",Talent Pro,"Bangalore, Karnataka",https://www.adzuna.in/details/5680047956?utm_medium=api&utm_source=195aa6d0,41,77,76,competitive,0.45,5/12,"mandatory, recent career, last, hands-on technical, software development, dot net, angular stack","[{""need"": ""mandatory"", ""gain"": 3}, {""need"": ""recent career"", ""gain"": 3}, {""need"": ""last"", ""gain"": 3}, {""need"": ""hands-on technical"", ""gain"": 3}, {""need"": ""software development"", ""gain"": 3}]",,"{""skill_match"": 0.4407, ""experience_fit"": 0.85, ""domain"": 0, ""education"": 1.0, ""achievement"": 0.8571, ""trajectory"": 1.0}",adzuna,aggregator,2500000,3700000,2026-03-27T11:43:35Z,data/resumes/2026-07-28/Talent_Pro_Senior_Product_Manager/Mehul_Agarwal.docx,data/resumes/2026-07-28/Talent_Pro_Senior_Product_Manager/Mehul_Agarwal.pdf,,[],[],[],[],[],[],,No changes vs base CV,tailoring skipped (GEMINI_API_KEY not set),"mandatory, senior, past, recent, career, last, hands-on, background, software, angular, mandato","Strong Senior Product Manager with past development experience profile. Mandatory (Experience 1) – Must have 12 years of overall experience, with 3 years as a Product Manager in the recent career (last 3 years) Mandatory (Experience 2) – Must have 3 years of hands-on technical background in software development (Dot net and Angular stack preferred) Mandatory (Experience 4) – Must have end-to-end product lifecycle experience, including product strategy, roadmap, development, and delivery Mandato…"
no,,,58,Senior Product Manager,Niro,"Bangalore, Karnataka",https://www.adzuna.in/details/4020540444?utm_medium=api&utm_source=195aa6d0,40,65,68,competitive,0.32,0/3,"define clear, well-scoped, documents","[{""need"": ""define clear"", ""gain"": 3}, {""need"": ""well-scoped"", ""gain"": 3}, {""need"": ""documents"", ""gain"": 3}, {""need"": ""founding member"", ""gain"": 2}, {""need"": ""features"", ""gain"": 2}]",,"{""skill_match"": 0.3504, ""experience_fit"": 0.85, ""domain"": 0.25, ""education"": 1.0, ""achievement"": 0.8571, ""trajectory"": 1.0}",adzuna,aggregator,,,2023-04-05T10:14:43Z,data/resumes/2026-07-28/Niro_Senior_Product_Manager/Mehul_Agarwal.docx,data/resumes/2026-07-28/Niro_Senior_Product_Manager/Mehul_Agarwal.pdf,,[],[],[],[],[],[],,No changes vs base CV,tailoring skipped (GEMINI_API_KEY not set),"features, founding, member, responsible, managing, manage, niro, setup, data-driven, experiments, metrics, conversions","Responsibilities As a founding member of the Product team, you will be responsible for managing the roadmap, features and manage the product lifecycle of the Niro credit applications. Setup data-driven experiments to optimize for key metrics, conversions etc. Communicate extensively with users and stakeholders to understand their pain points and eliminate those. Define clear and well-scoped requirement documents. Work with engineers and designers and ship features and product improvements. You …"
no,,,57,"Senior Associate, Enterprise Partnerships",razorpaysoftwareprivatelimited,Bengaluru,https://job-boards.greenhouse.io/razorpaysoftwareprivatelimited/jobs/4715775005,36,37,82,competitive,0.58,1/9,"mandatory qualifications, enterprise partnerships, b2b sales, strategic alliances, preferably, payments, saas, banking tech","[{""need"": ""mandatory qualifications"", ""gain"": 2}, {""need"": ""enterprise partnerships"", ""gain"": 2}, {""need"": ""b2b sales"", ""gain"": 2}, {""need"": ""strategic alliances"", ""gain"": 2}, {""need"": ""preferably"", ""gain"": 2}]",,"{""skill_match"": 0.1148, ""experience_fit"": 1.0, ""domain"": 0.5, ""education"": 1.0, ""achievement"": 1, ""trajectory"": 1.0}",greenhouse,direct,,,2026-07-28T01:22:34-04:00,data/resumes/2026-07-28/razorpaysoftwareprivatelimited_Senior_Associate_Enterprise_Partnerships/Mehul_Agarwal.docx,data/resumes/2026-07-28/razorpaysoftwareprivatelimited_Senior_Associate_Enterprise_Partnerships/Mehul_Agarwal.pdf,,[],[],[],[],[],[],,Skill items resequenced toward JD mentions,tailoring skipped (GEMINI_API_KEY not set),"razorpay, payments, ecosystem, businesses, money, build, financial, nbsp, enterprise, powering, indian, payroll","Razorpay is one of India’s leading full-stack financial technology companies, powering the way businesses move, manage, and grow money. Founded in 2014 by Harshil Mathur and Shashank Kumar with a simple vision - to simplify payments for Indian businesses - we’ve since grown into a fintech powerhouse driving India’s digital payment revolution. Razorpay powers millions of businesses with a smarter, scalable stack that goes beyond transactions to help them truly build and grow. From building AI-native agentic payments, to AI-assisted fraud detection and real-time risk intelligence to automated reconciliation, smart payouts, and predictive financial insights, we are embedding intelligence across our stack to make money movement faster, safer, and more efficient. In close collaboration with ecosystem partners - including banks, networks, regulators - we are pioneering industry-first solutions that are shaping the next era of fintech Across India, Singapore and Malaysia, our products span everything from seamless checkouts to payroll automation - powering a fintech ecosystem that’s redefining how money moves across Asia. Today, that ecosystem supports everyone from early-stage startups to some of India’s largest enterprises, enabling them to accept, process, and disburse payments at scale while expanding into new ways of managing money more efficiently. Our scale speaks volumes: Razorpay processes $180+ billion in annualized transactions, powering leading businesses like Airbnb, Facebook, WhatsApp, Airtel, CRED, BookmyShow, Zomato, Swiggy, Lenskart, Mirae Asset Capital markets, Indian Oil, National Pension Scheme - and over 100 of India’s unicorns. With strong roots in India and growing operations in Southeast Asia, we are shaping the next chapter of financial technology across the region. We are backed by global investors including GIC, Peak XV Partners (formerly Sequoia Capital India &amp; SEA), Tiger Global, Ribbit Capital, Matrix Partners, MasterCard, and Salesforce V"
no,,,57,Product Manager / Sr. Product Manager,Subhanu Consulting,"Bangalore, Karnataka",https://www.adzuna.in/details/3350129241?utm_medium=api&utm_source=195aa6d0,39,60,50,borderline,0.1,0/0,,"[{""need"": ""level 1-3 yrs"", ""gain"": 3}, {""need"": ""1-2 yrs"", ""gain"": 3}, {""need"": ""cpaas"", ""gain"": 3}, {""need"": ""ccaas"", ""gain"": 3}, {""need"": ""know"", ""gain"": 3}]",,"{""skill_match"": 0.4133, ""experience_fit"": 0.86, ""domain"": 0, ""education"": 1.0, ""achievement"": 0.8571, ""trajectory"": 1.0}",adzuna,aggregator,500000,1500000,2022-07-27T06:40:28Z,data/resumes/2026-07-28/Subhanu_Consulting_Product_Manager_Sr_Product_Manager/Mehul_Agarwal.docx,data/resumes/2026-07-28/Subhanu_Consulting_Product_Manager_Sr_Product_Manager/Mehul_Agarwal.pdf,,[],[],[],[],[],[],,No changes vs base CV,tailoring skipped (GEMINI_API_KEY not set),"cpaas, ccaas, story, level, know, build, manage","Product Manager at I4 / I5 level 1-3 yrs of PM experience 1-2 yrs of CPaaS or CCaaS experience Has to know how to build and manage a PRD, UX, User Story, Backlog and Roadmap Skills:- Product Management, CPaas, CCaas, PRD, UX, User Story and Backlog and Roadmap"
no,,,57,Product Manager/Assistant Product Manager,Jobdost,"Bangalore, Karnataka",https://www.adzuna.in/details/3468842679?utm_medium=api&utm_source=195aa6d0,44,75,78,competitive,0.51,3/8,"feature specs, listening, creating business, driving functional, product features","[{""need"": ""feature specs"", ""gain"": 2}, {""need"": ""listening"", ""gain"": 2}, {""need"": ""creating business"", ""gain"": 2}, {""need"": ""driving functional"", ""gain"": 2}, {""need"": ""product features"", ""gain"": 2}]",,"{""skill_match"": 0.408, ""experience_fit"": 0.85, ""domain"": 0, ""education"": 1.0, ""achievement"": 0.8571, ""trajectory"": 1.0}",adzuna,aggregator,800000,1500000,2022-09-08T06:47:42Z,data/resumes/2026-07-28/Jobdost_Product_Manager_Assistant_Product_Manage/Mehul_Agarwal.docx,data/resumes/2026-07-28/Jobdost_Product_Manager_Assistant_Product_Manage/Mehul_Agarwal.pdf,,[],[],[],[],[],[],,No changes vs base CV,tailoring skipped (GEMINI_API_KEY not set),"features, description, responsible, documentation, portfolio, feature, listening, creating, functional, requirement, launching, read","Job Description- Product Manager What is the role? Product Manager for this company will be responsible for the product features, analysis, documentation & release execution throughout the lifecycle of the product portfolio. This includes feature specs, listening to customers, creating business requirements, driving functional requirement, driving this through development and successfully launching new product features. To read more about the kind of qualities we are looking for this role, plea…"
no,,,57,Product Manager,CEDRETO MARKETING PRIVATE LIMITED,"Bangalore, Karnataka",https://www.adzuna.in/details/2677620479?utm_medium=api&utm_source=195aa6d0,41,67,49,borderline,0.08,0/0,,"[{""need"": ""description-product manager-do"", ""gain"": 2}, {""need"": ""thng"", ""gain"": 2}, {""need"": ""branded content marketplace"", ""gain"": 2}, {""need"": ""helps brands multiply"", ""gain"": 2}, {""need"": ""digital media"", ""gain"": 2}]",,"{""skill_match"": 0.4091, ""experience_fit"": 0.85, ""domain"": 0, ""education"": 1.0, ""achievement"": 0.8571, ""trajectory"": 1.0}",adzuna,aggregator,600000,1500000,2021-11-25T07:53:55Z,data/resumes/2026-07-28/CEDRETO_MARKETING_PRIVATE_LIMITED_Product_Manager/Mehul_Agarwal.docx,data/resumes/2026-07-28/CEDRETO_MARKETING_PRIVATE_LIMITED_Product_Manager/Mehul_Agarwal.pdf,,[],[],[],[],[],[],,No changes vs base CV,tailoring skipped (GEMINI_API_KEY not set),"thng, description-product, manager-do, branded, marketplace, helps, brands, multiply, media, unique, creators, influencers","Job Description-Product Manager-Do Your Thng About The Company : Do Your Thng is a branded content marketplace that helps brands multiply their social and digital media performance through unique content creation with the help of content creators and influencers across genres. Product Manager Job Description The Product Manager is responsible for the product planning and execution throughout the Product Lifecycle, including: gathering and prioritizing product and customer requirements, defining…"
no,,,57,Product Manager,ConsultBae,"Bangalore, Karnataka",https://www.adzuna.in/details/2160609562?utm_medium=api&utm_source=195aa6d0,39,48,62,competitive,0.26,0/0,,"[{""need"": ""4 years of experience (you show 3.9)"", ""gain"": 3}, {""need"": ""15.0l"", ""gain"": 2}, {""need"": ""25.0l"", ""gain"": 2}, {""need"": ""bangalore"", ""gain"": 2}, {""need"": ""b.tech/b.e"", ""gain"": 2}]",,"{""skill_match"": 0.3667, ""experience_fit"": 0.885, ""domain"": 0, ""education"": 1.0, ""achievement"": 1, ""trajectory"": 1.0}",adzuna,aggregator,750000,2500000,2021-05-04T11:17:31Z,,,,[],[],[],[],[],[],,,,"tier, designation, compensation, location, bangalore, days, b.tech/b.e, pgdm, pedigree, companies, colleges, iims","Designation: Product Manager Compensation ​ - ₹15.0L - ₹25.0L Experience ​ - 4 - 8 Years Location ​ - Bangalore Working days ​ - 5 Qualification ​ - B.Tech/B.E. , MBA,PGDM (Tier -1 Pedigree) Tier 1 companies and Tier 1 colleges (IIMs, ISB, IITs) Role ​ :- Product Strategy and Driving Growth Reporting to Founder Directly What you will do: Understand the market, clients and build business cases for new product opportunities. Manage product lifecycle from ideation to launch and beyond. Use data, c…"
no,,,57,Product Manager,eHireo Global Solutions,"Mumbai, Maharashtra",https://www.adzuna.in/details/5596341683?utm_medium=api&utm_source=195aa6d0,43,80,57,borderline,0.2,0/0,,"[{""need"": ""5 years of experience (you show 3.9)"", ""gain"": 5}, {""need"": ""5-7"", ""gain"": 1}, {""need"": ""full time"", ""gain"": 1}, {""need"": ""product life cycle"", ""gain"": 1}, {""need"": ""vision"", ""gain"": 1}]",,"{""skill_match"": 0.4492, ""experience_fit"": 0.768, ""domain"": 0, ""education"": 1.0, ""achievement"": 0.8571, ""trajectory"": 1.0}",adzuna,aggregator,,,2026-01-23T04:05:16Z,,,,[],[],[],[],[],[],,,,"translate, full, life, cycle, vision, launch, conduct, identify, needs, feature, sets, clear","Job Role: Product Manager Exp: 5-7 Year(Full Time) Job Responsibilities : ● Lead the product life cycle, including vision, strategy, roadmap, requirements, user experience, delivery, launch, improvements & support ● Conduct market research and analysis to identify business needs and translate them into requirements ● Translate product requirements into sprint planning, define product feature sets with clear requirements ● Collaborate across disciplines including, business, design, development, …"
no,,,57,Product Manager - Growth,Zolve,"Bangalore, Karnataka",https://www.adzuna.in/details/5505898500?utm_medium=api&utm_source=195aa6d0,33,45,49,borderline,0.08,0/0,,"[{""need"": ""zolve welcome"", ""gain"": 1}, {""need"": ""financial frontier"", ""gain"": 1}, {""need"": ""limitless possibilities"", ""gain"": 1}, {""need"": ""welcome"", ""gain"": 1}, {""need"": ""zolve"", ""gain"": 1}]",,"{""skill_match"": 0.1858, ""experience_fit"": 0.85, ""domain"": 0.5, ""education"": 1.0, ""achievement"": 1, ""trajectory"": 1.0}",adzuna,aggregator,,,2025-11-21T01:18:53Z,,,,[],[],[],[],[],[],,,,"zolve, welcome, financial, world, country, frontier, limitless, possibilities, just, architects, revolution, crafting","ABOUT ZOLVE Welcome to the financial frontier of limitless possibilities - welcome to Zolve. We're not just a fintech; we're architects of a financial revolution, crafting a narrative that transcends borders. At Zolve, we believe in rewriting the rules of finance to empower global citizens, nomads, and dreamers to navigate the world without constraints. Zolve is the world's first cross border neo-bank which helps migrants get access to credit in the new country based on their home country credi…"
no,,,57,Product Owner,Mouser,"Bangalore, Karnataka",https://www.adzuna.in/details/5787272829?utm_medium=api&utm_source=195aa6d0,38,74,49,borderline,0.08,0/0,,"[{""need"": ""product owner"", ""gain"": 1}, {""need"": ""owner description"", ""gain"": 1}, {""need"": ""description collaborate"", ""gain"": 1}, {""need"": ""developers"", ""gain"": 1}, {""need"": ""quality assurance"", ""gain"": 1}]",,"{""skill_match"": 0.3983, ""experience_fit"": 0.85, ""domain"": 0, ""education"": 1.0, ""achievement"": 0.8571, ""trajectory"": 1.0}",adzuna,aggregator,,,2026-07-04T02:47:43Z,,,,[],[],[],[],[],[],,,,"managers, description, collaborate, developers, assurance, provide, direction, learn, approaches, priorities, document, stories","Description Collaborate with developers, product managers, project managers, quality assurance, business teams and technical support to provide a mix of business and technical direction on systems, design, development, testing and deployment. Learn stakeholder strategy, tactical approaches, priorities, requirements, and business process. Document business requirements and user stories, oversee, and coordinate the development of technical specifications, and help enforce change control procedure…"
no,,,56,"Manager, Enterprise Partnerships",razorpaysoftwareprivatelimited,Bengaluru,https://job-boards.greenhouse.io/razorpaysoftwareprivatelimited/jobs/4708904005,35,38,59,borderline,0.26,0/0,,"[{""need"": ""5 years of experience (you show 3.9)"", ""gain"": 5}, {""need"": ""enterprise partnerships razorpay"", ""gain"": 1}, {""need"": ""leading full-stack"", ""gain"": 1}, {""need"": ""full-stack financial"", ""gain"": 1}, {""need"": ""financial technology"", ""gain"": 1}]",,"{""skill_match"": 0.2008, ""experience_fit"": 0.768, ""domain"": 0.5, ""education"": 1.0, ""achievement"": 1, ""trajectory"": 1.0}",greenhouse,direct,,,2026-07-21T02:29:07-04:00,,,,[],[],[],[],[],[],,,,"merchant, program, razorpay, loyalty, global, nbsp, banking, financial, businesses, money, payments, insights","Razorpay is one of India’s leading full-stack financial technology companies, powering the way businesses move, manage, and grow money. Founded in 2014 by Harshil Mathur and Shashank Kumar with a simple vision - to simplify payments for Indian businesses - we’ve since grown into a fintech powerhouse driving India’s digital payment revolution. Razorpay powers millions of businesses with a smarter, scalable stack that goes beyond transactions to help them truly build and grow. From building AI-native agentic payments, to AI-assisted fraud detection and real-time risk intelligence to automated reconciliation, smart payouts, and predictive financial insights, we are embedding intelligence across our stack to make money movement faster, safer, and more efficient. In close collaboration with ecosystem partners - including banks, networks, regulators - we are pioneering industry-first solutions that are shaping the next era of fintech Across India, Singapore and Malaysia, our products span everything from seamless checkouts to payroll automation - powering a fintech ecosystem that’s redefining how money moves across Asia. Today, that ecosystem supports everyone from early-stage startups to some of India’s largest enterprises, enabling them to accept, process, and disburse payments at scale while expanding into new ways of managing money more efficiently. Our scale speaks volumes: Razorpay processes $180+ billion in annualized transactions, powering leading businesses like Airbnb, Facebook, WhatsApp, Airtel, CRED, BookmyShow, Zomato, Swiggy, Lenskart, Mirae Asset Capital markets, Indian Oil, National Pension Scheme - and over 100 of India’s unicorns. With strong roots in India and growing operations in Southeast Asia, we are shaping the next chapter of financial technology across the region. We are backed by global investors including GIC, Peak XV Partners (formerly Sequoia Capital India &amp; SEA), Tiger Global, Ribbit Capital, Matrix Partners, MasterCard, and Salesforce V"
no,,,56,Product Manager / Sr. Product Manager,Qrata,"Mumbai, Maharashtra",https://www.adzuna.in/details/4514376940?utm_medium=api&utm_source=195aa6d0,42,60,46,borderline,0.08,0/0,,"[{""need"": ""evangelize"", ""gain"": 1}, {""need"": ""product features roadmap"", ""gain"": 1}, {""need"": ""short"", ""gain"": 1}, {""need"": ""long-term releases"", ""gain"": 1}, {""need"": ""cross-functional product"", ""gain"": 1}]",,"{""skill_match"": 0.3467, ""experience_fit"": 0.85, ""domain"": 0, ""education"": 1.0, ""achievement"": 1, ""trajectory"": 1.0}",adzuna,aggregator,1500000,3000000,2024-01-07T15:08:18Z,,,,[],[],[],[],[],[],,,,"prepare, maintain, evangelize, features, short, long-term, opportunities, cross-functional, accomplish, objectives, overseeing, timelines","Prepare, maintain, and evangelize the product & features roadmap for short- and long-term releases, based on business opportunities and market research. ● Work with cross-functional product teams to accomplish product objectives, overseeing timelines and meeting deadlines for product releases. ● Validate detailed specifications and development costing versus market potential and future predictable revenue. ● Responsible for product launch and release plans. Coordinates internal and external pro…"
no,,,56,Product Manager,Talentiser,"Bangalore, Karnataka",https://www.adzuna.in/details/1652912802?utm_medium=api&utm_source=195aa6d0,41,54,50,borderline,0.14,0/0,,"[{""need"": ""entrepreneurial product leaders"", ""gain"": 1}, {""need"": ""co-founder mindset"", ""gain"": 1}, {""need"": ""scale"", ""gain"": 1}, {""need"": ""world-class product organization"", ""gain"": 1}, {""need"": ""bangalore"", ""gain"": 1}]",,"{""skill_match"": 0.285, ""experience_fit"": 0.85, ""domain"": 0.25, ""education"": 1.0, ""achievement"": 0.8571, ""trajectory"": 1.0}",adzuna,aggregator,1500000,4000000,2020-08-21T01:09:49Z,,,,[],[],[],[],[],[],,,,"leaders, experienced, entrepreneurial, co-founder, mindset, build, scale, world-class, organization, bangalore, excited, zero","We are looking for experienced and entrepreneurial product leaders with a “co-founder” mindset,to help build and scale a world-class product organization in Bangalore. If you are excited about fintech, zero to one products, working with and learning from a phenomenal team of product,engineering, research, design, operations, and business leaders, this is the role for you. KEY ACCOUNTABILITIES & RESPONSIBILITIES - Ideal product manager will be passionate and will deliver an unparalleled customer…"
no,,,56,Product Manager,FPL Technologies Pvt Ltd,"Pune, Maharashtra",https://www.adzuna.in/details/2638892650?utm_medium=api&utm_source=195aa6d0,43,50,50,borderline,0.14,0/0,,"[{""need"": ""onecard"", ""gain"": 1}, {""need"": ""re-imagining"", ""gain"": 1}, {""need"": ""credit card"", ""gain"": 1}, {""need"": ""extremely collaborative"", ""gain"": 1}, {""need"": ""collaborative effort"", ""gain"": 1}]",,"{""skill_match"": 0.2858, ""experience_fit"": 0.85, ""domain"": 0.25, ""education"": 1.0, ""achievement"": 0.8571, ""trajectory"": 1.0}",adzuna,aggregator,750000,2000000,2021-11-13T04:21:05Z,,,,[],[],[],[],[],[],,,,"onecard, re-imagining, card, extremely, collaborative, effort, customer-facing, joining, small, experienced, managers, helped","Product Manager at OneCard At Onecard, we're re-imagining the credit card for a new generation of users. Product development is an extremely collaborative effort between engineering, design, and customer-facing teams. You’d be joining a small team of experienced Product Managers who have helped build successful products at companies such as Gaana, Walnut, ICICI Bank among others. YOU MAY BE A GOOD FIT IF: You can think in terms of the big picture, but deliver on the details You observe users an…"
no,,,56,Senior Product Manager,Quess Enterprise,"Bangalore, Karnataka",https://www.adzuna.in/details/4801553602?utm_medium=api&utm_source=195aa6d0,41,52,50,borderline,0.14,0/0,,"[{""need"": ""senior product"", ""gain"": 1}, {""need"": ""manager description"", ""gain"": 1}, {""need"": ""description"", ""gain"": 1}, {""need"": ""highly motivated"", ""gain"": 1}, {""need"": ""motivated senior"", ""gain"": 1}]",,"{""skill_match"": 0.3383, ""experience_fit"": 0.85, ""domain"": 0, ""education"": 1.0, ""achievement"": 1, ""trajectory"": 1.0}",adzuna,aggregator,,,2024-07-31T03:15:02Z,,,,[],[],[],[],[],[],,,,"description, senior, seeking, experienced, highly, motivated, dynamic, responsible, portfolio, play, crucial, success","Description Job Description We are seeking an experienced and highly motivated Senior Product Manager to join our dynamic team. In this role, you will be responsible for leading the product strategy, development, and management of our B2B product portfolio. As a Senior Product Manager, you will play a crucial role in driving the success and growth of our business by delivering innovative solutions that meet the needs of our B2B customers. You will work closely with cross-functional teams, inclu…"
no,,,56,Senior Product Manager,TalentXO,"Bangalore, Karnataka",https://www.adzuna.in/details/5721341804?utm_medium=api&utm_source=195aa6d0,46,76,46,borderline,0.08,0/0,,"[{""need"": ""product initiatives"", ""gain"": 2}, {""need"": ""organization"", ""gain"": 2}, {""need"": ""strategic goals"", ""gain"": 2}, {""need"": ""long-term roadmaps"", ""gain"": 2}, {""need"": ""conduct market research"", ""gain"": 2}]",,"{""skill_match"": 0.3917, ""experience_fit"": 0.85, ""domain"": 0, ""education"": 1.0, ""achievement"": 0.8571, ""trajectory"": 1.0}",adzuna,aggregator,2600000,3000000,2026-05-07T12:13:29Z,,,,[],[],[],[],[],[],,,,"align, initiatives, organization, goals, develop, execute, long-term, roadmaps, conduct, identify, opportunities, oversee",Role & Responsibilities Product Strategy & Planning- Align product initiatives with the organization’s strategic goals. Develop and execute product strategies and long-term roadmaps. Conduct market research and competition analysis to identify opportunities. Product Development & Delivery- Oversee the full product lifecycle from ideation to deployment. Ensure product delivery within timelines while maintaining quality standards. Work closely with engineering teams developing applications using …
no,,,56,Senior Product Manager,FPL Technologies Pvt Ltd,"Pune, Maharashtra",https://www.adzuna.in/details/3277687167?utm_medium=api&utm_source=195aa6d0,43,50,50,borderline,0.14,0/0,,"[{""need"": ""onecard"", ""gain"": 1}, {""need"": ""re-imagining"", ""gain"": 1}, {""need"": ""credit card"", ""gain"": 1}, {""need"": ""extremely collaborative"", ""gain"": 1}, {""need"": ""collaborative effort"", ""gain"": 1}]",,"{""skill_match"": 0.2817, ""experience_fit"": 0.85, ""domain"": 0.25, ""education"": 1.0, ""achievement"": 0.8571, ""trajectory"": 1.0}",adzuna,aggregator,,,2022-07-01T06:24:56Z,,,,[],[],[],[],[],[],,,,"onecard, re-imagining, card, extremely, collaborative, effort, customer-facing, joining, small, experienced, managers, helped","Sr. Product Manager at OneCard At Onecard, we're re-imagining the credit card for a new generation of users. Product development is an extremely collaborative effort between engineering, design, and customer-facing teams. You’d be joining a small team of experienced Product Managers who have helped build successful products at companies such as Gaana, Walnut, ICICI Bank among others. YOU MAY BE A GOOD FIT IF: You can think in terms of the big picture, but deliver on the details You observe user…"
no,,,56,Senior Product Manager,BitClass,"Bangalore, Karnataka",https://www.adzuna.in/details/2572832389?utm_medium=api&utm_source=195aa6d0,41,46,50,borderline,0.14,0/0,,"[{""need"": ""bitclass"", ""gain"": 2}, {""need"": ""someone"", ""gain"": 2}, {""need"": ""people"", ""gain"": 2}, {""need"": ""extremely"", ""gain"": 2}, {""need"": ""thinking product specs"", ""gain"": 2}]",,"{""skill_match"": 0.3768, ""experience_fit"": 0.85, ""domain"": 0, ""education"": 1.0, ""achievement"": 0.8571, ""trajectory"": 1.0}",adzuna,aggregator,1200000,3600000,2021-10-24T04:00:26Z,,,,[],[],[],[],[],[],,,,"bitclass, people, extremely, build, function, responsible, someone, solid, companies, good, thinking, getting","We at BitClass are looking for a Sr Product Manager to build the product management function at BitClass and be responsible for end to end product delivery. We are looking for someone who has a few solid years of experience in product management across B2C companies. Looking for people who are extremely good with thinking product specs, getting things live in quick time without compromising on the value. Looking for people with extremely strong logical reasoning, designing workflows. This is as…"
no,,,56,Senior Product Manager,Paypal,"Bangalore, Karnataka",https://www.adzuna.in/details/5761948123?utm_medium=api&utm_source=195aa6d0,34,53,50,borderline,0.14,0/0,,"[{""need"": ""routing platform"", ""gain"": 2}, {""need"": ""braintree card payments"", ""gain"": 2}, {""need"": ""smart routing platform"", ""gain"": 2}, {""need"": ""route transactions based"", ""gain"": 2}, {""need"": ""approval rate"", ""gain"": 2}]",,"{""skill_match"": 0.3767, ""experience_fit"": 0.85, ""domain"": 0, ""education"": 1.0, ""achievement"": 0.8571, ""trajectory"": 1.0}",adzuna,aggregator,,,2026-06-13T08:45:46Z,,,,[],[],[],[],[],[],,,,"routing, braintree, card, payments, candidates, worked, sales, build, smart, transactions, approval, rate","This role is for a PM for Routing Platform in Braintree Card Payments Team. We are looking for candidates who have worked on data products and have experience leading ML teams. In this role you will be working with sales, engineering, finance and analytics to build a smart routing platform to route transactions based on approval rate and costs. How the role fits within the wider organization  how the role/org service our customers. In this role you will interact with enterprise merchants and sa…"
no,,,56,Manager - Brand Partnerships,Qrata,"Bangalore, Karnataka",https://www.adzuna.in/details/4514376510?utm_medium=api&utm_source=195aa6d0,34,57,46,borderline,0.08,0/0,,"[{""need"": ""brand partnerships"", ""gain"": 1}, {""need"": ""systematic"", ""gain"": 1}, {""need"": ""process-driven approach"", ""gain"": 1}, {""need"": ""brands outreach"", ""gain"": 1}, {""need"": ""relationship management develop"", ""gain"": 1}]",,"{""skill_match"": 0.3477, ""experience_fit"": 0.85, ""domain"": 0, ""education"": 1.0, ""achievement"": 1, ""trajectory"": 1.0}",adzuna,aggregator,700000,2500000,2024-01-07T15:08:02Z,,,,[],[],[],[],[],[],,,,"systematic, process-driven, approach, brands, outreach, relationship, develop, execute, offerings, businesses, reinforce, brand","Responsibilities : Create a systematic, process-driven approach to brands outreach and relationship management Develop and execute partnerships strategy for product offerings Partner with businesses that help reinforce the brand position and drive user growth Research partners, identify key players and generate interest Collaborate & lead immediate and cross functional team members to align our internal goals with new and existing partner relationships and the deployment Negotiate and finalize …"
no,,,56,Manager - School Partnerships,Qrata,"Bangalore, Karnataka",https://www.adzuna.in/details/4514376618?utm_medium=api&utm_source=195aa6d0,30,35,50,borderline,0.14,0/0,,"[{""need"": ""description"", ""gain"": 2}, {""need"": ""getting started"", ""gain"": 2}, {""need"": ""startup journey"", ""gain"": 2}, {""need"": ""shape"", ""gain"": 2}, {""need"": ""building things"", ""gain"": 2}]",,"{""skill_match"": 0.3519, ""experience_fit"": 0.85, ""domain"": 0, ""education"": 1.0, ""achievement"": 1, ""trajectory"": 1.0}",adzuna,aggregator,700000,1800000,2024-01-07T15:08:06Z,,,,[],[],[],[],[],[],,,,"schools, just, point, description, getting, started, startup, shape, things, scratch, hire, core","Role Description: We are just getting started This not just an opportunity to be part of the startup journey but help shape the journey by building things from scratch. We are looking to hire a core team member to facilitate our partnership with schools. Schools are the focal point of the company's growth at this point – as we are able to serve parents with this innovative monthly fee payment plan, only of the schools we have tied up with. So, the opportunity is to be an instrumental part of ch…"
no,,,56,"Strategic Partner Manager, Distribution Partnerships",Spotify,"Mumbai, Maharashtra",https://www.adzuna.in/details/5743873301?utm_medium=api&utm_source=195aa6d0,37,70,46,borderline,0.08,0/0,,"[{""need"": ""distribution partnerships"", ""gain"": 2}, {""need"": ""spotify"", ""gain"": 2}, {""need"": ""reinventing"", ""gain"": 2}, {""need"": ""audio industry"", ""gain"": 2}, {""need"": ""transforming"", ""gain"": 2}]",,"{""skill_match"": 0.3544, ""experience_fit"": 0.85, ""domain"": 0, ""education"": 1.0, ""achievement"": 1, ""trajectory"": 1.0}",adzuna,aggregator,,,2026-05-29T02:23:41Z,,,,[],[],[],[],[],[],,,,"spotify, distribution, reinventing, audio, industry, transforming, people, discover, engage, music, podcasts, plays","At Spotify, we’re reinventing the audio industry by transforming how people discover, experience, and engage with music and podcasts. Our Distribution Partnerships team plays a key role in that journey by building and growing strategic partnerships that help drive user acquisition, engagement, and retention through partner distribution channels and marketing initiatives. As a Strategic Partner Manager, you’ll help shape and grow some of Spotify’s most important strategic partnerships in India. …"
no,,,56,Strategic Alliances,https://www.pay1.in/,"Mumbai, Maharashtra",https://www.adzuna.in/details/1428739576?utm_medium=api&utm_source=195aa6d0,33,51,46,borderline,0.08,0/0,,"[{""need"": ""strategic alliances"", ""gain"": 1}, {""need"": ""founded"", ""gain"": 1}, {""need"": ""pay1 empowers"", ""gain"": 1}, {""need"": ""empowers neighbourhood"", ""gain"": 1}, {""need"": ""neighbourhood retail"", ""gain"": 1}]",,"{""skill_match"": 0.29, ""experience_fit"": 0.85, ""domain"": 0.25, ""education"": 1.0, ""achievement"": 0.8571, ""trajectory"": 1.0}",adzuna,aggregator,200000,300000,2020-01-30T16:29:37Z,,,,[],[],[],[],[],[],,,,"pay1, retail, founded, empowers, neighbourhood, businesses, micro-entrepreneurs, adding, revenues, streams, providing, access","Company Profile: ""Founded in 2012, Pay1 empowers neighbourhood retail businesses & micro-entrepreneurs by adding revenues streams and providing them access to new products, credit and technology. With a network of 300k merchants spread across 350 cities in India, Pay1 is at the forefront of combining retail, finance, travel and consumer technology to create an integrated business ecosystem unique to the Indian markets. The platform has a wide array of distinguished services such as Digital Paym…"
no,,,56,Program Manager,Peopleclick Techno Solutions Pvt.ltd,"Bangalore, Karnataka",https://www.adzuna.in/details/5577423398?utm_medium=api&utm_source=195aa6d0,34,66,46,borderline,0.08,0/0,,"[{""need"": ""program manager"", ""gain"": 1}, {""need"": ""complex technical programs"", ""gain"": 1}, {""need"": ""tpm"", ""gain"": 1}, {""need"": ""deliver high-impact initiatives"", ""gain"": 1}, {""need"": ""scope"", ""gain"": 1}]",,"{""skill_match"": 0.3443, ""experience_fit"": 0.85, ""domain"": 0, ""education"": 1.0, ""achievement"": 1, ""trajectory"": 1.0}",adzuna,aggregator,2000000,6000000,2026-01-10T10:33:46Z,,,,[],[],[],[],[],[],,,,"program, scope, experienced, complex, programs, collaborate, plan, execute, deliver, high-impact, initiatives, tracking","We are looking for an experienced Program Manager to lead end-to-end delivery of complex technical programs. The TPM will collaborate with engineering, product, QA, DevOps, and business teams to plan, execute, and deliver high-impact initiatives on time and within scope. Responsibilities Own program planning, execution, tracking, and delivery Translate business requirements into technical scope and milestones Work closely with engineering teams (Backend, Frontend, Mobile, QA, Cloud, Security) M…"
no,,,56,Product Manager Growth,Qrata,"Bangalore, Karnataka",https://www.adzuna.in/details/4514376872?utm_medium=api&utm_source=195aa6d0,36,41,50,borderline,0.14,0/0,,"[{""need"": ""creativity"", ""gain"": 2}, {""need"": ""problems"", ""gain"": 2}, {""need"": ""ways"", ""gain"": 2}, {""need"": ""discipline"", ""gain"": 2}, {""need"": ""boldness"", ""gain"": 2}]",,"{""skill_match"": 0.3618, ""experience_fit"": 0.85, ""domain"": 0, ""education"": 1.0, ""achievement"": 1, ""trajectory"": 1.0}",adzuna,aggregator,2000000,4000000,2024-01-07T15:08:16Z,,,,[],[],[],[],[],[],,,,"creativity, problems, ways, discipline, make, boldness, experiment, innovative, ideas, accelerating, delivering, delightful","We are looking for a Product Manager who has the creativity to look at problems in new ways, the discipline to make decisions based on data, and the boldness to experiment with innovative ideas. As our Product Manager, you are accelerating growth by delivering delightful experiences to customers Why this role is unique ● Blank canvas: you'll be one of the founding members of our Growth team and help lay the foundation for what we work on and how the team operates ● Massive impact and visibility…"
no,,,56,"Product Manager, Growth",Sarvam,"Bangalore, Karnataka",https://www.adzuna.in/details/5750987598?utm_medium=api&utm_source=195aa6d0,33,46,46,borderline,0.08,0/0,,"[{""need"": ""sarvam sarvam"", ""gain"": 1}, {""need"": ""bedrock"", ""gain"": 1}, {""need"": ""sovereign ai"", ""gain"": 1}, {""need"": ""full-stack sovereign"", ""gain"": 1}, {""need"": ""singular focus"", ""gain"": 1}]",,"{""skill_match"": 0.3427, ""experience_fit"": 0.85, ""domain"": 0, ""education"": 1.0, ""achievement"": 1, ""trajectory"": 1.0}",adzuna,aggregator,,,2026-06-04T02:19:53Z,,,,[],[],[],[],[],[],,,,"sarvam, sovereign, bedrock, developing, full-stack, models, singular, focus, making, genuinely, works, enterprises","About Sarvam Sarvam is building the bedrock of Sovereign AI for India. The company is developing India’s full-stack sovereign AI platform, building across research, models, infrastructure and applications with a singular focus on making AI genuinely work for India. Sarvam works with leading enterprises and public institutions and is backed by Lightspeed, Peak XV, and Khosla Ventures. Sarvam partners with India’s leading brands, including Tata Capital, SBI Life, CRED, IDFC, and LIC. About the Ro…"
no,,,55,Product Manager/Associate Product Manager,Toppr,"Mumbai, Maharashtra",https://www.adzuna.in/details/4801554331?utm_medium=api&utm_source=195aa6d0,39,44,44,borderline,0.08,0/0,,"[{""need"": ""product manager/associate"", ""gain"": 1}, {""need"": ""manager/associate product"", ""gain"": 1}, {""need"": ""manager pms"", ""gain"": 1}, {""need"": ""mini-ceos"", ""gain"": 1}, {""need"": ""coordinate marketing"", ""gain"": 1}]",,"{""skill_match"": 0.36, ""experience_fit"": 0.85, ""domain"": 0, ""education"": 1.0, ""achievement"": 0.8571, ""trajectory"": 1.0}",adzuna,aggregator,,,2024-07-31T03:15:05Z,,,,[],[],[],[],[],[],,,,"customer, mini-ceos, coordinate, service, launch, feaures, managers, understands, average, involve, sketching, ideas","PMs are like mini-CEOs for their products. They coordinate marketing, engineering and customer service team to ensure launch of new products and feaures. Product managers understands the customer and market. As an Associate Product Manager , your average day will involve sketching product ideas, tracking progress on multiple projects, analyzing customer usage data to identify next oppotunities, speaking to customers and simply being awesome. You will receive mentoring from seasoned product mana…"
no,,,55,Senior Product Manager,Brahma,"Bangalore, Karnataka",https://www.adzuna.in/details/5722067118?utm_medium=api&utm_source=195aa6d0,40,71,44,borderline,0.08,0/0,,"[{""need"": ""senior product"", ""gain"": 2}, {""need"": ""manager description"", ""gain"": 2}, {""need"": ""ml-powered products"", ""gain"": 2}, {""need"": ""creating high-fidelity"", ""gain"": 2}, {""need"": ""high-fidelity audiovisual"", ""gain"": 2}]",,"{""skill_match"": 0.3642, ""experience_fit"": 0.85, ""domain"": 0, ""education"": 1.0, ""achievement"": 0.8571, ""trajectory"": 1.0}",adzuna,aggregator,,,2026-05-08T02:12:05Z,,,,[],[],[],[],[],[],,,,"vision, description, senior, ml-powered, creating, high-fidelity, audiovisual, artificial, bridging, intersection, innovation, ideation","Description The Senior Product Manager will drive the development and execution of ML-powered products for creating high-fidelity audiovisual artificial content, bridging the intersection of business strategy, user experience, and technical innovation. You will lead product development from ideation to launch, ensuring alignment with business goals and market needs while integrating cutting-edge generative AI. Key Responsibilities Product Strategy & Vision Define and communicate product vision,…"
no,,,55,Senior Manager FI Partnerships,Qrata,"Mumbai, Maharashtra",https://www.adzuna.in/details/4514376046?utm_medium=api&utm_source=195aa6d0,30,52,44,borderline,0.08,0/0,,"[{""need"": ""senior manager"", ""gain"": 1}, {""need"": ""close coordination"", ""gain"": 1}, {""need"": ""senior management"", ""gain"": 1}, {""need"": ""pitch"", ""gain"": 1}, {""need"": ""collateral"", ""gain"": 1}]",,"{""skill_match"": 0.3508, ""experience_fit"": 0.85, ""domain"": 0, ""education"": 1.0, ""achievement"": 0.8571, ""trajectory"": 1.0}",adzuna,aggregator,,,2024-01-07T15:07:43Z,,,,[],[],[],[],[],[],,,,"presentations, financial, close, coordination, senior, targets, develop, pitch, collateral, supporting, material, adequately","Work in close coordination with senior management to define strategy and targets for FI Partnerships Develop the pitch, collateral, presentations and other supporting material to adequately demonstrate risk/reward for the Financial Institution partners Generate leads pipeline (inbound and outbound) and implementation plan Lead and prepare presentations to Financial Institutions End to end management of the process for acquiring partners for the platform including conclusion of commercials, lega…"
no,,,55,Manager - Brand Alliances & Strategic Partnerships,Belhem India Pvt Ltd,"Vakola, Mumbai",https://www.adzuna.in/details/5794336694?utm_medium=api&utm_source=195aa6d0,29,52,44,borderline,0.08,0/0,,"[{""need"": ""brand alliances"", ""gain"": 2}, {""need"": ""alliances strategic"", ""gain"": 2}, {""need"": ""fmcg brands"", ""gain"": 2}, {""need"": ""beverage"", ""gain"": 2}, {""need"": ""liquor brands"", ""gain"": 2}]",,"{""skill_match"": 0.33, ""experience_fit"": 0.85, ""domain"": 0, ""education"": 1.0, ""achievement"": 1, ""trajectory"": 1.0}",adzuna,aggregator,1700000,2000000,2026-07-09T22:35:14Z,,,,[],[],[],[],[],[],,,,"brands, fmcg, beverage, liquor, effective, clients, companies, outlet, promotions, play, integral, pitches","Drive partnerships with FMCG brands, beverage companies, and liquor brands for outlet visibility and promotions Play an integral role in new business pitches and hold responsibility for the effective on-boarding of new clients. Focus on growth and development of existing clients, together with generating new business Driving revenue through various channels. Tie up with FMCG / Liquor / Beverage brands. Develop and implement an effective annual marketing plan and budget. Review the same every qu…"
no,,,55,Growth Manager,r3 Consultant,"Bangalore, Karnataka",https://www.adzuna.in/details/5602653093?utm_medium=api&utm_source=195aa6d0,34,57,44,borderline,0.08,0/0,,"[{""need"": ""growth manager title"", ""gain"": 2}, {""need"": ""marketing location"", ""gain"": 2}, {""need"": ""bengaluru"", ""gain"": 2}, {""need"": ""office"", ""gain"": 2}, {""need"": ""function"", ""gain"": 2}]",,"{""skill_match"": 0.3317, ""experience_fit"": 0.85, ""domain"": 0, ""education"": 1.0, ""achievement"": 1, ""trajectory"": 1.0}",adzuna,aggregator,1500000,1500000,2026-01-28T07:06:44Z,,,,[],[],[],[],[],[],,,,"head, title, location, bengaluru, office, function, leadership, reports, owns, client, mandate, build","Title: Head of Marketing Location: Bengaluru (100% Work from Office) Function: Marketing Leadership – Growth & AWS GTM Reports to: CRO The Head of Marketing owns Client’s marketing strategy, execution, and performance, with a mandate to build a high-velocity, measurable demand engine aligned to AWS co-sell and co marketing motions. This role is both strategic and hands-on: setting direction, rolling up sleeves to execute campaigns and content, and tightly aligning with Sales, AWS Partner teams,…"
no,,,55,Product Management - Product Growth Manager - Agent,Paytm,"Bangalore, Karnataka",https://www.adzuna.in/details/5727212623?utm_medium=api&utm_source=195aa6d0,34,38,49,borderline,0.15,0/0,,"[{""need"": ""agent"", ""gain"": 1}, {""need"": ""paytm"", ""gain"": 1}, {""need"": ""leading mobile payments"", ""gain"": 1}, {""need"": ""financial services distribution"", ""gain"": 1}, {""need"": ""pioneer"", ""gain"": 1}]",,"{""skill_match"": 0.2442, ""experience_fit"": 1.0, ""domain"": 0, ""education"": 1.0, ""achievement"": 1, ""trajectory"": 1.0}",adzuna,aggregator,,,2026-05-13T02:10:58Z,,,,[],[],[],[],[],[],,,,"paytm, payments, mobile, financial, services, distribution, pioneer, revolution, builds, technologies, small, businesses","About Paytm: Paytm is India's leading mobile payments and financial services distribution company. Pioneer of the mobile QR payments revolution in India, Paytm builds technologies that help small businesses with payments and commerce. Paytm’s mission is to serve half a billion Indians and bring them to the mainstream economy with the help of technology. Skills that will help you succeed in this role - 3–6 years of core Product Management experience, specifically within high-growth consumer or p…"
no,,,55,Product Owner,Merkle Science,"Bangalore, Karnataka",https://www.adzuna.in/details/5768786156?utm_medium=api&utm_source=195aa6d0,36,64,48,borderline,0.14,0/0,,"[{""need"": ""product owner"", ""gain"": 1}, {""need"": ""exciting"", ""gain"": 1}, {""need"": ""challenging"", ""gain"": 1}, {""need"": ""global technology"", ""gain"": 1}, {""need"": ""global commercial"", ""gain"": 1}]",,"{""skill_match"": 0.3583, ""experience_fit"": 0.85, ""domain"": 0, ""education"": 1.0, ""achievement"": 0.8571, ""trajectory"": 1.0}",adzuna,aggregator,,,2026-06-19T07:20:20Z,,,,[],[],[],[],[],[],,,,"global, exciting, challenging, commercial, function, dentsu, service, lines, markets, focus, handle, needs","This is an exciting and challenging opportunity for a Global Technology Product Manager to join the Global Commercial Platforms function. Working within Dentsu Service Lines Primary Markets, the key focus will be to handle the business needs and demand management of the Global Stakeholders. In this role, the Product Owner will assist in the planning and management of the implementation of various solutions within the portfolio. They will be working with a team of other Product Managers and Arch…"
no,,,55,Product Owner,Digital Twin,"Pune, Maharashtra",https://www.adzuna.in/details/5696953062?utm_medium=api&utm_source=195aa6d0,41,55,44,borderline,0.08,0/0,,"[{""need"": ""product owner key"", ""gain"": 2}, {""need"": ""convert"", ""gain"": 2}, {""need"": ""user stories/ detailed"", ""gain"": 2}, {""need"": ""guidance"", ""gain"": 2}, {""need"": ""deliver outcomes"", ""gain"": 2}]",,"{""skill_match"": 0.3506, ""experience_fit"": 0.85, ""domain"": 0, ""education"": 1.0, ""achievement"": 0.8571, ""trajectory"": 1.0}",adzuna,aggregator,,,2026-04-12T02:10:08Z,,,,[],[],[],[],[],[],,,,"stories, roles, convert, these, guidance, deliver, outcomes, align, objectives, analyze, preferences, requests",Key roles & responsibilities: ● Work with the Product Manager to convert the Product Roadmap into User stories/ detailed requirements. Prioritize these (with guidance from the Product Manager) to deliver outcomes that align with the company's objectives and strategy. ● Analyze preferences and requests of end-users and work with the Product Manager to prioritize them. ● Ensure that the user stories/ detailed requirements are clearly understood by the development team. ● Support the developers wi…
no,,,54,Product Manager,Shriram Properties Limited,"Bangalore, Karnataka",https://www.adzuna.in/details/5796402990?utm_medium=api&utm_source=195aa6d0,40,61,41,borderline,0.08,0/0,,"[{""need"": ""manager shriram"", ""gain"": 1}, {""need"": ""shriram properties"", ""gain"": 1}, {""need"": ""properties infrastructure"", ""gain"": 1}, {""need"": ""infrastructure private"", ""gain"": 1}, {""need"": ""private limited"", ""gain"": 1}]",,"{""skill_match"": 0.3242, ""experience_fit"": 0.85, ""domain"": 0, ""education"": 1.0, ""achievement"": 0.8571, ""trajectory"": 1.0}",adzuna,aggregator,,,2026-07-11T07:17:07Z,,,,[],[],[],[],[],[],,,,"shriram, properties, private, limited, dynamic, embark, rewarding, career, conducting, identify, opportunities, understand","SHRIRAM PROPERTIES & INFRASTRUCTURE PRIVATE LIMITED is looking for AM / DM / Manager - Product to join our dynamic team and embark on a rewarding career journey Conducting market research and analysis to identify opportunities and understand customer needs Defining product vision, strategy, and roadmap, in alignment with company goals Collaborating with cross-functional teams, such as engineering, design, and sales, to bring products to market Managing the product lifecycle, from ideation to la…"
no,,,54,Senior Product Manager,Choice Tech Labs,"Mumbai, Maharashtra",https://www.adzuna.in/details/4606790832?utm_medium=api&utm_source=195aa6d0,36,57,41,borderline,0.08,0/0,,"[{""need"": ""senior product"", ""gain"": 1}, {""need"": ""steady execution"", ""gain"": 1}, {""need"": ""product life"", ""gain"": 1}, {""need"": ""life cycle"", ""gain"": 1}, {""need"": ""cycle processes"", ""gain"": 1}]",,"{""skill_match"": 0.2917, ""experience_fit"": 0.85, ""domain"": 0, ""education"": 1.0, ""achievement"": 1, ""trajectory"": 1.0}",adzuna,aggregator,600000,1000000,2024-03-14T15:43:27Z,,,,[],[],[],[],[],[],,,,"customer, steady, life, cycle, processes, idea, final, launch, gain, deep, understanding, identify","Role/ Responsibilities: Design and own product roadmap. Ensure steady execution of product life cycle processes from idea to final launch. Gain a deep understanding of customer experience, identify and fill product gaps and generate new ideas that grow market share, improve customer experience and drive growth Create buy-in for the product vision both internally and with key external partners Translate product strategy into detailed requirements and prototypes Scope and prioritize activities ba…"
no,,,54,Business Analyst,IRIS BUSINESS SERVICES LIMITED,"Navi Mumbai, Maharashtra",https://www.adzuna.in/details/2583051695?utm_medium=api&utm_source=195aa6d0,31,56,44,borderline,0.12,0/0,,"[{""need"": ""business analyst"", ""gain"": 1}, {""need"": ""title"", ""gain"": 1}, {""need"": ""range"", ""gain"": 1}, {""need"": ""vashi"", ""gain"": 1}, {""need"": ""navi mumbai"", ""gain"": 1}]",,"{""skill_match"": 0.25, ""experience_fit"": 1.0, ""domain"": 0, ""education"": 1.0, ""achievement"": 0.8571, ""trajectory"": 1.0}",adzuna,aggregator,,600000,2021-10-27T08:24:59Z,,,,[],[],[],[],[],[],,,,"software, title, analyst, range, location, vashi, navi, roles, conduct, gathering, logical, external","Job Title : Business Analyst Experience Range - 2 to 6 years Location : Vashi - Navi Mumbai Roles and Responsibilities : - Conduct requirements gathering, analysis, planning, and logical design of a software product by working with internal and external stakeholders - Gather business/ functional requirements from the clients and create user stories and work closely with technology teams to get it developed - Understand the Software Development Life Cycle and develop an understanding of current …"
no,,,54,Manager - Partnerships,Unnati,"Bangalore, Karnataka",https://www.adzuna.in/details/2427499952?utm_medium=api&utm_source=195aa6d0,31,53,46,borderline,0.14,0/0,,"[{""need"": ""interested"", ""gain"": 1}, {""need"": ""joining"", ""gain"": 1}, {""need"": ""purpose-driven community"", ""gain"": 1}, {""need"": ""dedicated"", ""gain"": 1}, {""need"": ""creating ambitious"", ""gain"": 1}]",,"{""skill_match"": 0.205, ""experience_fit"": 0.85, ""domain"": 0.25, ""education"": 1.0, ""achievement"": 1, ""trajectory"": 1.0}",adzuna,aggregator,,1200000,2021-09-03T01:56:13Z,,,,[],[],[],[],[],[],,,,"interested, joining, purpose-driven, community, dedicated, creating, ambitious, inclusive, workplaces, startup, world-class, revolutionary","If you are interested in joining a purpose-driven community that is dedicated to creating ambitious and inclusive workplaces, then be a part of a high growth startup with a world-class team, building a revolutionary product Our client is a vertical fintech play focused on solving industry-specific financing gaps in the food sector through the application of data. The platform provides skin-in-the-game growth capital to much-loved F&B brands. Founded in 2019, they’re VC funded and based out of S…"
no,,,54,Banking / Financial Institution Alliances - Manager/ Sr. Manager,Kredx,"Mumbai, Maharashtra",https://www.adzuna.in/details/5808145172?utm_medium=api&utm_source=195aa6d0,29,38,46,borderline,0.15,0/0,,"[{""need"": ""banking"", ""gain"": 1}, {""need"": ""financial institution alliances"", ""gain"": 1}, {""need"": ""description manager"", ""gain"": 1}, {""need"": ""senior manager"", ""gain"": 1}, {""need"": ""manager financial"", ""gain"": 1}]",,"{""skill_match"": 0.1592, ""experience_fit"": 1.0, ""domain"": 0.25, ""education"": 1.0, ""achievement"": 0.8571, ""trajectory"": 1.0}",adzuna,aggregator,,,2026-07-20T19:01:26Z,,,,[],[],[],[],[],[],,,,"financial, alliances, kredx, description, senior, institution, investor, relations, vertical, focuses, acquiring, managing","Job Description Manager / Senior Manager – Financial Institution Alliances | KredX - DTX (3-5 Years of Experience) About the Role: The Investor Relations & Alliances vertical focuses on acquiring, managing, and growing partnerships with leading Financial Institutions—Banks, NBFCs, and other debt providers—to support KredX’s rapidly growing portfolio of supply chain finance and invoice discounting solutions. The role is critical in building deep, trust-based relationships with lenders, driving p…"
no,,,54,Senior Program Manager,Velotic,"Pune, Maharashtra",https://www.adzuna.in/details/5795914240?utm_medium=api&utm_source=195aa6d0,36,60,67,competitive,0.44,3/6,"release activities, accounted, documented releas","[{""need"": ""release activities"", ""gain"": 2}, {""need"": ""accounted"", ""gain"": 2}, {""need"": ""documented releas"", ""gain"": 2}, {""need"": ""senior program manager"", ""gain"": 1}, {""need"": ""description"", ""gain"": 1}]",,"{""skill_match"": 0.3378, ""experience_fit"": 0.85, ""domain"": 0, ""education"": 1.0, ""achievement"": 0.8571, ""trajectory"": 1.0}",adzuna,aggregator,,,2026-07-11T00:49:56Z,,,,[],[],[],[],[],[],,,,"program, description, leadership, director, hiring, principal, contractor, facilitate, least, critical, responsible, dependency","Job Description ROLE SUMMARY Under the leadership of the Director of Program Management, we are hiring a Principal Program Manager Contractor to facilitate release management and project management for at least one product. This role is critical to our 2026 releases and will be responsible for dependency management, risk management, and on-time delivery of projects. KEY RESPONSIBILITIES Ensure all required release activities are on time, on track, and accounted for through our documented releas…"
no,,,54,"Partner Growth Manager, Amazon Music, India",ASSPL - Maharashtra,"Mumbai, Maharashtra",https://www.adzuna.in/details/5670408268?utm_medium=api&utm_source=195aa6d0,31,47,46,borderline,0.14,0/0,,"[{""need"": ""amazon music"", ""gain"": 1}, {""need"": ""passionate"", ""gain"": 1}, {""need"": ""music"", ""gain"": 1}, {""need"": ""entertainment"", ""gain"": 1}, {""need"": ""building creative constructs"", ""gain"": 1}]",,"{""skill_match"": 0.29, ""experience_fit"": 0.85, ""domain"": 0, ""education"": 1.0, ""achievement"": 1, ""trajectory"": 1.0}",adzuna,aggregator,,,2026-03-18T11:39:35Z,,,,[],[],[],[],[],[],,,,"music, creative, amazon, passionate, entertainment, constructs, seeking, develop, execute, initiatives, various, categories","Are you passionate about music, entertainment, and building creative constructs with partners? Amazon Music is seeking a Partnership Growth Manager to develop and execute initiatives across various partnership categories. This role will work closely with internal teams and external partners to drive new audience growth and awareness for Amazon Music's products and services. For someone to be successful in this role, they need to embody the following: Creative Problem Solver: They must be an inn…"
no,,,54,Product Owner,Finastra Technology,"Bangalore, Karnataka",https://www.adzuna.in/details/5752298112?utm_medium=api&utm_source=195aa6d0,27,44,41,borderline,0.08,0/0,,"[{""need"": ""product owner"", ""gain"": 2}, {""need"": ""finastra"", ""gain"": 2}, {""need"": ""global leader"", ""gain"": 2}, {""need"": ""financial services software"", ""gain"": 2}, {""need"": ""dedicated"", ""gain"": 2}]",,"{""skill_match"": 0.2483, ""experience_fit"": 0.85, ""domain"": 0.25, ""education"": 1.0, ""achievement"": 0.8571, ""trajectory"": 1.0}",adzuna,aggregator,,,2026-06-05T02:29:44Z,,,,[],[],[],[],[],[],,,,"finastra, financial, services, universal, banking, global, leader, software, dedicated, expanding, access, industry","Who are we? At Finastra, we’re a global leader in financial services software, dedicated to expanding access to financial services and shaping what’s next for the industry. Our technology powers mission‑critical solutions across Lending, Payments and Universal Banking, supporting over 7,000 customers, including 80% of the world’s top 50 banks, in more than 110 countries. Disclaimer- Finastra has signed an agreement to sell its Universal Banking business to Pollen Street Capital, with completion…"
no,,,54,Senior Product Owner,Trintech Solutions,"Bangalore, Karnataka",https://www.adzuna.in/details/5801742392?utm_medium=api&utm_source=195aa6d0,37,48,41,borderline,0.08,0/0,,"[{""need"": ""senior product"", ""gain"": 2}, {""need"": ""product owner"", ""gain"": 2}, {""need"": ""owner description"", ""gain"": 2}, {""need"": ""description trintech"", ""gain"": 2}, {""need"": ""award-winning ai-driven"", ""gain"": 2}]",,"{""skill_match"": 0.25, ""experience_fit"": 0.85, ""domain"": 0.25, ""education"": 1.0, ""achievement"": 0.8571, ""trajectory"": 1.0}",adzuna,aggregator,,,2026-07-16T03:22:08Z,,,,[],[],[],[],[],[],,,,"description, trintech, award-winning, saas, transforming, organisations, automate, financial, close, senior, owner, focused","Description Trintech is an award-winning AI-driven FinTech SaaS company transforming how organisations automate their financial close. We're looking for a Senior Product Owner to join our AI Platform team. This is a strategic platform role focused on the shared capabilities that power every AI agent across our products. As our AI ecosystem grows, this role will ensure the platform remains consistent, scalable and easy for product teams to build on. You'll own the platform capability roadmap and…"
no,,,54,Senior Product Owner,Finastra Technology,"Pune, Maharashtra",https://www.adzuna.in/details/5805397750?utm_medium=api&utm_source=195aa6d0,27,39,41,borderline,0.08,0/0,,"[{""need"": ""senior product owner"", ""gain"": 2}, {""need"": ""finastra"", ""gain"": 2}, {""need"": ""global leader"", ""gain"": 2}, {""need"": ""financial services software"", ""gain"": 2}, {""need"": ""dedicated"", ""gain"": 2}]",,"{""skill_match"": 0.2483, ""experience_fit"": 0.85, ""domain"": 0.25, ""education"": 1.0, ""achievement"": 0.8571, ""trajectory"": 1.0}",adzuna,aggregator,,,2026-07-18T03:28:07Z,,,,[],[],[],[],[],[],,,,"financial, services, finastra, global, leader, software, dedicated, expanding, access, industry, powers, mission","Who are we? At Finastra, we’re a global leader in financial services software, dedicated to expanding access to financial services and shaping what’s next for the industry. Our technology powers mission‑critical solutions across Lending, Payments and Universal Banking, supporting over 7,000 customers, including 80% of the world’s top 50 banks, in more than 110 countries. We are seeking a Senior Product Owner ( Technical ) for our Postgres migration program . This role requires a unique blend of…"
no,,,53,Product Manager,Innova solutinos,"Bangalore, Karnataka",https://www.adzuna.in/details/5817919059?utm_medium=api&utm_source=195aa6d0,42,57,39,borderline,0.08,0/0,,"[{""need"": ""bms/hvac expertise"", ""gain"": 2}, {""need"": ""bms"", ""gain"": 2}, {""need"": ""hvac systems"", ""gain"": 2}, {""need"": ""iot communication"", ""gain"": 2}, {""need"": ""exceptional communication"", ""gain"": 2}]",,"{""skill_match"": 0.3111, ""experience_fit"": 0.85, ""domain"": 0, ""education"": 1.0, ""achievement"": 0.8571, ""trajectory"": 1.0}",adzuna,aggregator,,,2026-07-28T07:45:00Z,,,,[],[],[],[],[],[],,,,"communication, bms/hvac, expertise, hvac, exceptional, particularly, negotiations, presentations, customer-facing, client, interactions, customer","Primary Skills : BMS/HVAC Expertise : Strong Knowledge of Building Management Systems (BMS) / HVAC systems / IOT Communication Skills : Exceptional communication skills (particularly for negotiations and presentations). Customer-Facing Experience: Strong experience in client interactions and customer engagement. Secondary Skills : Product Management Experience : Proven experience in product management, including product launches and stakeholder coordination. Content Creation Skills : Ability to…"
no,,,53,Product Manager,Multi Recruit,"Bangalore, Karnataka",https://www.adzuna.in/details/2853928134?utm_medium=api&utm_source=195aa6d0,41,55,39,borderline,0.08,0/0,,"[{""need"": ""manager proven"", ""gain"": 1}, {""need"": ""proven track"", ""gain"": 1}, {""need"": ""aspects"", ""gain"": 1}, {""need"": ""successful product throughout"", ""gain"": 1}, {""need"": ""lifecycle proven"", ""gain"": 1}]",,"{""skill_match"": 0.3048, ""experience_fit"": 0.85, ""domain"": 0, ""education"": 1.0, ""achievement"": 0.8571, ""trajectory"": 1.0}",adzuna,aggregator,400000,1000000,2022-01-30T04:34:29Z,,,,[],[],[],[],[],[],,,,"proven, record, managing, aspects, successful, develop, effectively, communicate, recommendations, executive, solid, background",Proven work experience in product management or as an associate product manager Proven track record of managing all aspects of a successful product throughout its lifecycle Proven ability to develop product and marketing strategies and effectively communicate recommendations to executive management Solid technical background with understanding and/or hands-on experience in software development and web technologies Strong problem-solving skills and willingness to roll up one’s sleeves to get the…
no,,,53,Senior Product Manager,r3 Consultant,"Bangalore, Karnataka",https://www.adzuna.in/details/5628986503?utm_medium=api&utm_source=195aa6d0,37,52,39,borderline,0.08,0/0,,"[{""need"": ""description"", ""gain"": 2}, {""need"": ""senior product"", ""gain"": 2}, {""need"": ""manager location"", ""gain"": 2}, {""need"": ""kalyan nagar"", ""gain"": 2}, {""need"": ""bangalore"", ""gain"": 2}]",,"{""skill_match"": 0.32, ""experience_fit"": 0.85, ""domain"": 0, ""education"": 1.0, ""achievement"": 0.8571, ""trajectory"": 1.0}",adzuna,aggregator,30,50,2026-02-14T08:30:27Z,,,,[],[],[],[],[],[],,,,"senior, please, consider, description, location, kalyan, nagar, bangalore, relocation, notice, period, immediate","Job Description Role: Senior Product Manager Location: Kalyan Nagar, Bangalore (please don't consider relocation) Notice Period: Immediate to 30 days Note- Please don't consider JNTU candidates We are looking for a Senior Product Manager to lead the strategy, development, and lifecycle management of core products in the travel and hospitality domain. This role requires strong market awareness, customer understanding, and the ability to drive product initiatives from ideation to execution. You w…"
no,,,53,Senior Product Manager,Zendesk,"Pune, Maharashtra",https://www.adzuna.in/details/5746738305?utm_medium=api&utm_source=195aa6d0,35,45,39,borderline,0.08,0/0,,"[{""need"": ""description"", ""gain"": 1}, {""need"": ""kind"", ""gain"": 1}, {""need"": ""product leader"", ""gain"": 1}, {""need"": ""gets energy"", ""gain"": 1}, {""need"": ""turning"", ""gain"": 1}]",,"{""skill_match"": 0.2664, ""experience_fit"": 0.85, ""domain"": 0, ""education"": 1.0, ""achievement"": 1, ""trajectory"": 1.0}",adzuna,aggregator,,,2026-06-01T02:31:07Z,,,,[],[],[],[],[],[],,,,"experiences, description, kind, leader, gets, energy, turning, great, product-led, actually, moved, needle","Job Description Are you the kind of product leader who gets energy from turning a great product into a growth engine? If you've built product-led experiences that actually moved the needle on revenue and retention and you want to do it at scale, in a role that sits at the heart of company strategy, this is your opportunity. We're looking for a Senior Product Manager who will architect the experiences that bring customers in, help them succeed, and grow with us, making our product the primary dr…"
no,,,53,Senior Product Manager,Fam,"Bangalore, Karnataka",https://www.adzuna.in/details/5488126430?utm_medium=api&utm_source=195aa6d0,32,42,39,borderline,0.08,0/0,,"[{""need"": ""fam"", ""gain"": 2}, {""need"": ""previously fampay"", ""gain"": 2}, {""need"": ""first payments app"", ""gain"": 2}, {""need"": ""everyone above"", ""gain"": 2}, {""need"": ""famapp helps"", ""gain"": 2}]",,"{""skill_match"": 0.2285, ""experience_fit"": 0.85, ""domain"": 0.25, ""education"": 1.0, ""achievement"": 0.8571, ""trajectory"": 1.0}",adzuna,aggregator,,,2025-11-09T16:15:45Z,,,,[],[],[],[],[],[],,,,"payments, experiences, fampay, first, everyone, above, famapp, helps, make, online, offline, famcard","About Fam (previously FamPay) Fam is India’s first payments app for everyone above 11. FamApp helps make online and offline payments through UPI and FamCard. We are on a mission to raise a new, financially aware generation, and drive 250 million young users in India to kickstart their financial journey super early in their life. We’re reimagining how the next generation experiences fintech—going beyond payments to build a lifestyle brand that blends money, identity, and everyday experiences int…"
no,,,53,Business Analyst,Amukha Technologies Private Limited,"Mumbai, Maharashtra",https://www.adzuna.in/details/5766551671?utm_medium=api&utm_source=195aa6d0,32,44,43,borderline,0.14,0/0,,"[{""need"": ""business analyst"", ""gain"": 2}, {""need"": ""description"", ""gain"": 2}, {""need"": ""highly"", ""gain"": 2}, {""need"": ""extremely motivated"", ""gain"": 2}, {""need"": ""passionate"", ""gain"": 2}]",,"{""skill_match"": 0.3082, ""experience_fit"": 0.85, ""domain"": 0, ""education"": 1.0, ""achievement"": 0.8571, ""trajectory"": 1.0}",adzuna,aggregator,600000,1200000,2026-06-17T14:39:26Z,,,,[],[],[],[],[],[],,,,"description, analyst, highly, skilled, extremely, motivated, passionate, elicit, analyze, specify, needs, collaborate","Job Description & Responsibilities : We are looking for a Business Analyst who is highly skilled to join and be part of an extremely motivated and passionate team, who can: · Elicit, analyze, specify, and validate the business needs of stakeholders, be they customers or end users. · Collaborate with project sponsors to determine project scope and vision. · Perform requirements analysis. · Work with stakeholders and project team to prioritize collected requirements. · Develops and utilizes stand…"
no,,,53,Senior Business Analyst,Swiggy,"Bangalore, Karnataka",https://www.adzuna.in/details/5783689703?utm_medium=api&utm_source=195aa6d0,27,36,39,borderline,0.08,0/0,,"[{""need"": ""senior business"", ""gain"": 1}, {""need"": ""business analyst"", ""gain"": 1}, {""need"": ""analyst mandate"", ""gain"": 1}, {""need"": ""office"", ""gain"": 1}, {""need"": ""swiggy founded"", ""gain"": 1}]",,"{""skill_match"": 0.2733, ""experience_fit"": 0.85, ""domain"": 0, ""education"": 1.0, ""achievement"": 1, ""trajectory"": 1.0}",adzuna,aggregator,,,2026-07-01T18:17:40Z,,,,[],[],[],[],[],[],,,,"swiggy, mandate, days, office, founded, tech-driven, on-demand, vision, elevate, life, urban, offering","Mandate : 3 days work from office. About Swiggy Founded in 2014, Swiggy is India’s leading tech-driven on-demand delivery platform with a vision to elevate the quality of life for the urban consumer by offering unparalleled convenience. The platform is engineered to connect millions of consumers with hundreds of thousands of restaurants and stores across 500 cities. Our phenomenal growth has come on the back of great technology, incredible innovation and sound decision-making. The Analytics tea…"
no,,,53,Alliance Executive,InstaWeb Labs Pvt Ltd,"Mumbai, Maharashtra",https://www.adzuna.in/details/5528744243?utm_medium=api&utm_source=195aa6d0,31,41,39,borderline,0.08,0/0,,"[{""need"": ""alliance executive"", ""gain"": 2}, {""need"": ""hiring"", ""gain"": 2}, {""need"": ""websites.co.in"", ""gain"": 2}, {""need"": ""million businesses"", ""gain"": 2}, {""need"": ""minutes"", ""gain"": 2}]",,"{""skill_match"": 0.275, ""experience_fit"": 0.85, ""domain"": 0, ""education"": 1.0, ""achievement"": 1, ""trajectory"": 1.0}",adzuna,aggregator,300000,450000,2025-12-05T06:40:27Z,,,,[],[],[],[],[],[],,,,"hiring, alliance, executive, websites.co.in, million, businesses, websites, minutes, expand, reach, unlock, build","We’re hiring an Alliance Executive for Websites.co.in, a platform used by over 5 million businesses to create their websites in minutes. You will drive partnerships that expand our reach and unlock new growth channels. Your role: – Build and manage partnerships with SaaS companies, tech platforms, service providers, and integration partners – Create alliances with incubation centers, colleges, business networks, and startup communities – Identify new collaboration opportunities that can increas…"
no,,,53,Program Manager,Eaton Corporation,"Hadapsar, Pune",https://www.adzuna.in/details/5768997515?utm_medium=api&utm_source=195aa6d0,36,58,52,borderline,0.26,2/3,essential functions,"[{""need"": ""essential functions"", ""gain"": 3}, {""need"": ""program manager"", ""gain"": 2}, {""need"": ""primary function"", ""gain"": 2}, {""need"": ""successful execution"", ""gain"": 2}, {""need"": ""npd"", ""gain"": 2}]",,"{""skill_match"": 0.3184, ""experience_fit"": 0.85, ""domain"": 0, ""education"": 1.0, ""achievement"": 0.8571, ""trajectory"": 1.0}",adzuna,aggregator,,,2026-06-19T10:25:54Z,,,,[],[],[],[],[],[],,,,"program, customer, managing, function, responsible, successful, introduction, sustaining, projects, integrated, satisfaction, continuous","What you'll do: Primary Function Responsible for the successful execution of the NPD (New Product Development), NTI (New Technology Introduction) Project(s)/Program(s) and sustaining projects and their budget allocation. Lead the Integrated Product Team(s) to drive customer satisfaction, continuous improvement and life of the program financial performance by managing customer programs, contracts, and business relationships. Essential Functions - Managing the Lifecycle execution of the New Produ…"
no,,,53,Program Manager,ascendion,"Bangalore, Karnataka",https://www.adzuna.in/details/5796418113?utm_medium=api&utm_source=195aa6d0,36,68,39,borderline,0.08,0/0,,"[{""need"": ""program manager"", ""gain"": 2}, {""need"": ""highly driven"", ""gain"": 2}, {""need"": ""driven technical"", ""gain"": 2}, {""need"": ""tpm"", ""gain"": 2}, {""need"": ""connectivity programs"", ""gain"": 2}]",,"{""skill_match"": 0.3108, ""experience_fit"": 0.85, ""domain"": 0, ""education"": 1.0, ""achievement"": 0.8571, ""trajectory"": 1.0}",adzuna,aggregator,,,2026-07-11T07:22:33Z,,,,[],[],[],[],[],[],,,,"seeking, highly, driven, connectivity, programs, critical, multiple, tracks, disciplined, maintaining, standards, fleet","We are seeking a highly driven Technical Project Manager (TPM) to lead end-to-end delivery and release execution for Connectivity programs. This role is critical in ensuring seamless alignment across multiple engineering tracks, driving disciplined release management, and maintaining high quality standards across both NPI and Fleet initiatives. The TPM will operate at the intersection of engineering, program management, and leadership—ensuring that scope, priorities, risks, and dependencies are…"
no,,,53,Program Manager,Vendavo,"Bangalore, Karnataka",https://www.adzuna.in/details/5799811378?utm_medium=api&utm_source=195aa6d0,33,48,43,borderline,0.14,0/0,,"[{""need"": ""program manager"", ""gain"": 1}, {""need"": ""scale"", ""gain"": 1}, {""need"": ""does"", ""gain"": 1}, {""need"": ""focus"", ""gain"": 1}, {""need"": ""expanding"", ""gain"": 1}]",,"{""skill_match"": 0.2983, ""experience_fit"": 0.85, ""domain"": 0, ""education"": 1.0, ""achievement"": 0.8571, ""trajectory"": 1.0}",adzuna,aggregator,,,2026-07-14T15:10:18Z,,,,[],[],[],[],[],[],,,,"projects, scale, does, need, focus, expanding, services, joining, people-focused, program, hands, responsible","We’re a growing team, and as we scale, so does our need to focus on expanding our Professional Services team. You’ll be joining a people-focused company, and as a Program Manager, you will be in a hands‑on delivery role, responsible for managing B2B customer implementation and delivery projects from initiation through completion. You will work closely with customers, consultants, engineers, and global delivery teams to ensure projects are delivered on time, within scope, and within budget, whil…"
no,,,52,Product Manager : Data Platform,phonepe,Bangalore,https://job-boards.greenhouse.io/phonepe/jobs/7813734003,30,31,32,weak,0.02,0/0,,"[{""need"": ""phonepe limited"", ""gain"": 2}, {""need"": ""headquartered"", ""gain"": 2}, {""need"": ""flagship product"", ""gain"": 2}, {""need"": ""phonepe digital"", ""gain"": 2}, {""need"": ""digital payments"", ""gain"": 2}]",,"{""skill_match"": 0.163, ""experience_fit"": 0.86, ""domain"": 0.25, ""education"": 1.0, ""achievement"": 1, ""trajectory"": 1.0}",greenhouse,direct,,,2026-07-23T10:51:14-04:00,,,,[],[],[],[],[],[],,,,"nbsp, phonepe, insurance, benefits, developer, program, crore, scale, apis, assistance, payments, million","About PhonePe Limited: Headquartered in India, its flagship product, the PhonePe digital payments app, was launched in Aug 2016. As of April 2025, PhonePe has over 60 Crore (600 Million) registered users and a digital payments acceptance network spread across over 4 Crore (40+ million) merchants. PhonePe also processes over 33 Crore (330+ Million) transactions daily with an Annualized Total Payment Value (TPV) of over INR 150 lakh crore.&nbsp; &nbsp; PhonePe’s portfolio of businesses includes the distribution of financial products (Insurance,&nbsp;Lending, and Wealth) as well as new consumer tech businesses (Pincode - hyperlocal e-commerce and Indus AppStore Localized App Store for the Android ecosystem) in India,&nbsp;which are aligned with the company’s vision to offer every Indian an equal opportunity to&nbsp;accelerate their progress by unlocking the flow of money and access to services. &nbsp; Culture: At PhonePe, we go the extra mile to make sure you can bring your best self to work, Everyday!. And that starts with creating the right environment for you. We empower people and trust them to do the right&nbsp; thing. Here, you own your work from start to finish, right from day one. PhonePe-rs solve complex problems and execute quickly; often building frameworks from scratch. If you’re excited by the idea of building platforms that touch millions, ideating with some of&nbsp; the best minds in the country and executing on your dreams with purpose and speed, join us! About the Role: PhonePe's Data Platform powers India's largest consumer payments app at national scale—managing petabyte-scale infrastructure, batch/real-time pipelines, and developer tooling entirely on-premise. You'll build the core data infrastructure, tools, and internal products that enable hundreds of engineers, analysts, data scientists, and business teams to move faster. What You'll Do:&nbsp; Own product strategy , specs, and roadmaps for data platform components, APIs, and developer tools Synt"
no,,,52,Group Product Manager,meesho,"Bangalore, Karnataka",https://jobs.lever.co/meesho/d7924eb1-301e-4098-ab7b-f3a4c92c210a,32,35,36,borderline,0.08,0/0,,"[{""need"": ""meesho closely resembles"", ""gain"": 1}, {""need"": ""rapacious growth"", ""gain"": 1}, {""need"": ""because"", ""gain"": 1}, {""need"": ""obsess"", ""gain"": 1}, {""need"": ""carve"", ""gain"": 1}]",,"{""skill_match"": 0.2408, ""experience_fit"": 0.85, ""domain"": 0, ""education"": 1.0, ""achievement"": 1, ""trajectory"": 1.0}",lever,direct,,,1782726807097,,,,[],[],[],[],[],[],,,,"managers, love, meesho, because, obsess, driven, impact, senior, closely, resembles, rapacious, understanding","About the Team
 
Product Management in Meesho closely resembles our rapacious growth. Because we obsess over understanding customer behaviour, we’ve been able to carve out an e-commerce niche in Tier 2/3/4 towns in Bharat. Our business growth is testimony to a singular focus on how we think of ‘product’ for our unique customers - ones that have barely shopped online, but are now able to because of Meesho.
 
Fun fact: Nearly 5% of India’s households shop with us. 😉
 
As a Group Product Manager in our team, you will collaborate with Developers, Product Managers, Designers, Data Scientists, and Engineers. We are driven by a ‘user-first’ mindset. We have a strong bias for action. Above all, our PMs are driven by impact, not features. We drive ‘problem discovery’ & delivery - not only obsess over “what to build”, but execute with rigour to create impact.
 
But there’s more – we love to have fun as much as we love to work hard. From movie buffs, to sportspersons, we have a super cool team. So, if a game of badminton after a day of brainstorming at work sounds like something you would love to do, then join us!
 
About the Role
 
We are looking for the right person to lead our talented bunch of Product Managers, Senior Product Managers and Product Analysts. As our  Group Product Manager, you will further act as a cross-functional leader. You will influence senior stakeholders across teams such as Engineering, Design, Category Management, Marketing, Operations, and Finance to bring a new product to life."
no,,,52,Product Manager,Mobileware Technologies Pvt Ltd,"Mumbai, Maharashtra",https://www.adzuna.in/details/3821523305?utm_medium=api&utm_source=195aa6d0,41,58,41,borderline,0.14,0/0,,"[{""need"": ""profile summary"", ""gain"": 1}, {""need"": ""innovative"", ""gain"": 1}, {""need"": ""self-motivated product"", ""gain"": 1}, {""need"": ""management professional"", ""gain"": 1}, {""need"": ""enabling"", ""gain"": 1}]",,"{""skill_match"": 0.2808, ""experience_fit"": 0.85, ""domain"": 0, ""education"": 1.0, ""achievement"": 0.8571, ""trajectory"": 1.0}",adzuna,aggregator,1800000,2500000,2023-01-04T08:56:33Z,,,,[],[],[],[],[],[],,,,"customer, innovative, self-motivated, responsible, enabling, solutions, services, various, stages, influence, future, feature-sets","Profile summary: ‘Product Manager -1’ is to be an innovative and self-motivated product management professional who is to be responsible for enabling a seamless end-to-end experience, for our products, solutions, and services, across the various stages of a customer journey; and will influence future product feature-sets, with a continual strive for meeting marketplace requisites and to eliminate customer pain points. This role will work collaboratively with product management, UI/UX, operation…"
no,,,52,Product Manager,makeO,"Mumbai, Maharashtra",https://www.adzuna.in/details/3217633788?utm_medium=api&utm_source=195aa6d0,36,47,41,borderline,0.14,0/0,,"[{""need"": ""understand"", ""gain"": 2}, {""need"": ""changing dynamics"", ""gain"": 2}, {""need"": ""customer interviews"", ""gain"": 2}, {""need"": ""competition analysis"", ""gain"": 2}, {""need"": ""qualitative/quantitative techniques"", ""gain"": 2}]",,"{""skill_match"": 0.282, ""experience_fit"": 0.85, ""domain"": 0, ""education"": 1.0, ""achievement"": 0.8571, ""trajectory"": 1.0}",adzuna,aggregator,100000,1500000,2022-06-11T06:17:12Z,,,,[],[],[],[],[],[],,,,"customer, feet, problems, need, solved, understanding, understand, changing, dynamics, consumers, interviews, qualitative/quantitative","What will you do as a Product Manager? ● Market & Customer Understanding: Understand the changing dynamics of the market and consumers by customer interviews, user research, competition analysis, and other qualitative/quantitative techniques. ● Prioritization & Roadmap Creation: Should be able to strategically view things from 1000 feet and 10 feet. Adopt a structured approach to identify what problems need to be solved and what problems need to be solved now vs. later. Create a product roadmap…"
no,,,52,Senior Product Manager,Priceline,"Mumbai, Maharashtra",https://www.adzuna.in/details/5759046638?utm_medium=api&utm_source=195aa6d0,35,40,36,borderline,0.08,0/0,,"[{""need"": ""eligible"", ""gain"": 1}, {""need"": ""hybrid"", ""gain"": 1}, {""need"": ""in-office"", ""gain"": 1}, {""need"": ""tirelessly"", ""gain"": 1}, {""need"": ""understand"", ""gain"": 1}]",,"{""skill_match"": 0.2825, ""experience_fit"": 0.85, ""domain"": 0, ""education"": 1.0, ""achievement"": 0.8571, ""trajectory"": 1.0}",adzuna,aggregator,,,2026-06-11T02:36:15Z,,,,[],[],[],[],[],[],,,,"senior, make, eligible, hybrid, days, in-office, tirelessly, understand, need, reality, ones, deals","This role is eligible for our hybrid work model: Two days in-office. Senior Product Manager Our Product Design and Management teams work tirelessly to understand what our customers need and make it a reality. They’re the ones who make our deals come to life and our user experience simple and intuitive. Why this job’s a big deal: As a Senior Product Manager in the Product Operating Model (POM), your focus is on defining, prioritizing, and delivering products or capabilities that solve customer p…"
no,,,52,Senior Product Manager,LogiNext,"Vikhroli, Mumbai",https://www.adzuna.in/details/5191306487?utm_medium=api&utm_source=195aa6d0,38,55,41,borderline,0.14,0/0,,"[{""need"": ""senior product"", ""gain"": 2}, {""need"": ""manager loginext"", ""gain"": 2}, {""need"": ""dynamic"", ""gain"": 2}, {""need"": ""become"", ""gain"": 2}, {""need"": ""eyes"", ""gain"": 2}]",,"{""skill_match"": 0.2858, ""experience_fit"": 0.85, ""domain"": 0, ""education"": 1.0, ""achievement"": 0.8571, ""trajectory"": 1.0}",adzuna,aggregator,,,2025-05-10T01:54:49Z,,,,[],[],[],[],[],[],,,,"loginext, dynamic, competent, become, eyes, ears, clients, translate, needs, world, saas, closely","LogiNext is looking for a dynamic and competent Product Manager to become the eyes and ears of our clients and translate their needs into the world’s best SaaS product. You will work closely with the engineering, design and business development team to come up with the best strategy for product features and roadmap to solve on-ground logistics problems. You will be accountable for the entire product lifecycle, right from planning through development, go-live, and retirement phases. You possess …"
no,,,52,Business Analyst,SLK Software,"Bangalore, Karnataka",https://www.adzuna.in/details/5782687597?utm_medium=api&utm_source=195aa6d0,31,61,41,borderline,0.14,0/0,,"[{""need"": ""business analyst"", ""gain"": 1}, {""need"": ""purpose"", ""gain"": 1}, {""need"": ""independently"", ""gain"": 1}, {""need"": ""understand"", ""gain"": 1}, {""need"": ""translate"", ""gain"": 1}]",,"{""skill_match"": 0.2792, ""experience_fit"": 0.85, ""domain"": 0, ""education"": 1.0, ""achievement"": 0.8571, ""trajectory"": 1.0}",adzuna,aggregator,,,2026-07-01T07:15:51Z,,,,[],[],[],[],[],[],,,,"purpose, independently, understand, customer, needs, translate, software, document, solutioning, provide, functional, clarifications","The purpose of this role is to work independently with customers to understand the customer business model, needs / requirements and translate them into software requirements document which would be used by IT Design & Development teams for solutioning, provide functional support & clarifications to QA and technical teams throughout the project life cycle, assist the Business teams during User Acceptance Testing and involve in post production support & verifications; and responsible to mentor a…"
no,,,52,Senior Business Analyst,Trigent Software Private Limited,"Richmond Town, Bangalore",https://www.adzuna.in/details/5811118921?utm_medium=api&utm_source=195aa6d0,34,64,63,competitive,0.45,3/12,"senior business, business analyst, analyst jd-we, senior business analyst, mandatory broadband/isp domain, process transformation, broadband operations, service assurance, automation","[{""need"": ""senior business"", ""gain"": 2}, {""need"": ""business analyst"", ""gain"": 2}, {""need"": ""analyst jd-we"", ""gain"": 2}, {""need"": ""senior business analyst"", ""gain"": 2}, {""need"": ""mandatory broadband/isp domain"", ""gain"": 2}]",,"{""skill_match"": 0.2906, ""experience_fit"": 0.85, ""domain"": 0, ""education"": 1.0, ""achievement"": 0.8571, ""trajectory"": 1.0}",adzuna,aggregator,1700000,1700000,2026-07-22T23:27:31Z,,,,[],[],[],[],[],[],,,,"broadband, jd-we, seeking, senior, analyst, mandatory, broadband/isp, transformation, service, assurance, customer, automation","JD-We are seeking a Senior Business Analyst with mandatory Broadband/ISP domain experience to drive requirements, process transformation, and stakeholder alignment for broadband operations, service assurance, customer experience, automation, analytics, and AI-driven initiatives. The role acts as the bridge between business stakeholders, broadband operations teams, and technology delivery teams, ensuring requirements are accurately captured, documented, validated, and delivered successfully. Man…"
no,,,52,Senior Business Analyst,Peak Hire Solutions,"Bangalore, Karnataka",https://www.adzuna.in/details/5581807731?utm_medium=api&utm_source=195aa6d0,32,43,74,competitive,0.61,3/12,"senior business analyst, title, industry, ride-hailing, 4-7, days/week, onsite, bangalore, ctc range","[{""need"": ""senior business analyst"", ""gain"": 3}, {""need"": ""title"", ""gain"": 3}, {""need"": ""industry"", ""gain"": 3}, {""need"": ""ride-hailing"", ""gain"": 3}, {""need"": ""4-7"", ""gain"": 3}]",,"{""skill_match"": 0.2656, ""experience_fit"": 0.885, ""domain"": 0, ""education"": 1.0, ""achievement"": 0.8571, ""trajectory"": 1.0}",adzuna,aggregator,1800000,2100000,2026-01-13T11:10:25Z,,,,[],[],[],[],[],[],,,,"industry, bangalore, details, title, senior, analyst, ride-hailing, days, days/week, mode, onsite, location","JOB DETAILS: - Job Title : Senior Business Analyst - Industry : Ride-hailing - Experience : 4-7 years - Working Days : 5 days/week - Work Mode : ONSITE - Job Location : Bangalore - CTC Range : Best in Industry Required Skills : Data Visualization, Data Analysis, Strong in Python and SQL, Cross-Functional Communication & Stakeholder Management Criteria : 1. Candidate must have 4–7 years of experience in analytics / business analytics roles. 2. Candidate must be currently based in Bangalore only …"
no,,,52,Key Account Manager - Brand Partnerships & Growth,Scale Global,"Bangalore, Karnataka",https://www.adzuna.in/land/ad/5810846039?se=Dtojha-K8RGbLL45Ug83Nw&utm_medium=api&utm_source=195aa6d0&v=D43D623EF2D9CE5BA58CE1931DB6FABBAC12050D,27,34,36,borderline,0.08,0/0,,"[{""need"": ""key account manager"", ""gain"": 1}, {""need"": ""brand partnerships growth"", ""gain"": 1}, {""need"": ""overview"", ""gain"": 1}, {""need"": ""key account"", ""gain"": 1}, {""need"": ""account manager"", ""gain"": 1}]",,"{""skill_match"": 0.2483, ""experience_fit"": 0.85, ""domain"": 0, ""education"": 1.0, ""achievement"": 1, ""trajectory"": 1.0}",adzuna,aggregator,,,2026-07-22T16:53:54Z,,,,[],[],[],[],[],[],,,,"brand, brands, overview, account, manage, relationships, launch, multiple, markets, retail, pharmacy, e-commerce","Role Overview We are looking for a Key Account Manager – Brand Partnerships & Growth to manage brand relationships and drive the planning, launch, and growth of brands across multiple markets and channels, including retail, pharmacy, and e-commerce. This role will act as the business owner for assigned brands, working closely with brand principals and coordinating internally with regulatory, supply chain, marketing, training, and in-market teams to ensure successful brand launches and business …"
no,,,52,Assistant Manager - Partnership Strategy,Jiostar India,"Mumbai, Maharashtra",https://www.adzuna.in/details/5755732674?utm_medium=api&utm_source=195aa6d0,38,74,36,borderline,0.08,0/0,,"[{""need"": ""assistant manager"", ""gain"": 1}, {""need"": ""analytical"", ""gain"": 1}, {""need"": ""high-ownership professional"", ""gain"": 1}, {""need"": ""involves building"", ""gain"": 1}, {""need"": ""end-to-end commercial"", ""gain"": 1}]",,"{""skill_match"": 0.2458, ""experience_fit"": 0.85, ""domain"": 0, ""education"": 1.0, ""achievement"": 1, ""trajectory"": 1.0}",adzuna,aggregator,,,2026-06-08T02:31:57Z,,,,[],[],[],[],[],[],,,,"jiostar, analytical, high-ownership, involves, commercial, financial, models, operationalizing, signed, deals, cross-functional, tracking","JioStar is looking for an analytical, high-ownership professional support the partnerships strategy team. The role involves building end-to-end commercial and financial models, operationalizing signed deals with cross-functional teams, and tracking post-deal performance through data and dashboards. You’ll generate insights to optimize revenue and partner outcomes, while owning monthly partner invoicing and revenue reconciliation. This role sits at the intersection of business, analytics, and fi…"
no,,,52,"Manager, Enterprise Partnerships",Razorpay,"Bangalore, Karnataka",https://www.adzuna.in/details/5784302969?utm_medium=api&utm_source=195aa6d0,33,42,36,borderline,0.08,0/0,,"[{""need"": ""enterprise partnerships razorpay"", ""gain"": 2}, {""need"": ""leading full-stack"", ""gain"": 2}, {""need"": ""full-stack financial"", ""gain"": 2}, {""need"": ""financial technology"", ""gain"": 2}, {""need"": ""powering"", ""gain"": 2}]",,"{""skill_match"": 0.2008, ""experience_fit"": 0.85, ""domain"": 0.25, ""education"": 1.0, ""achievement"": 0.8571, ""trajectory"": 1.0}",adzuna,aggregator,,,2026-07-02T02:41:50Z,,,,[],[],[],[],[],[],,,,"businesses, razorpay, grow, full-stack, financial, companies, powering, move, manage, money, founded, harshil","Razorpay is one of India’s leading full-stack financial technology companies, powering the way businesses move, manage, and grow money. Founded in 2014 by Harshil Mathur and Shashank Kumar with a simple vision - to simplify payments for Indian businesses - we’ve since grown into a fintech powerhouse driving India’s digital payment revolution. Razorpay powers millions of businesses with a smarter, scalable stack that goes beyond transactions to help them truly build and grow. From building AI-na…"
no,,,52,Growth & Alliance Lead,Benzy Infotech,"Mumbai, Maharashtra",https://www.adzuna.in/details/5593586821?utm_medium=api&utm_source=195aa6d0,31,45,36,borderline,0.08,0/0,,"[{""need"": ""growth alliance lead"", ""gain"": 2}, {""need"": ""grow relationships"", ""gain"": 2}, {""need"": ""banks"", ""gain"": 2}, {""need"": ""affiliate networks"", ""gain"": 2}, {""need"": ""large publishers"", ""gain"": 2}]",,"{""skill_match"": 0.25, ""experience_fit"": 0.85, ""domain"": 0, ""education"": 1.0, ""achievement"": 1, ""trajectory"": 1.0}",adzuna,aggregator,1000000,2000000,2026-01-21T10:51:05Z,,,,[],[],[],[],[],[],,,,"trends, develop, manage, grow, relationships, banks, affiliate, networks, large, publishers, identify, opportunities","Responsibilities:  Develop, manage, and grow relationships with banks, affiliate networks, partners, and large publishers. Identify opportunities and trends to expand business with both existing and new partners. Track sales activity and provide detailed data analysis on a monthly basis. Stay updated on industry trends, competitors, and online monetization strategies. Collaborate closely with Product and Marketing teams, offering feedback and insights on how products are perceived in the marke…"
no,,,52,Senior Manager – Strategic Alliances (India),Copado,"Bangalore, Karnataka",https://www.adzuna.in/details/5754801365?utm_medium=api&utm_source=195aa6d0,35,72,41,borderline,0.14,0/0,,"[{""need"": ""senior manager"", ""gain"": 2}, {""need"": ""strategic alliances"", ""gain"": 2}, {""need"": ""summary"", ""gain"": 2}, {""need"": ""strategic alliances india"", ""gain"": 2}, {""need"": ""high-impact"", ""gain"": 2}]",,"{""skill_match"": 0.2591, ""experience_fit"": 0.85, ""domain"": 0, ""education"": 1.0, ""achievement"": 1, ""trajectory"": 1.0}",adzuna,aggregator,,,2026-06-07T02:23:38Z,,,,[],[],[],[],[],[],,,,"responsible, senior, alliances, high-impact, region, copado, centers, excellence, coes, ground, existing, ones","Job Summary The Senior Manager of Strategic Alliances – India is a high-impact role responsible for the end-to-end lifecycle of partners within the region. You will be responsible for identifying and building new Copado Centers of Excellence (CoEs) from the ground up, as well as optimizing existing ones. You will serve as the primary architect of the Joint Business Plan (JBP) with each partner, ensuring that strategy translates into measurable execution. As the first point of contact for the In…"
no,,,52,Manager - Merchant Alliances & Partnership - Credit Cards - Mumbai,Acura Solution,"Mumbai, Maharashtra",https://www.adzuna.in/details/5727192926?utm_medium=api&utm_source=195aa6d0,39,62,36,borderline,0.08,0/0,,"[{""need"": ""merchant alliances partnership"", ""gain"": 1}, {""need"": ""credit cards"", ""gain"": 1}, {""need"": ""mumbai"", ""gain"": 1}, {""need"": ""description"", ""gain"": 1}, {""need"": ""manager merchant"", ""gain"": 1}]",,"{""skill_match"": 0.1858, ""experience_fit"": 0.85, ""domain"": 0.25, ""education"": 1.0, ""achievement"": 0.8571, ""trajectory"": 1.0}",adzuna,aggregator,,,2026-05-13T02:09:17Z,,,,[],[],[],[],[],[],,,,"merchant, description, alliance, responsible, executing, offer, card, spends, involves, developing, calendar, creating","Job Description: About the Role The Manager – Merchant Alliance & Partnerships is responsible for identifying and executing merchant offer partnerships to drive credit card spends. The role involves developing a marketing calendar, creating tactical offers, and managing campaigns across categories such as Travel, Dining, and E-commerce. The incumbent will also manage partner relationships, negotiate brand visibility, and ensure end-to-end implementation of promotions. Key Responsibilities Prima…"
no,,,52,Partnerships Analyst,Qrata,"Bangalore, Karnataka",https://www.adzuna.in/details/4514376068?utm_medium=api&utm_source=195aa6d0,27,43,36,borderline,0.08,0/0,,"[{""need"": ""partnerships analyst organisation"", ""gain"": 2}, {""need"": ""leading venture"", ""gain"": 2}, {""need"": ""venture capital"", ""gain"": 2}, {""need"": ""capital firm"", ""gain"": 2}, {""need"": ""bangalore"", ""gain"": 2}]",,"{""skill_match"": 0.25, ""experience_fit"": 0.85, ""domain"": 0, ""education"": 1.0, ""achievement"": 1, ""trajectory"": 1.0}",adzuna,aggregator,500000,1000000,2024-01-07T15:07:43Z,,,,[],[],[],[],[],[],,,,"community, organisation, venture, capital, firm, bangalore, alliances, build, manage, exclusive, global, network","Organisation- A leading Venture Capital firm in Bangalore. Job responsibilities- ● Partnerships and Strategic Alliances: Build and manage an exclusive global network of technology partners providing portfolio companies access to a sought-after community of experts, intentional support and valuable resources. Source, filter and maintain partner lists across, talent, sales, marketing, product, design, technology etc that directly catalyse growth. ● Founder Community: Lead and implement the founde…"
no,,,52,"Partner Growth Manager, Amazon Music, India",Amazon,"Mumbai, Maharashtra",https://www.adzuna.in/details/5671416409?utm_medium=api&utm_source=195aa6d0,31,47,41,borderline,0.14,0/0,,"[{""need"": ""amazon music"", ""gain"": 2}, {""need"": ""india description"", ""gain"": 2}, {""need"": ""passionate"", ""gain"": 2}, {""need"": ""music"", ""gain"": 2}, {""need"": ""entertainment"", ""gain"": 2}]",,"{""skill_match"": 0.2591, ""experience_fit"": 0.85, ""domain"": 0, ""education"": 1.0, ""achievement"": 1, ""trajectory"": 1.0}",adzuna,aggregator,,,2026-03-19T06:04:47Z,,,,[],[],[],[],[],[],,,,"music, creative, amazon, description, passionate, entertainment, constructs, seeking, develop, execute, initiatives, various","Description Are you passionate about music, entertainment, and building creative constructs with partners? Amazon Music is seeking a Partnership Growth Manager to develop and execute initiatives across various partnership categories. This role will work closely with internal teams and external partners to drive new audience growth and awareness for Amazon Music's products and services. For someone to be successful in this role, they need to embody the following: Creative Problem Solver: They mu…"
no,,,52,Growth Manager,oto capital,"Bangalore, Karnataka",https://www.adzuna.in/details/2974405050?utm_medium=api&utm_source=195aa6d0,36,66,36,borderline,0.08,0/0,,"[{""need"": ""growth manager key"", ""gain"": 1}, {""need"": ""execute marketing campaigns"", ""gain"": 1}, {""need"": ""acquire"", ""gain"": 1}, {""need"": ""retain customers"", ""gain"": 1}, {""need"": ""upsell"", ""gain"": 1}]",,"{""skill_match"": 0.2375, ""experience_fit"": 0.85, ""domain"": 0, ""education"": 1.0, ""achievement"": 1, ""trajectory"": 1.0}",adzuna,aggregator,700000,1500000,2022-03-16T05:09:10Z,,,,[],[],[],[],[],[],,,,"tests, develop, execute, acquire, retain, upsell, services, understand, needs, motivation, priorities, impact","Key Responsibilities : - Develop and execute Marketing campaigns to help acquire and retain customers, as well as upsell its products or services - Understand the needs, motivation, and behaviour of users and define priorities of tests based on impact, confidence, and easiness - Work with the engineering, design, and product team to implement tests quickly - Track, measure and analyse performance & continuously optimize them - Gather input from customers and various internal departments, and us…"
no,,,52,Business Growth Manager,Merito,"Bangalore, Karnataka",https://www.adzuna.in/details/4386563075?utm_medium=api&utm_source=195aa6d0,37,59,36,borderline,0.08,0/0,,"[{""need"": ""description"", ""gain"": 2}, {""need"": ""fintech start"", ""gain"": 2}, {""need"": ""renowned group"", ""gain"": 2}, {""need"": ""contacting potential partners"", ""gain"": 2}, {""need"": ""establish rapport"", ""gain"": 2}]",,"{""skill_match"": 0.1667, ""experience_fit"": 0.85, ""domain"": 0.25, ""education"": 1.0, ""achievement"": 1, ""trajectory"": 1.0}",adzuna,aggregator,1500000,2000000,2023-10-22T13:48:42Z,,,,[],[],[],[],[],[],,,,"description, start, renowned, contacting, establish, rapport, arrange, meetings, secure, initiate, structure, negotiate","Job Description :- We are looking for a Business Growth Manager for a fintech start up by a renowned group. - Contacting potential partners to establish rapport, arrange meetings and secure new partners. Initiate, structure, and negotiate high-impact strategic brand partnerships directly with Top E-commerce, OEM and Offline partners for various retail/financial products - Planning and over-seeing new marketing initiatives with partners. - Researching organizations and individuals to find new op…"
no,,,52,Growth Manager ED Tech,Fibe,"Bangalore, Karnataka",https://www.adzuna.in/details/5760757209?utm_medium=api&utm_source=195aa6d0,32,53,36,borderline,0.08,0/0,,"[{""need"": ""merchants"", ""gain"": 1}, {""need"": ""agents"", ""gain"": 1}, {""need"": ""identify pain"", ""gain"": 1}, {""need"": ""pain points"", ""gain"": 1}, {""need"": ""while providing"", ""gain"": 1}]",,"{""skill_match"": 0.2483, ""experience_fit"": 0.85, ""domain"": 0, ""education"": 1.0, ""achievement"": 1, ""trajectory"": 1.0}",adzuna,aggregator,,,2026-06-12T06:57:22Z,,,,[],[],[],[],[],[],,,,"merchants, collaborate, plans, agents, identify, pain, providing, valuable, feedback, risk, reducing, rejection",Work with merchants and their agents to identify pain points while providing valuable feedback to the product and tech team. Collaborate with internal teams and risk reducing rejection rates and drop-offs. Get a higher share of the merchants business and customers by building relationships. Make quarterly business plans with merchants and present forecasting reports of possible outcomes. Collaborate with cross-functional teams to develop and implement effective sales plans and marketing strateg…
no,,,52,Product Manager Revenue Growth Management,O9 Solutions,"Bangalore, Karnataka",https://www.adzuna.in/details/5782687884?utm_medium=api&utm_source=195aa6d0,37,59,68,competitive,0.51,4/11,"dream big, design product vision, manage stakeholders, understand, features, added, features development","[{""need"": ""dream big"", ""gain"": 2}, {""need"": ""design product vision"", ""gain"": 2}, {""need"": ""manage stakeholders"", ""gain"": 2}, {""need"": ""understand"", ""gain"": 2}, {""need"": ""features"", ""gain"": 2}]",,"{""skill_match"": 0.2621, ""experience_fit"": 0.85, ""domain"": 0, ""education"": 1.0, ""achievement"": 1, ""trajectory"": 1.0}",adzuna,aggregator,,,2026-07-01T07:15:57Z,,,,[],[],[],[],[],[],,,,"features, commercial, solutions, helping, organizations, move, executive, dash-boarding, collaborative, analytic, insights, driven","About the role Our Commercial Planning and Revenue Growth Management solutions are helping organizations move from executive dash-boarding to a collaborative, analytic insights driven platform for alignment of cross-functional plans, initiatives, and resources to changing market needs. As a product manager you will be required to dream big, design product vision and roadmap, manage stakeholders requirements, understand the features to be added in the product, prioritize the features development…"
no,,,52,Business Growth Manager - Fintech Startup,Merito,"Mumbai, Maharashtra",https://www.adzuna.in/details/4386562960?utm_medium=api&utm_source=195aa6d0,37,58,36,borderline,0.08,0/0,,"[{""need"": ""fintech startup"", ""gain"": 2}, {""need"": ""description"", ""gain"": 2}, {""need"": ""fintech start"", ""gain"": 2}, {""need"": ""renowned group"", ""gain"": 2}, {""need"": ""contacting potential partners"", ""gain"": 2}]",,"{""skill_match"": 0.1667, ""experience_fit"": 0.85, ""domain"": 0.25, ""education"": 1.0, ""achievement"": 1, ""trajectory"": 1.0}",adzuna,aggregator,1000000,1800000,2023-10-22T13:48:17Z,,,,[],[],[],[],[],[],,,,"description, start, renowned, contacting, establish, rapport, arrange, meetings, secure, initiate, structure, negotiate","Job Description :- We are looking for a Business Growth Manager for a fintech start up by a renowned group. - Contacting potential partners to establish rapport, arrange meetings and secure new partners. Initiate, structure, and negotiate high-impact strategic brand partnerships directly with Top E-commerce, OEM and Offline partners for various retail/financial products - Planning and over-seeing new marketing initiatives with partners. - Researching organizations and individuals to find new op…"
no,,,52,"Growth Manager, Prime Video AVOD IN",ASSPL - Maharashtra,"Mumbai, Maharashtra",https://www.adzuna.in/details/5818254404?utm_medium=api&utm_source=195aa6d0,34,64,36,borderline,0.08,0/0,,"[{""need"": ""prime video avod"", ""gain"": 1}, {""need"": ""amazon prime video"", ""gain"": 1}, {""need"": ""future"", ""gain"": 1}, {""need"": ""digital video entertainment"", ""gain"": 1}, {""need"": ""avod business"", ""gain"": 1}]",,"{""skill_match"": 0.2483, ""experience_fit"": 0.85, ""domain"": 0, ""education"": 1.0, ""achievement"": 1, ""trajectory"": 1.0}",adzuna,aggregator,,,2026-07-28T15:58:14Z,,,,[],[],[],[],[],[],,,,"video, avod, amazon, future, entertainment, serves, millions, free, ad-supported, genres, formats, versatile","Amazon Prime Video is shaping the future of digital video entertainment. Our AVOD business serves millions of customers in India with free, ad-supported content across genres and formats. We are looking for a versatile Growth Manager who is responsible for designing and executing the strategy to drive Prime Video AVOD growth in India. This person will lead programs and initiatives to drive customer acquisition, viewership growth, and audience building for Prime Vidoe AVOD business. They will wo…"
no,,,52,Business Growth Manager-Innovative shopping platform.,Merito,"Bangalore, Karnataka",https://www.adzuna.in/details/4386563065?utm_medium=api&utm_source=195aa6d0,31,45,36,borderline,0.08,0/0,,"[{""need"": ""growth manager-innovative"", ""gain"": 2}, {""need"": ""manager-innovative shopping"", ""gain"": 2}, {""need"": ""shopping platform"", ""gain"": 2}, {""need"": ""innovative influencer"", ""gain"": 2}, {""need"": ""influencer oriented"", ""gain"": 2}]",,"{""skill_match"": 0.25, ""experience_fit"": 0.85, ""domain"": 0, ""education"": 1.0, ""achievement"": 1, ""trajectory"": 1.0}",adzuna,aggregator,,,2023-10-22T13:48:42Z,,,,[],[],[],[],[],[],,,,"opportunities, innovative, influencer, oriented, shopping, large, retail, brand, overseeing, initiatives, researching, brands","We are looking for a Business Growth Manager for an innovative influencer oriented D2C shopping platform by a large retail group Leading team of Growth RMs for D2C brand partnerships Planning and overseeing new marketing initiatives with partners. Researching brands to find new opportunities for business Finding and developing new market opportunities and improving sales. Attending conferences, meetings, and industry events. Develop quotations and proposals for various clients. Training and dev…"
no,,,51,Lead Product Manager – Payments,Wells Fargo,"Bengaluru, India",https://wf.wd1.myworkdayjobs.com/en-US/WellsFargoJobs/job/Bengaluru-India/Lead-Digital-Product-Manager_R-564112,30,34,44,borderline,0.22,1/2,#43,"[{""need"": ""#43"", ""gain"": 3}, {""need"": ""manager payments"", ""gain"": 1}, {""need"": ""wells fargo"", ""gain"": 1}, {""need"": ""payments transformation"", ""gain"": 1}, {""need"": ""transformation payment"", ""gain"": 1}]",,"{""skill_match"": 0.1657, ""experience_fit"": 0.85, ""domain"": 0.25, ""education"": 1.0, ""achievement"": 0.8571, ""trajectory"": 1.0}",workday,direct,,,Posted Today,,,,[],[],[],[],[],[],,,,"payment, risk, wells, fargo, capabilities, payments, customer, services, objectives, outcomes, influence, success","About this role: Wells Fargo is seeking a Lead Product Manager to join the Payments Transformation Payment Services team within the Global Payments &amp; Liquidity (GPL) Product &amp; Platform organization. This leader will help shape the future of Wells Fargo&#39;s payment capabilities and strategic payment platforms, driving modernization initiatives that improve scalability, resiliency, client experience, and speed to market. The role partners across Product, Technology, Operations, Risk, and Business stakeholders to define, prioritize, and deliver payment capabilities that support evolving customer needs, industry standards, and enterprise transformation objectives. The ideal candidate brings a strong combination of payments expertise, product leadership, strategic thinking, and platform experience. This individual will own product outcomes, influence roadmap direction, and help define the future-state capabilities supporting Wells Fargo&#39;s next-generation payments ecosystem. In this role, you will: Define and execute product strategy for Payment Services capabilities aligned to business objectives and customer needs. Develop and manage product roadmaps, prioritizing features and platform investments that deliver measurable business and customer outcomes. Partner with Technology, Operations, Risk, and Architecture teams to design and deliver scalable payment capabilities supporting strategic platform modernization. Evaluate market trends, client feedback, regulatory requirements, and competitive developments to influence product direction and roadmap priorities. Lead product discovery activities, define business requirements, and translate customer needs into actionable product capabilities. Own prioritization decisions and tradeoff discussions across competing initiatives, ensuring alignment to strategic objectives. Drive adoption and success of new capabilities through effective stakeholder engagement, business readiness, and performance measurement. Establ"
no,,,51,business development & partnerships,cred,bengaluru,https://jobs.lever.co/cred/09022710-e79a-4cf0-8060-df0e1cd64263,27,36,34,weak,0.08,0/0,,"[{""need"": ""exclusive community"", ""gain"": 1}, {""need"": ""trustworthy"", ""gain"": 1}, {""need"": ""creditworthy individuals"", ""gain"": 1}, {""need"": ""members"", ""gain"": 1}, {""need"": ""rewarded"", ""gain"": 1}]",,"{""skill_match"": 0.125, ""experience_fit"": 0.85, ""domain"": 0.25, ""education"": 1.0, ""achievement"": 1, ""trajectory"": 1.0}",lever,direct,,,1779729435083,,,,[],[],[],[],[],[],,,,"cred, community, trustworthy, behavior, virtue, being, exclusive, creditworthy, individuals, members, rewarded, good","what is CRED?
 
CRED is an exclusive community for india’s most trustworthy and creditworthy individuals, where the members are rewarded for good financial behavior. 
 
CRED was born out of a need to bring back the focus on a long lost virtue, one of trust, the idea being to create a community centered around this virtue. a community that constantly strives to become more virtuous in this regard till they finally scale their behavior to create a utopia where being trustworthy is the norm and not the exception. to build a community like this requires a community of its own; a community special in its own way, working towards making this vision come true. 
 
here’s a thought experiment: what do you get when you put a group of incredibly passionate and driven people and entrust them with the complete freedom to chase down their goals in a completely uninhibited manner? answer: you get something close to what we have at CRED; CRED just has it better. 
 
You’ll play a pivotal role in leading CRED's partner ecosystem across products, becoming the face of CRED to some of India’s top consumer brands. You will lead high-stakes partnerships, drive product adoption, and enable new growth through strategic merchant alliances. As a core part of the merchant-led growth (mlg) strategy, you’ll shape how millions engage with CRED."
no,,,51,Product Manager,Streamline Healthcare Solutions,"Bangalore, Karnataka",https://www.adzuna.in/details/5784307514?utm_medium=api&utm_source=195aa6d0,28,27,34,weak,0.08,0/0,,"[{""need"": ""description"", ""gain"": 2}, {""need"": ""strive"", ""gain"": 2}, {""need"": ""building lasting"", ""gain"": 2}, {""need"": ""trusting relationships"", ""gain"": 2}, {""need"": ""clients"", ""gain"": 2}]",,"{""skill_match"": 0.2343, ""experience_fit"": 0.85, ""domain"": 0, ""education"": 1.0, ""achievement"": 1, ""trajectory"": 1.0}",adzuna,aggregator,,,2026-07-02T02:42:41Z,,,,[],[],[],[],[],[],,,,"description, here, strive, lasting, trusting, relationships, clients, employees, mission, build, innovative, technological","Job Description: About Streamline: Here at Streamline, we strive on building lasting and trusting relationships with our clients, and our employees set the bar. Streamline’s mission is to build innovative technological solutions that empower people who improve behavioral health and quality of life of those in need. We are a high-growth technology company that delivers web-based software for healthcare organizations to provide and coordinate all service delivery processes. Streamline has been of…"
no,,,51,Senior Product Manager,Adobe,"Bangalore, Karnataka",https://www.adzuna.in/details/5754845864?utm_medium=api&utm_source=195aa6d0,31,50,34,weak,0.08,0/0,,"[{""need"": ""adobe"", ""gain"": 2}, {""need"": ""unified platform"", ""gain"": 2}, {""need"": ""lead enterprise-level"", ""gain"": 2}, {""need"": ""enterprise-level storage"", ""gain"": 2}, {""need"": ""storage solutions"", ""gain"": 2}]",,"{""skill_match"": 0.234, ""experience_fit"": 0.85, ""domain"": 0, ""education"": 1.0, ""achievement"": 1, ""trajectory"": 1.0}",adzuna,aggregator,,,2026-06-07T02:29:27Z,,,,[],[],[],[],[],[],,,,"adobe, enterprise, enterprise-level, storage, unified, seeking, senior, solutions, unlock, develops, features, monetization","The Opportunity The I&A team within Adobe’s Unified Platform is seeking a Senior Product Manager to lead enterprise-level storage solutions for enterprise unlock across Adobe’s B2B business. Our team develops the workflows, features, and monetization approaches that support enterprise product growth and enhance enterprise readiness for continued expansion. In this role, you will take responsibility for enterprise-level storage administrative controls to support compliant, scalable use of Adobe …"
no,,,51,Senior Product Manager,Catalyst IQ,"Bangalore, Karnataka",https://www.adzuna.in/details/2325244348?utm_medium=api&utm_source=195aa6d0,36,72,61,competitive,0.45,3/9,"key stakeholders, product vision, metrics, best-in-class digital, digital video, video user","[{""need"": ""key stakeholders"", ""gain"": 3}, {""need"": ""product vision"", ""gain"": 3}, {""need"": ""metrics"", ""gain"": 3}, {""need"": ""best-in-class digital"", ""gain"": 3}, {""need"": ""digital video"", ""gain"": 3}]",,"{""skill_match"": 0.2731, ""experience_fit"": 0.85, ""domain"": 0, ""education"": 1.0, ""achievement"": 0.8571, ""trajectory"": 1.0}",adzuna,aggregator,2000000,4500000,2021-07-17T22:45:40Z,,,,[],[],[],[],[],[],,,,"develop, understanding, video, deep, existing, thorough, segments, continually, assess, landscape, emerging, industry","Role and Responsibilities • Develop a deep understanding of the user, both existing and potential. • Develop a thorough understanding of the digital video market segments, and continually assess the landscape and emerging industry trends. • Partner with key stakeholders to define the product vision, strategy, roadmap, and supporting metrics required to deliver and enhance a best-in-class digital video user experience. • Own end-to-end development starting from business case approval from stakeh…"
no,,,51,Senior Product Manager,Arkose Labs,"Pune, Maharashtra",https://www.adzuna.in/details/5686038944?utm_medium=api&utm_source=195aa6d0,36,46,38,borderline,0.14,0/0,,"[{""need"": ""overview"", ""gain"": 2}, {""need"": ""drive automation"", ""gain"": 2}, {""need"": ""detection"", ""gain"": 2}, {""need"": ""mitigation systems"", ""gain"": 2}, {""need"": ""sits"", ""gain"": 2}]",,"{""skill_match"": 0.2705, ""experience_fit"": 0.85, ""domain"": 0, ""education"": 1.0, ""achievement"": 0.8571, ""trajectory"": 1.0}",adzuna,aggregator,,,2026-04-02T01:52:43Z,,,,[],[],[],[],[],[],,,,"automation, opportunities, overview, detection, mitigation, sits, intersection, machine, learning, responsible, automate, threat","Role Overview We're looking for a Product Manager to own and drive automation within our detection and mitigation systems. This role sits at the intersection of product strategy, data analysis, and machine learning operations, you'll be responsible for identifying opportunities to automate threat response, validating those opportunities through rigorous data analysis, and working closely with data scientists and engineers to bring automation solutions to production. This is a hands-on, technica…"
no,,,51,Program Manager,Larsen & Toubro,"Bangalore, Karnataka",https://www.adzuna.in/details/5817493536?utm_medium=api&utm_source=195aa6d0,34,64,34,weak,0.08,0/0,,"[{""need"": ""program manager key"", ""gain"": 2}, {""need"": ""development program"", ""gain"": 2}, {""need"": ""program execution"", ""gain"": 2}, {""need"": ""execution oversee"", ""gain"": 2}, {""need"": ""oversee complete"", ""gain"": 2}]",,"{""skill_match"": 0.2252, ""experience_fit"": 0.85, ""domain"": 0, ""education"": 1.0, ""achievement"": 1, ""trajectory"": 1.0}",adzuna,aggregator,,,2026-07-27T21:29:14Z,,,,[],[],[],[],[],[],,,,"cost, program, oversee, prototyping, validation, ppap, production, launch, deliverables, meet, timing, targets","Key Responsibilities Product Development & Program Execution Oversee complete product lifecycle from concept, design, prototyping, validation, and PPAP to production launch. Ensure engineering deliverables meet quality, cost, and timing (QCT) targets with ‚First Time Right‘. Interface with OEM customers for technical discussions, design approvals, and issue resolution. Collaborate closely with manufacturing, purchasing, and quality teams to ensure manufacturability and cost optimization. Ensure…"
no,,,51,Program Manager,Qrata,"Bangalore, Karnataka",https://www.adzuna.in/details/4514376102?utm_medium=api&utm_source=195aa6d0,31,60,38,borderline,0.14,0/0,,"[{""need"": ""program manager"", ""gain"": 1}, {""need"": ""getting started"", ""gain"": 1}, {""need"": ""startup journey"", ""gain"": 1}, {""need"": ""shape"", ""gain"": 1}, {""need"": ""building things"", ""gain"": 1}]",,"{""skill_match"": 0.2174, ""experience_fit"": 0.85, ""domain"": 0, ""education"": 1.0, ""achievement"": 1, ""trajectory"": 1.0}",adzuna,aggregator,1000000,2200000,2024-01-07T15:07:44Z,,,,[],[],[],[],[],[],,,,"just, getting, started, startup, shape, things, scratch, hire, program, verticals, functional, high-impact","We are just getting started This is not just an opportunity to be part of the startup journey but help shape the journey by building things from scratch. We are looking to hire a Program Manager who can own verticals and lead functional teams within the company for execution. This is a high-impact, critical role to craft the future roadmap of the organization Responsibilities: Lead implementation of orgn in key partner institutes Own the entire process of onboarding a partner institute Define c…"
no,,,51,Program Manager Senior,ascendion,"Bangalore, Karnataka",https://www.adzuna.in/details/5797509117?utm_medium=api&utm_source=195aa6d0,31,33,34,weak,0.08,0/0,,"[{""need"": ""program manager senior"", ""gain"": 2}, {""need"": ""overview assists"", ""gain"": 2}, {""need"": ""program development"", ""gain"": 2}, {""need"": ""procedures"", ""gain"": 2}, {""need"": ""improve efficiencies"", ""gain"": 2}]",,"{""skill_match"": 0.2617, ""experience_fit"": 0.85, ""domain"": 0, ""education"": 1.0, ""achievement"": 0.8571, ""trajectory"": 1.0}",adzuna,aggregator,,,2026-07-12T07:22:40Z,,,,[],[],[],[],[],[],,,,"program, monitors, overview, assists, managing, processes, procedures, improve, efficiencies, compute, forecasts, mountain","Ob Overview Assists with program development and implementation through managing processes, procedures, and tools that improve efficiencies. Monitors NRE and Compute Forecasts, Mountain Chart reviews, HC / Req Management, Management on-time delivery, and achievement of program milestones. Coordinates across teams and monitors timelines, budgets, and priorities to achieve program progress Develops, defines, and execCWF utes plans of record, including schedules, resources, deliverables, and risks…"
no,,,51,Product Owner,RingCentral,"Bangalore, Karnataka",https://www.adzuna.in/details/5790305944?utm_medium=api&utm_source=195aa6d0,33,62,34,weak,0.08,0/0,,"[{""need"": ""product owner"", ""gain"": 2}, {""need"": ""excels"", ""gain"": 2}, {""need"": ""problem-solving"", ""gain"": 2}, {""need"": ""possesses"", ""gain"": 2}, {""need"": ""keen business"", ""gain"": 2}]",,"{""skill_match"": 0.2317, ""experience_fit"": 0.85, ""domain"": 0, ""education"": 1.0, ""achievement"": 1, ""trajectory"": 1.0}",adzuna,aggregator,,,2026-07-07T03:27:23Z,,,,[],[],[],[],[],[],,,,"searching, owner, excels, problem-solving, possesses, keen, sense, along, knack, innovation, dynamic, play","We're searching for a Product Owner who excels in problem-solving, analytics, and possesses a keen business sense along with a knack for technical innovation. Join our dynamic team to play a pivotal role in developing Salesforce applications, driving efficiency, and transforming the company’s CRM Platform. The successful candidate will collect and define project requirements within the existing product line, oversee development teams from a product perspective, and lead implementation. What You…"
no,,,51,Product Owner II,MRI Software,"Bangalore, Karnataka",https://www.adzuna.in/details/5797508898?utm_medium=api&utm_source=195aa6d0,33,31,34,weak,0.08,0/0,,"[{""need"": ""product owner"", ""gain"": 2}, {""need"": ""mri software"", ""gain"": 2}, {""need"": ""focused"", ""gain"": 2}, {""need"": ""individual needs"", ""gain"": 2}, {""need"": ""maintaining product backlogs"", ""gain"": 2}]",,"{""skill_match"": 0.2656, ""experience_fit"": 0.85, ""domain"": 0, ""education"": 1.0, ""achievement"": 0.8571, ""trajectory"": 1.0}",adzuna,aggregator,,,2026-07-12T07:21:53Z,,,,[],[],[],[],[],[],,,,"owner, developing, software, seeking, focused, individual, needs, maintaining, backlogs, documentation, gathering, addition","MRI Software is currently seeking a Product Owner to join our Product Management team focused on developing our product. This individual needs to have experience maintaining product backlogs, documentation, and gathering requirements. In addition, the Product Owner is responsible for developing user stories, translating requirements, producing and managing product roadmaps and working with the agile programming teams. This position involves close interaction with other individuals throughout th…"
no,,,51,Expert product owner,Finastra Technology,"Pune, Maharashtra",https://www.adzuna.in/details/5769825019?utm_medium=api&utm_source=195aa6d0,29,39,47,borderline,0.26,0/3,"resource, product owner, around","[{""need"": ""resource"", ""gain"": 3}, {""need"": ""product owner"", ""gain"": 3}, {""need"": ""around"", ""gain"": 3}, {""need"": ""expert product owner"", ""gain"": 1}, {""need"": ""finastra"", ""gain"": 1}]",,"{""skill_match"": 0.1724, ""experience_fit"": 0.85, ""domain"": 0.25, ""education"": 1.0, ""achievement"": 0.8571, ""trajectory"": 1.0}",adzuna,aggregator,,,2026-06-20T03:28:48Z,,,,[],[],[],[],[],[],,,,"financial, services, owner, finastra, global, leader, software, dedicated, expanding, access, industry, powers","Who are we? At Finastra, we’re a global leader in financial services software, dedicated to expanding access to financial services and shaping what’s next for the industry. Our technology powers mission‑critical solutions across Lending, Payments and Universal Banking, supporting over 7,000 customers, including 80% of the world’s top 50 banks, in more than 110 countries. What will you contribute? The resource should have worked as product owner , around 10 years of experience as product owner. …"
no,,,50,"Technical Program Manager, Risk",stripe,Bangalore,https://stripe.com/jobs/search?gh_jid=7678655,29,36,56,borderline,0.41,1/2,bonus,"[{""need"": ""5 years of experience (you show 3.9)"", ""gain"": 4}, {""need"": ""bonus"", ""gain"": 2}, {""need"": ""technical program manager"", ""gain"": 1}, {""need"": ""risk"", ""gain"": 1}, {""need"": ""stripe stripe"", ""gain"": 1}]",,"{""skill_match"": 0.2293, ""experience_fit"": 0.768, ""domain"": 0, ""education"": 1.0, ""achievement"": 1, ""trajectory"": 1.0}",greenhouse,direct,,,2026-07-27T11:17:30-04:00,,,,[],[],[],[],[],[],,,,"stripe, risk, financial, programs, program, compliance, mission, internet, build, regulatory, these, organization","Who we are About Stripe Stripe is a financial infrastructure platform for businesses. Millions of companies—from the world's largest enterprises to the most ambitious startups—use Stripe to accept payments, grow their revenue, and accelerate new business opportunities. Our mission is to increase the GDP of the internet, and we have a staggering amount of work ahead. That means you have an unprecedented opportunity to put the global economy within everyone's reach while doing the most important work of your career. About the team The Stripe mission is to build the economic infrastructure for the internet. Risk and Compliance Engineering builds products to lower financial and regulatory risk at scale for Stripe, while retaining a best-in-class user experience. We build user-facing products and backend platforms to ensure our users are compliant with regulatory and financial partner requirements. We protect the Stripe brand while also protecting the company from financial losses that can put the Stripe business at risk. The Risk TPM team is crucial to driving programs to address these challenges. What you'll do As a Technical Program Manager in the Risk and Compliance space, you'll play a key role across engineering, product, and strategy to drive programs that span across the Risk organization and Stripe. You'll be responsible for the successful definition, cross-functional strategy, planning, and execution of large-scale technical programs that help to solve complex problems and empower Stripe and our users. Responsibilities • Execute on technical programs that require deep systems and engineering knowledge. • Partner with Engineering Managers, Product Managers, and other cross-functional partners to define, scope, and drive large programs to conclusion. • Develop, implement, and iterate on program management techniques, frameworks, and key performance indicators to achieve goals with well-defined success criteria. • Make substantial improvements to how the teams you"
no,,,50,"Senior Product Manager, Help Center (CX Automation)",coinbase,Remote - India,https://www.coinbase.com/careers/positions/8031208?gh_jid=8031208,26,30,59,borderline,0.46,3/6,"owning customer-facing, customer-facing surfaces, self-service products","[{""need"": ""5 years of experience (you show 3.9)"", ""gain"": 4}, {""need"": ""owning customer-facing"", ""gain"": 1}, {""need"": ""customer-facing surfaces"", ""gain"": 1}, {""need"": ""self-service products"", ""gain"": 1}]",,"{""skill_match"": 0.2302, ""experience_fit"": 0.768, ""domain"": 0, ""education"": 1.0, ""achievement"": 1, ""trajectory"": 1.0}",greenhouse,direct,,,2026-07-06T17:04:46-04:00,,,,[],[],[],[],[],[],,,,"automation, self-service, nbsp, coinbase, rate, applicants, experiences, center, csat, base, notice, ready","Ready to do the most impactful work of your career? At&nbsp; Coinbase , we are uncompromising on our mission to increase economic freedom. The bar is high, the environment is intense, and we like it that way. This isn't a place for complacency, it’s a place to be pushed past your perceived limits. If you're ready to build the future of finance alongside people who refuse to settle for ""good enough,"" you belong here. Coinbase is a remote-first, but not remote-only company. Expect to get together quarterly for intense in-person working sessions called “surges.”&nbsp; learn more about working at Coinbase . &nbsp; The CX Automation team within Enterprise Applications &amp; Architecture engineers seamless, intelligent customer experiences by maximizing automation across support surfaces. As Senior Product Manager for the Help Center, you’ll own Coinbase’s primary self-service channel—where most customers first seek support. You’ll drive Automation Rate and customer satisfaction by building AI-powered search, personalized article experiences, and self-service workflows that resolve issues before they reach an agent. What you’ll do Own the Help Center roadmap across search quality, article strategy, AI summaries, and self-service flows serving millions of global customers. Improve Automation Rate and CSAT by identifying high-impact opportunities to deflect contacts via better self-service, smarter surfacing, and proactive resolution. Build AI-integrated search and content experiences with ML/LLM partners to enhance relevance, summaries, and contextual Quick Actions. Partner with CX Ops, Content Design, Engineering, and Data Science to maintain accurate, high-coverage knowledge across geographies and languages. Define and track funnel metrics (Automation Rate, Search AtR, CSAT, escalation rate) and use data to drive prioritization. Collaborate with internal platform teams and 3P vendors to keep chat, voice, and agent-tool integrations seamless and current. Required Skills a"
no,,,50,Product Manager,Masai,"Bangalore, Karnataka",https://www.adzuna.in/details/5740110571?utm_medium=api&utm_source=195aa6d0,39,56,40,borderline,0.2,0/0,,"[{""need"": ""5 years of experience (you show 3.9)"", ""gain"": 5}, {""need"": ""masai school"", ""gain"": 2}, {""need"": ""fast-growing outcome-driven"", ""gain"": 2}, {""need"": ""outcome-driven edtech"", ""gain"": 2}, {""need"": ""edtech platform"", ""gain"": 2}]",,"{""skill_match"": 0.25, ""experience_fit"": 0.768, ""domain"": 0, ""education"": 1.0, ""achievement"": 1, ""trajectory"": 1.0}",adzuna,aggregator,2500000,4000000,2026-05-25T06:08:16Z,,,,[],[],[],[],[],[],,,,"masai, fast-growing, outcome-driven, edtech, focused, careers, industry-relevant, learning, programs, impact, thousands, learners","About Company Masai School is a fast-growing outcome-driven EdTech platform focused on building careers through industry-relevant learning programs. We are building scalable products that impact thousands of learners and organizations across India. We are looking for a highly driven Product Manager with strong startup experience who can take ownership of product strategy, execution, and growth for our SaaS products. Role: Product Manager Experience: 5- 8 Years Location: Bangalore Key Responsibi…"
no,,,50,Product Manager,Just Dial Limited,"Bangalore, Karnataka",https://www.adzuna.in/details/2997328624?utm_medium=api&utm_source=195aa6d0,36,65,32,weak,0.08,0/0,,"[{""need"": ""drive success"", ""gain"": 1}, {""need"": ""ecommerce"", ""gain"": 1}, {""need"": ""real estate"", ""gain"": 1}, {""need"": ""healthcare"", ""gain"": 1}, {""need"": ""grocery"", ""gain"": 1}]",,"{""skill_match"": 0.235, ""experience_fit"": 0.85, ""domain"": 0, ""education"": 1.0, ""achievement"": 0.8571, ""trajectory"": 1.0}",adzuna,aggregator,1000000,5000000,2022-03-25T05:12:03Z,,,,[],[],[],[],[],[],,,,"responsible, ecommerce, real, estate, healthcare, food, success, grocery, online, centric, overseeing, bringing",What is the Role? Role is responsible to define requirements and drive success of Ecommerce / Real Estate / Healthcare / Grocery / Food Online centric Tech Products. Responsible for overseeing and bringing products to market while meeting key business objectives. Desired Candidate Profile Hands-on experience of building and managing consumer tech products Prior experience in Ecommerce / Real Estate / Healthcare / Food Delivery business Experience of 3 years  of which 1.5 years  in product manag…
no,,,50,Senior Product Manager,Snic Solutions,"Vijayanagar, Bangalore",https://www.adzuna.in/details/5326556338?utm_medium=api&utm_source=195aa6d0,36,38,32,weak,0.08,0/0,,"[{""need"": ""title"", ""gain"": 2}, {""need"": ""senior product"", ""gain"": 2}, {""need"": ""manager location"", ""gain"": 2}, {""need"": ""bengaluru"", ""gain"": 2}, {""need"": ""mumbai type"", ""gain"": 2}]",,"{""skill_match"": 0.24, ""experience_fit"": 0.85, ""domain"": 0, ""education"": 1.0, ""achievement"": 0.8571, ""trajectory"": 1.0}",adzuna,aggregator,1800000,2400000,2025-07-29T17:07:55Z,,,,[],[],[],[],[],[],,,,"senior, contract, title, location, bengaluru, type, hire, reports, founder, chief, officer, take","Job Title: Senior Product Manager Location: Bengaluru or Mumbai Type: Contract to Hire Reports to: Founder & Chief Product Officer About the Role We are looking for a contract Senior Product Manager to take ownership of a working software platform and lead its evolution into a scalable, customer-facing product. This role requires a strong product management foundation, the ability to operate in fast-moving environments, and a focus on delivering practical value to users. You will work cross-fun…"
no,,,50,Senior Product Manager,Multiplier Technologies,"Bangalore, Karnataka",https://www.adzuna.in/details/5728302618?utm_medium=api&utm_source=195aa6d0,22,20,32,weak,0.08,0/0,,"[{""need"": ""global hiring revolution"", ""gain"": 2}, {""need"": ""future"", ""gain"": 2}, {""need"": ""talent"", ""gain"": 2}, {""need"": ""thrive everywhere"", ""gain"": 2}, {""need"": ""driving innovation"", ""gain"": 2}]",,"{""skill_match"": 0.2367, ""experience_fit"": 0.85, ""domain"": 0, ""education"": 1.0, ""achievement"": 0.8571, ""trajectory"": 1.0}",adzuna,aggregator,,,2026-05-14T02:13:56Z,,,,[],[],[],[],[],[],,,,"global, hiring, talent, multiplier, revolution, future, thrive, everywhere, innovation, scale, forefront, change","What do we do? The global hiring revolution is shaping a future where talent can thrive everywhere, driving innovation and progress on a global scale. Multiplier is at the forefront of this change. By removing barriers and simplifying global hiring, we’re creating a level playing field where businesses and individuals – (like you) – can compete, grow, and succeed, regardless of geography. Multiplier empowers companies to hire, onboard, manage, and pay talent in 150 countries, quickly and compli…"
no,,,50,Senior Product Manager,Exotel Techcom,"Cahmrajendrapet, Bangalore",https://www.adzuna.in/details/5647679055?utm_medium=api&utm_source=195aa6d0,29,32,32,weak,0.08,0/0,,"[{""need"": ""exotel"", ""gain"": 1}, {""need"": ""emerging markets"", ""gain"": 1}, {""need"": ""leading full-stack"", ""gain"": 1}, {""need"": ""full-stack customer"", ""gain"": 1}, {""need"": ""business-focused virtual"", ""gain"": 1}]",,"{""skill_match"": 0.2292, ""experience_fit"": 0.85, ""domain"": 0, ""education"": 1.0, ""achievement"": 0.8571, ""trajectory"": 1.0}",adzuna,aggregator,,,2026-02-28T01:56:39Z,,,,[],[],[],[],[],[],,,,"exotel, emerging, markets, customer, powers, companies, full-stack, business-focused, virtual, telecom, operator, incorporated","About Us Exotel is the emerging markets leading full-stack customer engagement platform and business-focused virtual telecom operator. Incorporated in 2011, Exotel's cloud-based product suite powers 50 million daily engagements across voice, video and messaging channels. Exotel powers unified customer engagement to over 6000 companies in 60 countries, including India, Southeast Asia, the Middle East, and Africa. Today, some of the fastest-growing companies in the emerging markets (Ola, Swiggy, …"
no,,,50,Senior Product Manager,AiDASH,"Bangalore, Karnataka",https://www.adzuna.in/details/5738034120?utm_medium=api&utm_source=195aa6d0,27,40,32,weak,0.08,0/0,,"[{""need"": ""aidash learn"", ""gain"": 2}, {""need"": ""www.aidash.com"", ""gain"": 2}, {""need"": ""preventionfirst movement"", ""gain"": 2}, {""need"": ""recognition behind"", ""gain"": 2}, {""need"": ""forbes named aidash"", ""gain"": 2}]",,"{""skill_match"": 0.2408, ""experience_fit"": 0.85, ""domain"": 0, ""education"": 1.0, ""achievement"": 0.8571, ""trajectory"": 1.0}",adzuna,aggregator,,,2026-05-23T02:20:29Z,,,,[],[],[],[],[],[],,,,"aidash, america, learn, www.aidash.com, preventionfirst, movement, recognition, behind, forbes, named, startup, employers","About AiDASH Learn more at www.aidash.com. The PreventionFirst movement is growing, and so is the recognition behind it. In 2026, Forbes named AiDASH one of America's Best Startup Employers for the 4th consecutive year, and TIME included AiDASH among America's Top GreenTech Companies for the 3rd year in a row. Deloitte Technology Fast 500 ™ ranked AiDASH No. 12 in the San Francisco Bay Area, and No. 59 overall in their selection of the top 500 for 2024. Join us in Securing Tomorrow Together! Th…"
no,,,50,Senior Product Manager,Clarivate,"Bangalore, Karnataka",https://www.adzuna.in/details/5760752222?utm_medium=api&utm_source=195aa6d0,36,51,32,weak,0.08,0/0,,"[{""need"": ""senior product"", ""gain"": 1}, {""need"": ""manager clarivate"", ""gain"": 1}, {""need"": ""clarivate offers"", ""gain"": 1}, {""need"": ""offers proprietary"", ""gain"": 1}, {""need"": ""proprietary market"", ""gain"": 1}]",,"{""skill_match"": 0.1992, ""experience_fit"": 0.85, ""domain"": 0, ""education"": 1.0, ""achievement"": 1, ""trajectory"": 1.0}",adzuna,aggregator,,,2026-06-12T06:53:56Z,,,,[],[],[],[],[],[],,,,"healthcare, clarivate, proprietary, access, sets, aggregated, provide, comprehensive, view, today, ecosystem, offer","Clarivate offers proprietary market access data sets aggregated to provide a comprehensive view of today s healthcare ecosystem and offer invaluable insights from pre-launch through product maturity. We are looking for a Sr. Product Manager , reporting into the VP of Product Management for our Bangalore office. Across the Healthcare and Data Solutions organization our focus remains on driving growth by product enhancements. About You - education, experience, skills, and accomplishments Minimum …"
no,,,50,Business Analyst,NEC Software Solutions,"Mumbai, Maharashtra",https://www.adzuna.in/details/5811132651?utm_medium=api&utm_source=195aa6d0,33,55,36,borderline,0.14,0/0,,"[{""need"": ""business analyst"", ""gain"": 1}, {""need"": ""description"", ""gain"": 1}, {""need"": ""analyst key"", ""gain"": 1}, {""need"": ""key accountabilities"", ""gain"": 1}, {""need"": ""primarily focussed"", ""gain"": 1}]",,"{""skill_match"": 0.2257, ""experience_fit"": 0.85, ""domain"": 0, ""education"": 1.0, ""achievement"": 0.8571, ""trajectory"": 1.0}",adzuna,aggregator,,,2026-07-23T01:03:09Z,,,,[],[],[],[],[],[],,,,"analyst, description, accountabilities, primarily, focussed, preparation, functional, stories, responsible, contributing, system, providing","Job Description Job Role: Business Analyst Key Accountabilities: Primarily focussed on Systems Analysis and preparation of functional specifications / User Stories, the Business Analyst will also be responsible for contributing to System Testing and providing analysis and support throughout the full development lifecycle Role & Responsibilities •To act as the primary contact and source of knowledge for the offshore development and test teams for all matters relating to the business functionalit…"
no,,,50,Business Analyst,Thomasmount Consulting,"Bangalore, Karnataka",https://www.adzuna.in/details/5815241095?utm_medium=api&utm_source=195aa6d0,30,53,39,borderline,0.18,0/0,,"[{""need"": ""business analyst"", ""gain"": 2}, {""need"": ""description business analyst/amt"", ""gain"": 2}, {""need"": ""service based"", ""gain"": 2}, {""need"": ""appropriate"", ""gain"": 2}, {""need"": ""study"", ""gain"": 2}]",,"{""skill_match"": 0.1558, ""experience_fit"": 1.0, ""domain"": 0, ""education"": 1.0, ""achievement"": 0.8571, ""trajectory"": 1.0}",adzuna,aggregator,300000,550000,2026-07-25T15:56:47Z,,,,[],[],[],[],[],[],,,,"description, analyst/amt, analyst, service, degree, appropriate, field, study, equivalent, exposure, jira, independently","Job Description- Business Analyst/AMT Minimum 2- 3 years of experience in Business Analyst role Experience working in Service based company Bachelor's Degree in an appropriate field of study or equivalent work experience Exposure to Project management tools like Jira Ability to work independently and with others. Proven experience in eliciting requirements and testing Create comprehensive, accurate business and functional requirements and present them clearly to clients and development teams. C…"
no,,,50,Business Analyst,Exioms Technology,"Pune, Maharashtra",https://www.adzuna.in/details/5806704101?utm_medium=api&utm_source=195aa6d0,25,26,59,borderline,0.45,3/11,"business analyst solid, client servicing, rapidly learn, take advantage, methods, prepare business, functional, document","[{""need"": ""business analyst solid"", ""gain"": 2}, {""need"": ""client servicing"", ""gain"": 2}, {""need"": ""rapidly learn"", ""gain"": 2}, {""need"": ""take advantage"", ""gain"": 2}, {""need"": ""methods"", ""gain"": 2}]",,"{""skill_match"": 0.2262, ""experience_fit"": 0.85, ""domain"": 0, ""education"": 1.0, ""achievement"": 0.8571, ""trajectory"": 1.0}",adzuna,aggregator,,,2026-07-19T07:23:32Z,,,,[],[],[],[],[],[],,,,"client, analyst, degree, computer, science, subject, solid, understanding, requirement, servicing, rapidly, learn","Business Analyst What are we looking for Degree in Computer Science or Engineering related to subject. 3 years of Business Analyst Solid understanding of the requirement analysis and client servicing Ability to rapidly learn and take advantage of new concepts, business models, and methods Responsibilities Needs to prepare business and functional requirements document. Gathering information on the project requirements from the client and preparing documents or business proposals as per client re…"
no,,,50,Business Analyst,Saxon Global INC,"Bangalore, Karnataka",https://www.adzuna.in/details/5778430828?utm_medium=api&utm_source=195aa6d0,29,43,64,competitive,0.52,2/12,"business analyst, description, data quality solutions, clients, accounts business, business lines, lines cross, globe perform, follow deployment process, uat testing","[{""need"": ""business analyst"", ""gain"": 3}, {""need"": ""description"", ""gain"": 3}, {""need"": ""data quality solutions"", ""gain"": 3}, {""need"": ""clients"", ""gain"": 3}, {""need"": ""accounts business"", ""gain"": 3}]",,"{""skill_match"": 0.1483, ""experience_fit"": 1.0, ""domain"": 0, ""education"": 1.0, ""achievement"": 0.8571, ""trajectory"": 1.0}",adzuna,aggregator,,,2026-06-27T07:12:42Z,,,,[],[],[],[],[],[],,,,"science, power, description, solutions, clients, accounts, lines, cross, globe, perform, tests, follow","Job description Support the deployment of Data Quality solutions for Clients, Accounts & Business Lines cross the globe Perform QA tests and follow deployment process Support UAT testing for DQ scorecards/dashboards degree in MIS, Library Science or Computer Science Required Candidate profile Must have 3-5 years of experience in Data Analysis,Data Governance,Data Management ,Data Modelling,Data 2 years of experience in dashboards using Tableau, MS Power View, MS Power Pivot, SQL queries Skills:…"
no,,,50,Senior Business Analyst,Azilen,"Pune, Maharashtra",https://www.adzuna.in/details/5760753286?utm_medium=api&utm_source=195aa6d0,36,55,40,borderline,0.2,0/0,,"[{""need"": ""5 years of experience (you show 3.9)"", ""gain"": 5}, {""need"": ""senior business"", ""gain"": 2}, {""need"": ""business analyst"", ""gain"": 2}, {""need"": ""analyst description"", ""gain"": 2}, {""need"": ""senior business analyst"", ""gain"": 2}]",,"{""skill_match"": 0.2783, ""experience_fit"": 0.768, ""domain"": 0, ""education"": 1.0, ""achievement"": 0.8571, ""trajectory"": 1.0}",adzuna,aggregator,,,2026-06-12T06:55:30Z,,,,[],[],[],[],[],[],,,,"needs, solutions, description, seeking, senior, analyst, ideal, focus, understanding, actionable, analyze, document","Description We are seeking a Senior Business Analyst to join our team in India. The ideal candidate will have 5-7 years of experience in business analysis, with a strong focus on understanding business needs and translating them into actionable solutions. Responsibilities Analyze and document business requirements and processes. Work closely with stakeholders to identify business needs and solutions. Create detailed functional specifications and use cases. Conduct gap analysis and recommend imp…"
no,,,50,Senior Business Analyst,ViralMint,"Pune, Maharashtra",https://www.adzuna.in/details/1171508709?utm_medium=api&utm_source=195aa6d0,34,52,32,weak,0.08,0/0,,"[{""need"": ""senior business"", ""gain"": 1}, {""need"": ""business analyst"", ""gain"": 1}, {""need"": ""analyst viralmint"", ""gain"": 1}, {""need"": ""backed social commerce"", ""gain"": 1}, {""need"": ""pune"", ""gain"": 1}]",,"{""skill_match"": 0.2344, ""experience_fit"": 0.85, ""domain"": 0, ""education"": 1.0, ""achievement"": 0.8571, ""trajectory"": 1.0}",adzuna,aggregator,600000,800000,2019-06-05T21:12:19Z,,,,[],[],[],[],[],[],,,,"suite, after, viralmint, backed, commerce, ventured, focussed, facilitate, smooth, brand, assets, experiencing","ViralMint is a VC backed Social Commerce company based in Pune. We ventured out into the Digital Marketing domain in 2013 with a suite of products focussed to facilitate smooth engagement between the brand and its customers through digital assets. After experiencing phenomenal success with the engagement suite, we decided to go after the grass root level issues looming the digital marketing domain. Our current team of performance marketing gurus work in collaboration to ensure highest possible …"
no,,,50,Senior Business Analyst,Talent Pro,"Bangalore, Karnataka",https://www.adzuna.in/details/5585713650?utm_medium=api&utm_source=195aa6d0,22,19,70,competitive,0.61,3/12,"senior business analyst, recent, fast-growing startup environment, python, sql, databases/apis, mongo, presto, rest","[{""need"": ""senior business analyst"", ""gain"": 3}, {""need"": ""recent"", ""gain"": 3}, {""need"": ""fast-growing startup environment"", ""gain"": 3}, {""need"": ""python"", ""gain"": 3}, {""need"": ""sql"", ""gain"": 3}]",,"{""skill_match"": 0.2277, ""experience_fit"": 0.885, ""domain"": 0, ""education"": 1.0, ""achievement"": 0.8571, ""trajectory"": 1.0}",adzuna,aggregator,1700000,2100000,2026-01-15T11:11:17Z,,,,[],[],[],[],[],[],,,,"similar, roles, current, recent, fast-growing, startup, environment, hands-on, python, databases/apis, mongo, presto","Candidate must have 4–7 years of experience in analytics / business analytics roles. 2. Candidate must have current or recent experience in a fast-growing startup environment. 3. Candidate must have hands-on experience with Python and SQL. 4. Candidate must have experience working with databases/APIs (Mongo, Presto, REST or similar). 5. Candidate must have experience building dashboards/visualizations (Tableau, Metabase or similar). 6. Candidate must be available for face-to-face interviews in …"
no,,,50,Senior Business Analyst IND,OsbIndia,"Bangalore, Karnataka",https://www.adzuna.in/details/5814407609?utm_medium=api&utm_source=195aa6d0,25,32,27,weak,0.0,0/0,,"[{""need"": ""key conduit between"", ""gain"": 3}, {""need"": ""senior business"", ""gain"": 2}, {""need"": ""business analyst"", ""gain"": 2}, {""need"": ""analyst ind"", ""gain"": 2}, {""need"": ""description"", ""gain"": 2}]",,"{""skill_match"": 0.2267, ""experience_fit"": 0.85, ""domain"": 0, ""education"": 1.0, ""achievement"": 0.8571, ""trajectory"": 1.0}",adzuna,aggregator,,,2026-07-25T03:15:33Z,,,,[],[],[],[],[],[],,,,"title, purpose, description, senior, analyst, department, line, owner, location, osbi, bengaluru, hyderabad","Job Description Job Title: Senior Business Analyst - Data Department: Data & BI Line Manager’s Job Title: Data Product Owner Location: OSBI – Bengaluru / Hyderabad Version Date: January 2026 Job Purpose The key purpose of this role is to define desirable, viable, feasible, and sustainable data solutions that meets organisational needs for ubiquitous timely and accurate information and to support development across the product life cycle. The role is a key conduit between the business stakeholde…"
no,,,50,Startup and Venture Capital Partnership Manager,Google,"Bangalore, Karnataka",https://www.adzuna.in/details/5811381941?utm_medium=api&utm_source=195aa6d0,31,56,32,weak,0.08,0/0,,"[{""need"": ""startup"", ""gain"": 2}, {""need"": ""venture capital"", ""gain"": 2}, {""need"": ""capital partnership"", ""gain"": 2}, {""need"": ""equivalent practical"", ""gain"": 2}, {""need"": ""management consulting"", ""gain"": 2}]",,"{""skill_match"": 0.2469, ""experience_fit"": 0.85, ""domain"": 0, ""education"": 1.0, ""achievement"": 0.8571, ""trajectory"": 1.0}",adzuna,aggregator,,,2026-07-23T03:27:17Z,,,,[],[],[],[],[],[],,,,"degree, equivalent, practical, investment, banking, electronics, auto, oems, telecom, e-commerce/retail, apps, gaming","Minimum qualifications: Bachelor's degree or equivalent practical experience. 10 years of experience in business development, partnerships, management consulting, or investment banking, in the consumer electronics, auto, OEMs, telecom, e-commerce/retail, apps, ads, gaming, or technology industries. Experience working with C-level executives and cross-functionally across all levels of management. Experience managing agreements or partnerships. Preferred qualifications: MBA or other Advanced degr…"
no,,,50,Publisher Partnership Manager (Mobile Apps),GreedyGame,"Bangalore, Karnataka",https://www.adzuna.in/details/2297742746?utm_medium=api&utm_source=195aa6d0,32,58,36,borderline,0.14,0/0,,"[{""need"": ""publisher partnership manager"", ""gain"": 2}, {""need"": ""mobile apps"", ""gain"": 2}, {""need"": ""publisher partnerships manager"", ""gain"": 2}, {""need"": ""indian"", ""gain"": 2}, {""need"": ""global app"", ""gain"": 2}]",,"{""skill_match"": 0.2425, ""experience_fit"": 0.85, ""domain"": 0, ""education"": 1.0, ""achievement"": 0.8571, ""trajectory"": 1.0}",adzuna,aggregator,500000,1500000,2021-07-03T21:20:27Z,,,,[],[],[],[],[],[],,,,"publisher, level, responsible, indian, global, admob, greedygame, monetization, solutions, details, seniority, mid-senior","We are looking for a Publisher Partnerships Manager who would be responsible for acquisition and partner management of Indian and global app publisher partners to work with Google Admob, Ad Manager, and GreedyGame's app monetization solutions. JOB DETAILS: Seniority Level: Mid-Senior Level Industry: Marketing & Advertising Employment Type: Full-Time Job Functions: Marketing, Business Development, Operations Job Location: Bengaluru Experience: 2 Years WHAT WILL BE YOUR RESPONSIBILITIES? 1. Ident…"
no,,,50,Senior Market Strategy and Partnerships Manager,FeverUp,"Mumbai, Maharashtra",https://www.adzuna.in/details/5696937125?utm_medium=api&utm_source=195aa6d0,27,39,32,weak,0.08,0/0,,"[{""need"": ""partnerships manager hey"", ""gain"": 2}, {""need"": ""fever"", ""gain"": 2}, {""need"": ""world"", ""gain"": 2}, {""need"": ""culture"", ""gain"": 2}, {""need"": ""live entertainment"", ""gain"": 2}]",,"{""skill_match"": 0.2442, ""experience_fit"": 0.85, ""domain"": 0, ""education"": 1.0, ""achievement"": 0.8571, ""trajectory"": 1.0}",adzuna,aggregator,,,2026-04-12T02:09:06Z,,,,[],[],[],[],[],[],,,,"entertainment, culture, live, people, there, fever, world, mission, democratize, access, proprietary, cutting-edge","Hey there! We’re Fever , the world’s leading tech platform for culture and live entertainment. Our mission? To democratize access to culture and entertainment. With our proprietary cutting-edge technology and data-driven approach, we’re revolutionizing the way people engage with live entertainment. Every month, our platform inspires over 300 million people in 55 countries (and counting) to discover unforgettable experiences while also empowering event creators with our data and technology, help…"
no,,,50,Partnerships and Alliances Manager,Plancover,"Bangalore, Karnataka",https://www.adzuna.in/details/2056136318?utm_medium=api&utm_source=195aa6d0,30,48,32,weak,0.08,0/0,,"[{""need"": ""alliances manager"", ""gain"": 2}, {""need"": ""energetic partnership"", ""gain"": 2}, {""need"": ""expand"", ""gain"": 2}, {""need"": ""client"", ""gain"": 2}, {""need"": ""goal"", ""gain"": 2}]",,"{""skill_match"": 0.2067, ""experience_fit"": 0.85, ""domain"": 0, ""education"": 1.0, ""achievement"": 1, ""trajectory"": 1.0}",adzuna,aggregator,,1000000,2021-03-17T04:44:43Z,,,,[],[],[],[],[],[],,,,"clients, energetic, alliances, expand, client, goal, sustainable, financial, boosting, forging, relationships, prospecting",About the role: We are looking for an energetic partnership and alliances manager to help us expand our clientèle. The goal is to drive sustainable financial growth through boosting partnerships and forging strong relationships with clients. New Business Development: Prospecting potential E-commerce clients for successful and profitable alliance for various lines of product. Researching organizations and individuals on-line (especially on social media) to identify new leads and potential new ma…
no,,,50,"Strategic Partnerships Development Manager, Google Play",Google,"Mumbai, Maharashtra",https://www.adzuna.in/details/5760977630?utm_medium=api&utm_source=195aa6d0,30,44,27,weak,0.0,0/0,,"[{""need"": ""google play"", ""gain"": 1}, {""need"": ""play strategic"", ""gain"": 1}, {""need"": ""play corporate"", ""gain"": 1}, {""need"": ""corporate fare"", ""gain"": 1}, {""need"": ""fare google"", ""gain"": 1}]",,"{""skill_match"": 0.2317, ""experience_fit"": 0.85, ""domain"": 0, ""education"": 1.0, ""achievement"": 0.8571, ""trajectory"": 1.0}",adzuna,aggregator,,,2026-06-12T10:26:47Z,,,,[],[],[],[],[],[],,,,"maharashtra, bengaluru, karnataka, play, corporate, fare, place, solving, problems, mentoring, junior, members","Strategic Partnerships Development Manager, Google Play _corporate_fare_ Google _place_ Mumbai, Maharashtra, India; Bengaluru, Karnataka, India Mid Experience driving progress, solving problems, and mentoring more junior team members; deeper expertise and applied knowledge within relevant area. _info_outline_ XNote: By applying to this position you will have an opportunity to share your preferred working location from the following: Mumbai, Maharashtra, India; Bengaluru, Karnataka, India . Mini…"
no,,,50,"Strategic Partnerships Development Manager, Google Play",Google,"Bangalore, Karnataka",https://www.adzuna.in/details/5760977635?utm_medium=api&utm_source=195aa6d0,30,44,27,weak,0.0,0/0,,"[{""need"": ""google play"", ""gain"": 1}, {""need"": ""play strategic"", ""gain"": 1}, {""need"": ""play corporate"", ""gain"": 1}, {""need"": ""corporate fare"", ""gain"": 1}, {""need"": ""fare google"", ""gain"": 1}]",,"{""skill_match"": 0.2317, ""experience_fit"": 0.85, ""domain"": 0, ""education"": 1.0, ""achievement"": 0.8571, ""trajectory"": 1.0}",adzuna,aggregator,,,2026-06-12T10:26:48Z,,,,[],[],[],[],[],[],,,,"maharashtra, bengaluru, karnataka, play, corporate, fare, place, solving, problems, mentoring, junior, members","Strategic Partnerships Development Manager, Google Play _corporate_fare_ Google _place_ Mumbai, Maharashtra, India; Bengaluru, Karnataka, India Mid Experience driving progress, solving problems, and mentoring more junior team members; deeper expertise and applied knowledge within relevant area. _info_outline_ XNote: By applying to this position you will have an opportunity to share your preferred working location from the following: Mumbai, Maharashtra, India; Bengaluru, Karnataka, India . Mini…"
no,,,50,Senior Director Alliance Partner Management,Diebold Nixdorf,"Mumbai, Maharashtra",https://www.adzuna.in/details/5728313789?utm_medium=api&utm_source=195aa6d0,28,39,32,weak,0.08,0/0,,"[{""need"": ""senior director"", ""gain"": 1}, {""need"": ""director alliance"", ""gain"": 1}, {""need"": ""alliance partner"", ""gain"": 1}, {""need"": ""management description"", ""gain"": 1}, {""need"": ""description provides"", ""gain"": 1}]",,"{""skill_match"": 0.1992, ""experience_fit"": 0.85, ""domain"": 0, ""education"": 1.0, ""achievement"": 1, ""trajectory"": 1.0}",adzuna,aggregator,,,2026-05-14T02:15:30Z,,,,[],[],[],[],[],[],,,,"alliances, account, recruits, description, provides, leadership, oversight, alliance, oversees, efforts, identify, develop","Description Provides leadership, oversight and Team Management to the Alliance / Partnership group. Oversees team efforts to identify and develop key account alliances and relationship programs designed to produce sales opportunities. Recruits, develops and manages strategic alliances / partnerships and opportunity pipelines. Ensures account retention, growth and customer satisfaction. Recruits new alliances / partnerships. Evaluates program performance and trends and works collaboratively acro…"
no,,,50,Program Manager,ixigo,"Bangalore, Karnataka",https://www.adzuna.in/details/5809629134?utm_medium=api&utm_source=195aa6d0,27,34,32,weak,0.08,0/0,,"[{""need"": ""program manager"", ""gain"": 1}, {""need"": ""description take"", ""gain"": 1}, {""need"": ""take ownership"", ""gain"": 1}, {""need"": ""ownership through"", ""gain"": 1}, {""need"": ""through every"", ""gain"": 1}]",,"{""skill_match"": 0.2275, ""experience_fit"": 0.85, ""domain"": 0, ""education"": 1.0, ""achievement"": 0.8571, ""trajectory"": 1.0}",adzuna,aggregator,,,2026-07-22T01:02:21Z,,,,[],[],[],[],[],[],,,,"scrum, plan, description, take, ownership, every, stage, agile, software, facilitates, ceremonies, fetching","Job Description Take ownership through every stage of the agile software development lifecycle Facilitates all the Scrum ceremonies Fetching reports from JIRA & maintaining sprint metrics To forecast and publish the plan for all the major projects running Develop a detailed project plan to monitor and track progress, manage changes to the project scope & project schedule using appropriate verification techniques Keeping close track of all the deliveries Coach the team members around Scrum & Agi…"
no,,,50,Program Manager,Enphase Energy,"Bangalore, Karnataka",https://www.adzuna.in/details/5774233368?utm_medium=api&utm_source=195aa6d0,32,55,46,borderline,0.28,0/2,"cohesively, members","[{""need"": ""cohesively"", ""gain"": 2}, {""need"": ""members"", ""gain"": 2}, {""need"": ""program manager"", ""gain"": 1}, {""need"": ""deliver complex systems"", ""gain"": 1}, {""need"": ""ing closely"", ""gain"": 1}]",,"{""skill_match"": 0.2277, ""experience_fit"": 0.85, ""domain"": 0, ""education"": 1.0, ""achievement"": 0.8571, ""trajectory"": 1.0}",adzuna,aggregator,,,2026-06-24T07:22:01Z,,,,[],[],[],[],[],[],,,,"various, plans, deliver, complex, closely, external, establish, risk, milestones, deliverables, involved, defining","You will lead and deliver complex Systems , work ing closely with various internal and external stakeholders to establish project plans, risk management plans, project milestones and deliverables. You will also be involved in defining project resources, managing the integration of various components of the project including hardware, software, testing, business process review, redesign, application development, financial and costing. You are required to work cohesively with your team members to…"
no,,,50,Program Manager,New Era India,"Mumbai, Maharashtra",https://www.adzuna.in/details/3433222193?utm_medium=api&utm_source=195aa6d0,29,45,54,borderline,0.39,3/12,"whatsapp, closely, different cross-functional, realize, road map, rpa implementation, starting, gathering, ideation","[{""need"": ""whatsapp"", ""gain"": 1}, {""need"": ""closely"", ""gain"": 1}, {""need"": ""different cross-functional"", ""gain"": 1}, {""need"": ""realize"", ""gain"": 1}, {""need"": ""road map"", ""gain"": 1}]",,"{""skill_match"": 0.2251, ""experience_fit"": 0.85, ""domain"": 0, ""education"": 1.0, ""achievement"": 0.8571, ""trajectory"": 1.0}",adzuna,aggregator,1000000,1500000,2022-08-26T06:41:27Z,,,,[],[],[],[],[],[],,,,"management.involve, collection, filtering, refining, sizing, huge, incidents, telecom, good, unified, communication, contact","This role includes both product and Project management.Involve in Data collection,Data filtering,refining, and sizing huge incidents data. Preferred Domain- Telecom Good to have Voice, Unified Communication, Contact center, Messaging experience, Application to Person (i.e. integration with WhatsApp,etc.) Work closely with the Engineering Team,Customer Business Team, different cross-functional Team to realize a road map of RPA implementation, Starting from requirement gathering, Ideation to Solu…"
no,,,50,D2C Operations & Growth Manager,Hunarstreet Technologies Pvt Ltd,"Bangalore, Karnataka",https://www.adzuna.in/details/5713424513?utm_medium=api&utm_source=195aa6d0,33,62,40,borderline,0.2,0/0,,"[{""need"": ""5 years of experience (you show 3.9)"", ""gain"": 5}, {""need"": ""d2c operations"", ""gain"": 2}, {""need"": ""operations growth"", ""gain"": 2}, {""need"": ""manager d2c"", ""gain"": 2}, {""need"": ""manager location"", ""gain"": 2}]",,"{""skill_match"": 0.2483, ""experience_fit"": 0.768, ""domain"": 0, ""education"": 1.0, ""achievement"": 1, ""trajectory"": 1.0}",adzuna,aggregator,800000,1500000,2026-04-29T12:06:11Z,,,,[],[],[],[],[],[],,,,"supply, chain, location, bangalore, on-site, overview, sits, intersection, behind, runs, efficiently, scales","D2C Operations & Growth Manager  Location: Bangalore (On-site)  Experience: 5–7 Years Role Overview We’re looking for a Business Operations Manager to drive and streamline our D2C business operations . This role sits at the intersection of technology, supply chain, and growth , ensuring the engine behind our website runs efficiently and scales profitably. You’ll work closely with cross-functional teams (marketing, tech, supply chain) and also lead a small team to execute and scale operations ef…"
no,,,50,"Growth Manager, Prime Video India, Prime Video",ASSPL - Maharashtra,"Mumbai, Maharashtra",https://www.adzuna.in/details/5686937256?utm_medium=api&utm_source=195aa6d0,30,40,32,weak,0.08,0/0,,"[{""need"": ""prime video india"", ""gain"": 2}, {""need"": ""prime video"", ""gain"": 2}, {""need"": ""video amazon"", ""gain"": 2}, {""need"": ""amazon prime"", ""gain"": 2}, {""need"": ""future"", ""gain"": 2}]",,"{""skill_match"": 0.2008, ""experience_fit"": 0.85, ""domain"": 0, ""education"": 1.0, ""achievement"": 1, ""trajectory"": 1.0}",adzuna,aggregator,,,2026-04-02T11:34:19Z,,,,[],[],[],[],[],[],,,,"video, amazon, entertainment, favourite, future, mission, offer, widest, selection, original, series, movies","Amazon Prime Video is shaping the future of digital video entertainment. Our mission is to offer customers the widest selection of digital video content including Amazon original content, favourite TV series and Movies, while making it trivially easy for them to enjoy they favourite content wherever and whenever they want. We have a goal to become the entertainment destination for customers in India while delighting our customers with a great service and broad content. We are looking for a vers…"
no,,,50,"Growth Manager, Prime Video India, Prime Video",Amazon,"Mumbai, Maharashtra",https://www.adzuna.in/details/5688255048?utm_medium=api&utm_source=195aa6d0,29,39,32,weak,0.08,0/0,,"[{""need"": ""prime video india"", ""gain"": 2}, {""need"": ""prime video"", ""gain"": 2}, {""need"": ""video description"", ""gain"": 2}, {""need"": ""description amazon"", ""gain"": 2}, {""need"": ""amazon prime"", ""gain"": 2}]",,"{""skill_match"": 0.2008, ""experience_fit"": 0.85, ""domain"": 0, ""education"": 1.0, ""achievement"": 1, ""trajectory"": 1.0}",adzuna,aggregator,,,2026-04-03T09:37:05Z,,,,[],[],[],[],[],[],,,,"video, amazon, entertainment, favourite, description, future, mission, offer, widest, selection, original, series","Description Amazon Prime Video is shaping the future of digital video entertainment. Our mission is to offer customers the widest selection of digital video content including Amazon original content, favourite TV series and Movies, while making it trivially easy for them to enjoy they favourite content wherever and whenever they want. We have a goal to become the entertainment destination for customers in India while delighting our customers with a great service and broad content. We are lookin…"
no,,,50,Product Owner,FOLD HEALTH INDIA PRIVATE LIMITED,"Baner, Pune",https://www.adzuna.in/details/5804951783?utm_medium=api&utm_source=195aa6d0,33,56,32,weak,0.08,0/0,,"[{""need"": ""product owner"", ""gain"": 2}, {""need"": ""document product"", ""gain"": 2}, {""need"": ""in-line"", ""gain"": 2}, {""need"": ""product vision"", ""gain"": 2}, {""need"": ""business goals"", ""gain"": 2}]",,"{""skill_match"": 0.2375, ""experience_fit"": 0.85, ""domain"": 0, ""education"": 1.0, ""achievement"": 0.8571, ""trajectory"": 1.0}",adzuna,aggregator,,,2026-07-17T20:35:12Z,,,,[],[],[],[],[],[],,,,"vision, document, in-line, goals, translate, level, actionable, stories, features, well-defined, user-friendly, industry","Responsibilities: 1. Define and document product requirements in-line with the product vision and business goals: Translate high level product vision into actionable user stories, ensuring that product features are well-defined, user-friendly, and aligned with industry best practices. 2. Collaborate with Engineering, User Experience, SMEs, Clients, Client facing teams within Fold, and other stakeholders to define product requirements. 3. Manage/maintain a prioritized product backlog: Work close…"
no,,,49,partnerships management - CRED Store,cred,bengaluru,https://jobs.lever.co/cred/fd4bac8c-94ba-4549-bc10-41d942b0481c,22,24,34,weak,0.14,0/0,,"[{""need"": ""cred store"", ""gain"": 2}, {""need"": ""exclusive community"", ""gain"": 2}, {""need"": ""trustworthy"", ""gain"": 2}, {""need"": ""creditworthy individuals"", ""gain"": 2}, {""need"": ""members"", ""gain"": 2}]",,"{""skill_match"": 0.125, ""experience_fit"": 0.85, ""domain"": 0.25, ""education"": 1.0, ""achievement"": 0.8571, ""trajectory"": 1.0}",lever,direct,,,1731654158464,,,,[],[],[],[],[],[],,,,"cred, community, trustworthy, virtue, being, here, exclusive, creditworthy, individuals, members, rewarded, good","what is CRED?
 
CRED is an exclusive community for India’s most trustworthy and creditworthy individuals, where the members are rewarded for good financial behaviour. 
 
CRED was born out of a need to bring back the focus on a long-lost virtue, one of trust, the idea being to create a community centered around this virtue. a community that constantly strives to become more virtuous in this regard till they finally scale their behaviour to create a utopia where being trustworthy is the norm and not the exception. to build a community like this requires a community of its own; a community special in its own way, working towards making this vision come true. 
 
here’s a thought experiment: what do you get when you put a group of incredibly passionate and driven people and entrust them with the complete freedom to chase down their goals in a completely uninhibited manner?
answer: you get something close to what we have at CRED; CRED just has it better. 
 
here’s what will be in store for you at CRED once you join us."
no,,,49,Product Manager,MNR Solutions,"Mumbai, Maharashtra",https://www.adzuna.in/details/3710148630?utm_medium=api&utm_source=195aa6d0,31,38,30,weak,0.08,0/0,,"[{""need"": ""greeting"", ""gain"": 1}, {""need"": ""mnr urgent opening"", ""gain"": 1}, {""need"": ""manager location"", ""gain"": 1}, {""need"": ""location mumbai"", ""gain"": 1}, {""need"": ""wfo"", ""gain"": 1}]",,"{""skill_match"": 0.205, ""experience_fit"": 0.85, ""domain"": 0, ""education"": 1.0, ""achievement"": 0.8571, ""trajectory"": 1.0}",adzuna,aggregator,600000,1000000,2022-11-22T05:54:55Z,,,,[],[],[],[],[],[],,,,"greeting, urgent, opening, location, position, overview, reports, directly, works, manages, life, cycle","Hi Greeting From MNR Urgent opening for Product Manager Location – Mumbai (WFO) Position Overview: Product Manager, who reports and directly works with the VP Operations and manages end to end product life cycle, gathering and prioritizing product and customer requirements, defining the product vision, and working closely with the development team to deliver winning products in line with organization’s core values and ethics. Primary Responsibilities: Automate workflows for Caregivers and Patie…"
no,,,49,Product Manager,Tailor and Circus,"Bangalore, Karnataka",https://www.adzuna.in/details/2566774975?utm_medium=api&utm_source=195aa6d0,23,17,30,weak,0.08,0/0,,"[{""need"": ""circus"", ""gain"": 2}, {""need"": ""progressive"", ""gain"": 2}, {""need"": ""unisex underwear brand"", ""gain"": 2}, {""need"": ""indian apparel space"", ""gain"": 2}, {""need"": ""forefront"", ""gain"": 2}]",,"{""skill_match"": 0.2152, ""experience_fit"": 0.85, ""domain"": 0, ""education"": 1.0, ""achievement"": 0.8571, ""trajectory"": 1.0}",adzuna,aggregator,,700000,2021-10-22T05:05:10Z,,,,[],[],[],[],[],[],,,,"underwear, brand, tailor, circus, progressive, unisex, indian, apparel, space, forefront, e-commerce, innovation","Tailor and Circus is a progressive and unisex underwear brand in the Indian apparel space, at the forefront of E-commerce and product innovation. We have created India's most comfortable and responsible piece of underwear, offering the highest quality and selling direct-to-consumer. As a brand, we are India's first inclusive and body-positive underwear company. This has been part of the company's DNA since the inception, all our models and influencers who represent the brand are real people hav…"
no,,,49,Product Manager,numberz,"Bangalore, Karnataka",https://www.adzuna.in/details/1171507727?utm_medium=api&utm_source=195aa6d0,31,28,34,weak,0.14,0/0,,"[{""need"": ""seasoned tech"", ""gain"": 2}, {""need"": ""tech savvy"", ""gain"": 2}, {""need"": ""savvy product"", ""gain"": 2}, {""need"": ""passionate"", ""gain"": 2}, {""need"": ""solving complex problems"", ""gain"": 2}]",,"{""skill_match"": 0.2177, ""experience_fit"": 0.85, ""domain"": 0, ""education"": 1.0, ""achievement"": 0.8571, ""trajectory"": 1.0}",adzuna,aggregator,2000000,2400000,2019-06-05T21:12:11Z,,,,[],[],[],[],[],[],,,,"customer, seasoned, savvy, passionate, solving, complex, problems, enterprise, space, close-knit, motivated, rock","We are looking for a seasoned tech savvy Product Manager who is passionate about solving complex problems with in the B2B enterprise space. You will be part of a close-knit motivated team of rock stars both on the engineering and the Go to Market side. Key Responsibilities: • Build & maintain a dynamic product plan adapting to customer & market needs • Outside in focus with deep insights about customer workflow to convert pain points into simple, effortless & delightful experiences • Ruthless f…"
no,,,49,Business Analyst,Mithra Global,"Mumbai, Maharashtra",https://www.adzuna.in/details/3710148607?utm_medium=api&utm_source=195aa6d0,30,53,30,weak,0.08,0/0,,"[{""need"": ""business analyst"", ""gain"": 1}, {""need"": ""analyst business"", ""gain"": 1}, {""need"": ""business analyst serves"", ""gain"": 1}, {""need"": ""clients"", ""gain"": 1}, {""need"": ""resources"", ""gain"": 1}]",,"{""skill_match"": 0.2008, ""experience_fit"": 0.85, ""domain"": 0, ""education"": 1.0, ""achievement"": 0.8571, ""trajectory"": 1.0}",adzuna,aggregator,1200000,1300000,2022-11-22T05:54:55Z,,,,[],[],[],[],[],[],,,,"analyst, clients, understanding, serves, developers, resources, advanced, level, solutions, enabling, organiastion, meet","Business Analyst responsibilities are:  A business analyst serves as a liaison between developers and users, clients, management and IT.  Using IT resources at an advanced level to create IT solutions, enabling organiastion meet their goals  Understanding data formats and translating them to useful process inputs.  Understanding calculation logic and interacting with the clients on their queries  Good knowledge of subject matter – both Finance and IT  Doing product demonstrations internal…"
no,,,49,Business Analyst,Sigma Infosolutions,"Bangalore, Karnataka",https://www.adzuna.in/details/3266737478?utm_medium=api&utm_source=195aa6d0,31,48,61,competitive,0.51,3/9,"collection, documentation, existing, propose reasonable solution, client, technical budget feasibility","[{""need"": ""collection"", ""gain"": 3}, {""need"": ""documentation"", ""gain"": 3}, {""need"": ""existing"", ""gain"": 3}, {""need"": ""propose reasonable solution"", ""gain"": 3}, {""need"": ""client"", ""gain"": 3}]",,"{""skill_match"": 0.2187, ""experience_fit"": 0.85, ""domain"": 0, ""education"": 1.0, ""achievement"": 0.8571, ""trajectory"": 1.0}",adzuna,aggregator,1200000,1500000,2022-06-28T06:28:21Z,,,,[],[],[],[],[],[],,,,"analyst, client, requirement, projects, description, e-commerce, magento, location, bangalore, collection, documentation, existing","Job Description of Business Analyst About the job: We are looking for a Business Analyst for E-commerce domain (Magento) Role: Your role will be of Business Analyst Location: Bangalore · Requirement Collection, Documentation and Analysis for existing and new projects · Propose reasonable solution to client’s requirement in alignment with technical & budget feasibility. · Bring clarity in work scope between development team & client. · Leading and managing multiple projects end to end. · Client …"
no,,,49,Business Analyst,Whitefield Careers,"Pune, Maharashtra",https://www.adzuna.in/details/5632645712?utm_medium=api&utm_source=195aa6d0,31,47,30,weak,0.08,0/0,,"[{""need"": ""business analyst"", ""gain"": 1}, {""need"": ""analyst business"", ""gain"": 1}, {""need"": ""analyst location"", ""gain"": 1}, {""need"": ""pune"", ""gain"": 1}, {""need"": ""office"", ""gain"": 1}]",,"{""skill_match"": 0.2033, ""experience_fit"": 0.85, ""domain"": 0, ""education"": 1.0, ""achievement"": 0.8571, ""trajectory"": 1.0}",adzuna,aggregator,,,2026-02-17T08:22:27Z,,,,[],[],[],[],[],[],,,,"analyst, solutions, location, office, employment, type, full-time, overview, organisation, play, critical, bridging","Business Analyst Location: Pune [Work from Office] Employment Type: Full-time Job Overview As a Business Analyst at Organisation, you will play a critical role in bridging the gap between business needs and technology solutions. You will collaborate with stakeholders, gather requirements, analyze business processes, and work closely with the development team to enhance our legal tech solutions. This role requires strong analytical skills, problem-solving abilities, and a keen understanding of s…"
no,,,49,Senior Business Analyst,ascendion,"Bangalore, Karnataka",https://www.adzuna.in/details/5788654248?utm_medium=api&utm_source=195aa6d0,26,42,56,borderline,0.45,3/12,"senior business analyst, title, guidewire, bengaluru, hybrid, description, guidewire certification, specialist, policycetner","[{""need"": ""senior business analyst"", ""gain"": 2}, {""need"": ""title"", ""gain"": 2}, {""need"": ""guidewire"", ""gain"": 2}, {""need"": ""bengaluru"", ""gain"": 2}, {""need"": ""hybrid"", ""gain"": 2}]",,"{""skill_match"": 0.2016, ""experience_fit"": 0.85, ""domain"": 0, ""education"": 1.0, ""achievement"": 0.8571, ""trajectory"": 1.0}",adzuna,aggregator,,,2026-07-05T07:19:26Z,,,,[],[],[],[],[],[],,,,"guidewire, title, senior, analyst, location, bengaluru, hybrid, description, certification, specialist, policycetner, billingcenter",Job Title :: Senior Business Analyst (Guidewire) Location :: Bengaluru (Hybrid) Experience :: Relevant 7 Years is a must Job Description: Must have: Guidewire certification (Specialist or Associate or ACE) PolicyCetner and BillingCenter Experience. Insurance (Property & Casualty) and Guidewire experience. Requirement Gathering & Documentation. Stakeholder Engagement & Communication. Experience with Process Analysis & Improvement. Participate in Sprint Planning. Agile & Cross-Functional Collabor…
no,,,49,Vendor Partnership Manager,NoBroker,"Mumbai, Maharashtra",https://www.adzuna.in/details/3081711068?utm_medium=api&utm_source=195aa6d0,19,23,30,weak,0.08,0/0,,"[{""need"": ""vendor partnership"", ""gain"": 1}, {""need"": ""manager vendor"", ""gain"": 1}, {""need"": ""partnership alliances"", ""gain"": 1}, {""need"": ""nobrokerhood started"", ""gain"": 1}, {""need"": ""convenient"", ""gain"": 1}]",,"{""skill_match"": 0.2033, ""experience_fit"": 0.85, ""domain"": 0, ""education"": 1.0, ""achievement"": 0.8571, ""trajectory"": 1.0}",adzuna,aggregator,600000,800000,2022-04-27T05:35:25Z,,,,[],[],[],[],[],[],,,,"nobrokerhood, housing, vendor, alliances, started, make, life, convenient, secure, residents, society, plethora","Vendor Partnership & Alliances: About The company: NoBrokerHood started in the year 2018, aimed to make life more convenient and secure for residents in any housing society. NoBrokerHood offers a plethora of services and features which enables its customer, as a user, to manage multiple activities inside residential buildings, housing societies, and gated communities. From finding domestic help to monitoring visitor entry and maintenance or utility bill payment, it’s all done from your phone. I…"
no,,,49,partnerships management - CRED Store,CRED,"Bangalore, Karnataka",https://www.adzuna.in/details/5803903364?utm_medium=api&utm_source=195aa6d0,24,30,30,weak,0.08,0/0,,"[{""need"": ""cred store"", ""gain"": 2}, {""need"": ""exclusive community"", ""gain"": 2}, {""need"": ""trustworthy"", ""gain"": 2}, {""need"": ""creditworthy individuals"", ""gain"": 2}, {""need"": ""members"", ""gain"": 2}]",,"{""skill_match"": 0.125, ""experience_fit"": 0.85, ""domain"": 0.25, ""education"": 1.0, ""achievement"": 0.8571, ""trajectory"": 1.0}",adzuna,aggregator,,,2026-07-17T03:34:15Z,,,,[],[],[],[],[],[],,,,"cred, community, trustworthy, virtue, being, exclusive, creditworthy, individuals, members, rewarded, good, financial","what is CRED? CRED is an exclusive community for India’s most trustworthy and creditworthy individuals, where the members are rewarded for good financial behaviour. CRED was born out of a need to bring back the focus on a long-lost virtue, one of trust, the idea being to create a community centered around this virtue. a community that constantly strives to become more virtuous in this regard till they finally scale their behaviour to create a utopia where being trustworthy is the norm and not t…"
no,,,49,Learning & Development Partnerships Management Specialist,Edstellar.com,"Bangalore, Karnataka",https://www.adzuna.in/details/5213369865?utm_medium=api&utm_source=195aa6d0,30,56,30,weak,0.08,0/0,,"[{""need"": ""learning development"", ""gain"": 1}, {""need"": ""management specialist"", ""gain"": 1}, {""need"": ""specialist location"", ""gain"": 1}, {""need"": ""bangalore onsite"", ""gain"": 1}, {""need"": ""onsite employment"", ""gain"": 1}]",,"{""skill_match"": 0.2067, ""experience_fit"": 0.85, ""domain"": 0, ""education"": 1.0, ""achievement"": 0.8571, ""trajectory"": 1.0}",adzuna,aggregator,400000,1000000,2025-05-24T04:56:12Z,,,,[],[],[],[],[],[],,,,"learning, specialist, training, position, location, bangalore, onsite, employment, type, full-time, openings, seeking","Position: Learning & Development Partnerships Management Specialist Location: Bangalore onsite Employment Type: Full-Time Openings: 1 Role Summary: We are seeking a dynamic and proactive specialist to lead our partnerships within the Learning & Development (L&D) ecosystem. This role involves building and managing strategic collaborations with freelance trainers, training vendors, LMS platforms, and other related partners to support the delivery of high-quality training programs globally. Key Re…"
no,,,49,Program Manager,Sir H.N. Reliance Foundation Hospital & Research Centre,"Mumbai, Maharashtra",https://www.adzuna.in/details/5740849026?utm_medium=api&utm_source=195aa6d0,31,63,30,weak,0.08,0/0,,"[{""need"": ""program manager"", ""gain"": 1}, {""need"": ""manager program"", ""gain"": 1}, {""need"": ""manager healthcare"", ""gain"": 1}, {""need"": ""healthcare growth"", ""gain"": 1}, {""need"": ""strategic initiatives"", ""gain"": 1}]",,"{""skill_match"": 0.1667, ""experience_fit"": 0.85, ""domain"": 0, ""education"": 1.0, ""achievement"": 1, ""trajectory"": 1.0}",adzuna,aggregator,600000,1500000,2026-05-26T06:36:51Z,,,,[],[],[],[],[],[],,,,"initiatives, healthcare, programs, program, organisation, reliance, foundation, hospital, purpose, perspective, focusing, scaling","Program Manager Healthcare Growth & Strategic Initiatives Organisation: HN Reliance Foundation Hospital, Mumbai Role Purpose Lead strategic healthcare growth programs from a marketing and business perspective, focusing on scaling revenue growth through doctor consultations/expert opinion platforms, digital commerce initiatives, new programs and initiatives. The role aims to drive patient acquisition, revenue growth, and integrated care delivery while strengthening brand leadership. Eligibility …"
no,,,49,Program Manager,Engineer's Cradle,"Pune, Maharashtra",https://www.adzuna.in/details/4801520410?utm_medium=api&utm_source=195aa6d0,26,37,30,weak,0.08,0/0,,"[{""need"": ""program manager"", ""gain"": 1}, {""need"": ""cradle"", ""gain"": 1}, {""need"": ""ecosystem built around"", ""gain"": 1}, {""need"": ""individuals"", ""gain"": 1}, {""need"": ""organizations grow"", ""gain"": 1}]",,"{""skill_match"": 0.165, ""experience_fit"": 0.85, ""domain"": 0, ""education"": 1.0, ""achievement"": 1, ""trajectory"": 1.0}",adzuna,aggregator,,,2024-07-31T03:12:32Z,,,,[],[],[],[],[],[],,,,"organizations, college, engineer, cradle, ecosystem, around, individuals, grow, world, goals, providing, access","About Engineer's Cradle We are an Ecosystem built around the engineering domain to help Individuals and Organizations grow in the world of technology based on their goals by providing access to the right Environment, Information, Resources, Opportunities, and Network of like-minded people and organizations. Read Details Here: https://bit.ly/3ZaJC2h Responsibilities Planning a program for colleges, college students, and college clubs Planning various technical activities for community growth Com…"
no,,,49,"Program Manager, SMB Program",Wadhwani Foundation,"Bangalore, Karnataka",https://www.adzuna.in/details/5761955215?utm_medium=api&utm_source=195aa6d0,27,34,34,weak,0.14,0/0,,"[{""need"": ""program manager"", ""gain"": 1}, {""need"": ""smb program"", ""gain"": 1}, {""need"": ""highly"", ""gain"": 1}, {""need"": ""motivated program manager"", ""gain"": 1}, {""need"": ""oversee"", ""gain"": 1}]",,"{""skill_match"": 0.1633, ""experience_fit"": 0.85, ""domain"": 0, ""education"": 1.0, ""achievement"": 1, ""trajectory"": 1.0}",adzuna,aggregator,,,2026-06-13T08:52:24Z,,,,[],[],[],[],[],[],,,,"program, seeking, highly, skilled, motivated, oversee, comprehensive, programs, small, medium, businesses, smbs","We are seeking a highly skilled and motivated Program Manager to oversee the implementation and comprehensive management of the Growth Support Programs for Small and Medium Businesses (SMBs) at our organization. This pivotal role involves managing a support initiative specifically designed for accelerating the growth of SMEs. The successful candidate will be responsible for the effective delivery of all program components, ensuring they meet participant needs and align with our organizational g…"
no,,,49,Product Growth Manager,Unnati,"Bangalore, Karnataka",https://www.adzuna.in/details/2619261399?utm_medium=api&utm_source=195aa6d0,19,24,34,weak,0.14,0/0,,"[{""need"": ""mobile-first world"", ""gain"": 1}, {""need"": ""always"", ""gain"": 1}, {""need"": ""inevitable risk posed"", ""gain"": 1}, {""need"": ""cyber security concerns"", ""gain"": 1}, {""need"": ""addressed"", ""gain"": 1}]",Unverifiable mandatory gate — confirm manually: licence/certification,"{""skill_match"": 0.165, ""experience_fit"": 0.85, ""domain"": 0, ""education"": 1.0, ""achievement"": 1, ""trajectory"": 1.0}",adzuna,aggregator,600000,1500000,2021-11-07T04:08:19Z,,,,[],[],[],[],[],[],,,,"mobile-first, risk, cyber, client, world, there, always, inevitable, posed, security, concerns, addressed","In a mobile-first world, there is always an inevitable risk posed by cyber security concerns, which is addressed by our client through API-based solutions. They focus on securing mobile-first enterprises against new age cyber fraud. Their aim is to reduce risk and accelerate the growth of all mobile transactions. Our client is located in the USA, Singapore and India and they are ISO 27001:2013 certified. Their investors include prominent VCs like XYZ Venture Capital, BLUME, Village Global, Emph…"
no,,,49,Business Devolpment & Growth Manager,DMS DESIGNS,"Bangalore, Karnataka",https://www.adzuna.in/details/5520706877?utm_medium=api&utm_source=195aa6d0,27,31,31,weak,0.1,0/0,,"[{""need"": ""business devolpment"", ""gain"": 1}, {""need"": ""devolpment growth"", ""gain"": 1}, {""need"": ""manager location"", ""gain"": 1}, {""need"": ""bengaluru"", ""gain"": 1}, {""need"": ""on-site"", ""gain"": 1}]",,"{""skill_match"": 0.165, ""experience_fit"": 0.86, ""domain"": 0, ""education"": 1.0, ""achievement"": 1, ""trajectory"": 1.0}",adzuna,aggregator,300000,480000,2025-12-01T06:38:33Z,,,,[],[],[],[],[],[],,,,"designs, position, location, bengaluru, on-site, hybrid, frequent, travel, quicker, shortlisting, fill, form","Position : Business Development & Growth Manager Location : Bengaluru (On-site / Hybrid with frequent travel) Experience : 1- 3 years For quicker shortlisting Fill out this form - https://forms.gle/qwDF1tdUyLbGkEQ46 About DMS Designs DMS Designs is a Bengaluru-based full-service creative branding & marketing agency. We specialize in fashion and lifestyle brands and are expanding into real-estate, apparel, FMCG, SaaS and more . With a stronghold in multiple cities across India and growing global…"
no,,,49,Product Owner,Gruve,"Pune, Maharashtra",https://www.adzuna.in/details/5787146409?utm_medium=api&utm_source=195aa6d0,29,45,30,weak,0.08,0/0,,"[{""need"": ""product owner"", ""gain"": 1}, {""need"": ""gruve gruve"", ""gain"": 1}, {""need"": ""innovative software"", ""gain"": 1}, {""need"": ""software services"", ""gain"": 1}, {""need"": ""services startup"", ""gain"": 1}]",,"{""skill_match"": 0.205, ""experience_fit"": 0.85, ""domain"": 0, ""education"": 1.0, ""achievement"": 0.8571, ""trajectory"": 1.0}",adzuna,aggregator,,,2026-07-04T02:23:44Z,,,,[],[],[],[],[],[],,,,"gruve, startup, customer, innovative, software, services, dedicated, transforming, enterprises, powerhouses, specialize, cybersecurity","About Gruve Gruve is an innovative software services startup dedicated to transforming enterprises to AI powerhouses. We specialize in cybersecurity, customer experience, cloud infrastructure, and advanced technologies such as Large Language Models (LLMs). Our mission is to assist our customers in their business strategies utilizing their data to make more intelligent decisions. As a well-funded early-stage startup, Gruve offers a dynamic environment with strong customer and partner networks. P…"
no,,,48,Product Manager,Kruzr,"Bangalore, Karnataka",https://www.adzuna.in/details/1485458121?utm_medium=api&utm_source=195aa6d0,26,33,31,weak,0.14,0/0,,"[{""need"": ""virtual assistant"", ""gain"": 2}, {""need"": ""drivers"", ""gain"": 2}, {""need"": ""safe"", ""gain"": 2}, {""need"": ""roads"", ""gain"": 2}, {""need"": ""drivers manage distractions"", ""gain"": 2}]",,"{""skill_match"": 0.16, ""experience_fit"": 0.85, ""domain"": 0, ""education"": 1.0, ""achievement"": 1, ""trajectory"": 1.0}",adzuna,aggregator,1400000,2000000,2020-03-12T11:13:54Z,,,,[],[],[],[],[],[],,,,"safe, drivers, better, kruzr, virtual, assistant, roads, manage, distractions, manner, speed, range","Kruzr is building a virtual assistant to help drivers be safe on roads. We help drivers manage distractions in a safe manner, drive in a safe speed range, and avoid drowsy driving and accident prone zones. Our platform also provides deep insights into driver behaviour for better understanding and modelling of risk. We provide our technology as a platform to motor insurance companies, and now expanding into fleets and ride sharing, to help them reduce accidents and get better visibility of their…"
no,,,48,Product Manager,Acura Solution,"Mumbai, Maharashtra",https://www.adzuna.in/details/5730765333?utm_medium=api&utm_source=195aa6d0,37,52,46,borderline,0.34,1/4,"ideal, 5-7, technology-driven","[{""need"": ""5 years of experience (you show 3.9)"", ""gain"": 5}, {""need"": ""ideal"", ""gain"": 4}, {""need"": ""5-7"", ""gain"": 4}, {""need"": ""technology-driven"", ""gain"": 4}, {""need"": ""proven track record"", ""gain"": 2}]",,"{""skill_match"": 0.235, ""experience_fit"": 0.768, ""domain"": 0, ""education"": 1.0, ""achievement"": 0.8571, ""trajectory"": 1.0}",adzuna,aggregator,,,2026-05-16T02:24:47Z,,,,[],[],[],[],[],[],,,,"payments, description, experienced, background, developing, managing, ideally, sector, ideal, direct, technology-driven, proven","Job Description: We are looking for an experienced Product Manager with a strong background in developing and managing technology products, ideally within the payments sector. The ideal candidate should have: 5-7 years of direct product management experience in a technology-driven company. Proven track record of working on products related to payments or financial services, specifically NPCI (National Payments Corporation of India) products like UPI (Unified Payments Interface). Strong understa…"
no,,,48,Senior Product Manager,Trellix,"Bangalore, Karnataka",https://www.adzuna.in/details/5645291190?utm_medium=api&utm_source=195aa6d0,25,24,27,weak,0.08,0/0,,"[{""need"": ""title"", ""gain"": 1}, {""need"": ""skyhigh security"", ""gain"": 1}, {""need"": ""dynamic"", ""gain"": 1}, {""need"": ""fast-paced"", ""gain"": 1}, {""need"": ""cloud"", ""gain"": 1}]",,"{""skill_match"": 0.1852, ""experience_fit"": 0.85, ""domain"": 0, ""education"": 1.0, ""achievement"": 0.8571, ""trajectory"": 1.0}",adzuna,aggregator,,,2026-02-26T01:47:10Z,,,,[],[],[],[],[],[],,,,"security, skyhigh, title, senior, dynamic, fast-paced, leader, industry, mission, protect, world, because","Job Title: Senior Product Manager About Skyhigh Security: Skyhigh Security is a dynamic, fast-paced, cloud company that is a leader in the security industry. Our mission is to protect the world’s data, and because of this, we live and breathe security. We value learning at our core, underpinned by openness and transparency. Skyhigh Security Is more than a company; here, when you invest your career with us, we commit to investing in you. We embrace a hybrid work model, creating the flexibility a…"
no,,,48,Senior Product Manager,Paytm,"Bangalore, Karnataka",https://www.adzuna.in/details/3888222789?utm_medium=api&utm_source=195aa6d0,33,43,53,borderline,0.44,2/6,"constantly test, create edge cases, write, scratch","[{""need"": ""constantly test"", ""gain"": 3}, {""need"": ""create edge cases"", ""gain"": 3}, {""need"": ""write"", ""gain"": 3}, {""need"": ""scratch"", ""gain"": 3}, {""need"": ""understand customer"", ""gain"": 2}]",,"{""skill_match"": 0.1967, ""experience_fit"": 0.85, ""domain"": 0, ""education"": 1.0, ""achievement"": 0.8571, ""trajectory"": 1.0}",adzuna,aggregator,2000000,6000000,2023-01-31T06:16:22Z,,,,[],[],[],[],[],[],,,,"gaps, cross, functional, understand, customer, need, release-level, feature, choices, connect, activities, deliverables","Responsibilities: Own the product strategy; Understand customer requirements, market gaps/ need gaps and drive release-level feature choices. Connect activities and deliverables to business outcomes. Should be highly granular & hands-on. Constantly test his own products, create edge cases and if required should have the ability to write and define product specs from scratch. Have the ability to be able to work with complex cross functional teams/ should be able to influence cross functional tea…"
no,,,48,Senior Product Manager,Meesho,"Bangalore, Karnataka",https://www.adzuna.in/details/5761948362?utm_medium=api&utm_source=195aa6d0,39,62,27,weak,0.08,0/0,,"[{""need"": ""senior product"", ""gain"": 2}, {""need"": ""manager key"", ""gain"": 2}, {""need"": ""key deliverables"", ""gain"": 2}, {""need"": ""deliverables drive"", ""gain"": 2}, {""need"": ""drive problem"", ""gain"": 2}]",,"{""skill_match"": 0.1575, ""experience_fit"": 0.85, ""domain"": 0, ""education"": 1.0, ""achievement"": 1, ""trajectory"": 1.0}",adzuna,aggregator,,,2026-06-13T08:45:58Z,,,,[],[],[],[],[],[],,,,"deliverables, problem, discovery, solution, insights, cross-functional, collaboration, launch, scale, tech-enabled, adoption, data-led","Key Deliverables Drive problem discovery and solution design via market research and user insights. Lead cross-functional collaboration to launch and scale tech-enabled products. Own go-to-market strategy and drive adoption through data-led decision making. Define product metrics, monitor usage patterns, and implement growth interventions. Role Responsibilities Prioritize user and business problems using structured frameworks and research. Define product vision and translate it into clear requi…"
no,,,48,Business Analyst,Redfoxa Careerlink Pvt Ltd,"Bangalore, Karnataka",https://www.adzuna.in/details/5719182260?utm_medium=api&utm_source=195aa6d0,30,46,27,weak,0.08,0/0,,"[{""need"": ""business analyst title"", ""gain"": 2}, {""need"": ""business analyst fresher"", ""gain"": 2}, {""need"": ""concentrix location"", ""gain"": 2}, {""need"": ""bangalore ctc"", ""gain"": 2}, {""need"": ""lpa"", ""gain"": 2}]",,"{""skill_match"": 0.191, ""experience_fit"": 0.85, ""domain"": 0, ""education"": 1.0, ""achievement"": 0.8571, ""trajectory"": 1.0}",adzuna,aggregator,400000,450000,2026-05-05T12:11:01Z,,,,[],[],[],[],[],[],,,,"concentrix, bangalore, title, analyst, fresher, location, description, hiring, analysts, great, fresh, graduates","Title: Business Analyst – Fresher Company: Concentrix Location: Bangalore CTC: ₹4 – ₹4.8 LPA Job Description: We are hiring Business Analysts for Concentrix, Bangalore. This is a great opportunity for fresh graduates to start their IT career in a professional corporate environment. Key Responsibilities: Analyze business requirements and processes Coordinate with internal teams and stakeholders Support data analysis and reporting Ensure smooth project execution Eligibility Criteria: Any Graduate…"
no,,,48,Senior Business Analyst,Bansal Roofing Products,"Bangalore, Karnataka",https://www.adzuna.in/details/5796415135?utm_medium=api&utm_source=195aa6d0,30,39,27,weak,0.08,0/0,,"[{""need"": ""senior business"", ""gain"": 1}, {""need"": ""business analyst"", ""gain"": 1}, {""need"": ""analyst bansal"", ""gain"": 1}, {""need"": ""bansal roofing"", ""gain"": 1}, {""need"": ""roofing products"", ""gain"": 1}]",,"{""skill_match"": 0.1835, ""experience_fit"": 0.85, ""domain"": 0, ""education"": 1.0, ""achievement"": 0.8571, ""trajectory"": 1.0}",adzuna,aggregator,,,2026-07-11T07:20:51Z,,,,[],[],[],[],[],[],,,,"senior, analyst, solutions, bansal, roofing, dynamic, embark, rewarding, career, responsible, bridging, objectives","Bansal Roofing Products is looking for a Senior Business Analyst to join our dynamic team and embark on a rewarding career journey. The Senior Business Analyst is responsible for bridging the gap between business objectives and IT solutions by analyzing business processes, eliciting requirements, and defining system specifications. They will collaborate with stakeholders to identify business needs, propose solutions, and facilitate the successful delivery of projects. Key Responsibilities: Coll…"
no,,,48,Senior Business Analyst,ThoughtFocus,"Bangalore, Karnataka",https://www.adzuna.in/details/5779644603?utm_medium=api&utm_source=195aa6d0,26,39,54,borderline,0.45,1/12,"senior business, business analyst, analyst mandatory, private equity, equity fund, fund operations, fund accounting, accounting cycle, cash, reconciliations, pricing","[{""need"": ""senior business"", ""gain"": 2}, {""need"": ""business analyst"", ""gain"": 2}, {""need"": ""analyst mandatory"", ""gain"": 2}, {""need"": ""private equity"", ""gain"": 2}, {""need"": ""equity fund"", ""gain"": 2}]",,"{""skill_match"": 0.0882, ""experience_fit"": 0.85, ""domain"": 0.25, ""education"": 1.0, ""achievement"": 0.8571, ""trajectory"": 1.0}",adzuna,aggregator,,,2026-06-28T07:26:26Z,,,,[],[],[],[],[],[],,,,"private, fund, understanding, equity, accounting, alternative, investment, mandatory, requirement, cycle, position, cash","Mandatory Requirement on Domain Understanding: Private Equity Fund Operations: Private Equity fund accounting cycle, including Position, Cash, reconciliations, pricing, valuations, Accruals, GAV, NAV, fee calculations, PL allocations, and investor reporting. Understanding of compliance and regulations governing Private Equity fund accounting. Alternative Investment Management : Private Credit, Alternative investment strategies, Understanding of Asset Classes End-to-End Fund Accounting : End-to-…"
no,,,48,Senior Business Analyst,Citigroup,"Bangalore, Karnataka",https://www.adzuna.in/details/5760977026?utm_medium=api&utm_source=195aa6d0,30,51,27,weak,0.08,0/0,,"[{""need"": ""senior business analyst"", ""gain"": 2}, {""need"": ""tts analytics"", ""gain"": 2}, {""need"": ""provides analytical insights"", ""gain"": 2}, {""need"": ""pricing"", ""gain"": 2}, {""need"": ""client"", ""gain"": 2}]",,"{""skill_match"": 0.1517, ""experience_fit"": 0.85, ""domain"": 0, ""education"": 1.0, ""achievement"": 1, ""trajectory"": 1.0}",adzuna,aggregator,,,2026-06-12T10:25:42Z,,,,[],[],[],[],[],[],,,,"analytical, insights, client, problems, provides, sales, functions, global, treasury, trade, services, works","The TTS Analytics team provides analytical insights to the Product, Pricing, Client Experience and Sales functions within the global Treasury & Trade Services business. The team works on business problems focused on driving acquisitions, cross-sell, revenue growth & improvements in client experience.  The team extracts relevant insights, identifies business opportunities, converts business problems into analytical frameworks, uses big data tools and machine learning algorithms to build predict…"
no,,,48,Manager Sales - (Govt & Alliance),Eaton Corporation,"Bangalore, Karnataka",https://www.adzuna.in/details/5739448808?utm_medium=api&utm_source=195aa6d0,28,30,27,weak,0.08,0/0,,"[{""need"": ""manager sales"", ""gain"": 2}, {""need"": ""govt alliance"", ""gain"": 2}, {""need"": ""summary"", ""gain"": 2}, {""need"": ""strategic deputy manager"", ""gain"": 2}, {""need"": ""expand"", ""gain"": 2}]",,"{""skill_match"": 0.1592, ""experience_fit"": 0.85, ""domain"": 0, ""education"": 1.0, ""achievement"": 1, ""trajectory"": 1.0}",adzuna,aggregator,,,2026-05-24T10:11:49Z,,,,[],[],[],[],[],[],,,,"driven, deputy, sales, expand, footprint, government, large, space, ideal, eaton, phase, power","What you'll do: Job Summary We are looking for a driven and strategic Deputy Manager - Sales to expand our footprint in the Government and partner / large SI space. The ideal candidate will lead business growth for Eaton's 3-Phase UPS and power quality solutions, build strong customer relationships, and develop a robust channel partner ecosystem. If you thrive in a fast-paced environment and enjoy taking ownership of accounts, this role is an excellent opportunity to grow your career. Job Respo…"
no,,,48,KAM IC | Senior Manager | Banking Alliances 1927,Paytm Payments Services,"Mumbai, Maharashtra",https://www.adzuna.in/details/5736872662?utm_medium=api&utm_source=195aa6d0,30,46,27,weak,0.08,0/0,,"[{""need"": ""kam"", ""gain"": 2}, {""need"": ""senior manager"", ""gain"": 2}, {""need"": ""manager banking"", ""gain"": 2}, {""need"": ""banking alliances"", ""gain"": 2}, {""need"": ""expectations/"", ""gain"": 2}]",,"{""skill_match"": 0.155, ""experience_fit"": 0.85, ""domain"": 0, ""education"": 1.0, ""achievement"": 1, ""trajectory"": 1.0}",adzuna,aggregator,,,2026-05-22T02:24:19Z,,,,[],[],[],[],[],[],,,,"banks, banking, payment, expectations, introduce, technologies, card, acceptance, bank, better, reach, liaise",Expectations/ Requirements - Introduce new technologies for card acceptance with our bank partners. - Recommend market strategy and pricing strategy for better growth and reach. - Liaise between the banks and the sales team to materialize the accrued banking leads and oversee the process till activation. - Striking alliances and partnerships with banks and other payment partners and activating payment options offered by Paytm - Developing and nurturing the banking channel for business and ensur…
no,,,48,Portfolio Program Manager Solution,Vontier,"Bangalore, Karnataka",https://www.adzuna.in/land/ad/5818524935?se=DBTfjK-K8RGbLL45Ug83Nw&utm_medium=api&utm_source=195aa6d0&v=3996A8BABA03EEFB44C94BFB72A625E17354D5C4,30,44,31,weak,0.14,0/0,,"[{""need"": ""portfolio program"", ""gain"": 1}, {""need"": ""program manager"", ""gain"": 1}, {""need"": ""manager solution"", ""gain"": 1}, {""need"": ""summary"", ""gain"": 1}, {""need"": ""fleet portfolio"", ""gain"": 1}]",,"{""skill_match"": 0.1736, ""experience_fit"": 0.85, ""domain"": 0, ""education"": 1.0, ""achievement"": 0.8571, ""trajectory"": 1.0}",adzuna,aggregator,,,2026-07-28T21:19:08Z,,,,[],[],[],[],[],[],,,,"portfolio, fleet, programs, program, responsible, life, cycle, carrying, governance, fleet-related, initiatives, investments","Job Summary The Fleet Portfolio Program Manager will be responsible for over looking the life cycle of carrying out our portfolio. This will include strategic planning, governance, and execution of a portfolio of fleet-related programs and initiatives. The manager will ensure that fleet investments, operational improvement efforts, vehicle lifecycle strategies, technology implementations, and cross-functional programs align with organizational committed goals, budget targets, compliance require…"
no,,,48,Program Manager,Trane Technologies,"Bangalore, Karnataka",https://www.adzuna.in/details/5786405216?utm_medium=api&utm_source=195aa6d0,20,15,31,weak,0.14,0/0,,"[{""need"": ""program manager"", ""gain"": 2}, {""need"": ""world leader"", ""gain"": 2}, {""need"": ""creating comfortable"", ""gain"": 2}, {""need"": ""sustainable"", ""gain"": 2}, {""need"": ""efficient climate solutions"", ""gain"": 2}]",,"{""skill_match"": 0.1933, ""experience_fit"": 0.85, ""domain"": 0, ""education"": 1.0, ""achievement"": 0.8571, ""trajectory"": 1.0}",adzuna,aggregator,,,2026-07-03T10:33:59Z,,,,[],[],[],[],[],[],,,,"trane, mission, world, leader, creating, comfortable, sustainable, efficient, climate, solutions, buildings, homes","Be a part of our mission! As a world leader in creating comfortable, sustainable, and efficient climate solutions for buildings, homes and transportation, it's our responsibility to put the planet first. For us at Trane Technologies (https://www.tranetechnologies.com/) , and through our businesses including Trane® (http://www.trane.com/index.html) and Thermo King (http://www.thermoking.com/na/en.html) , sustainability is not just how we do business-it is our business. Do you dare to look at the…"
no,,,48,Program Manager,eClerx,"Mumbai, Maharashtra",https://www.adzuna.in/details/5361926992?utm_medium=api&utm_source=195aa6d0,34,62,27,weak,0.08,0/0,,"[{""need"": ""program manager"", ""gain"": 2}, {""need"": ""manager description"", ""gain"": 2}, {""need"": ""description key"", ""gain"": 2}, {""need"": ""large-scale"", ""gain"": 2}, {""need"": ""key clients"", ""gain"": 2}]",,"{""skill_match"": 0.1517, ""experience_fit"": 0.85, ""domain"": 0, ""education"": 1.0, ""achievement"": 1, ""trajectory"": 1.0}",adzuna,aggregator,,,2025-08-21T17:23:35Z,,,,[],[],[],[],[],[],,,,"description, manage, large-scale, projects, clients, oversee, governance, standards, environments, supplier, vendor, relationship","Description Key Responsibilities: Lead and manage end-to-end delivery of large-scale IT Infrastructure projects for key clients. Oversee the implementation and governance of ISO 27001 standards across infrastructure environments. Drive supplier and vendor relationship management, ensuring SLAs, compliance, and cost efficiency. Conduct regular quality reviews, risk assessments, and provide strategic mitigation planning. Interface with business and technical stakeholders to gather requirements an…"
no,,,48,Product Owner,Davies,"Pune, Maharashtra",https://www.adzuna.in/details/5724483175?utm_medium=api&utm_source=195aa6d0,34,64,27,weak,0.08,0/0,,"[{""need"": ""product owner"", ""gain"": 2}, {""need"": ""maximising"", ""gain"": 2}, {""need"": ""value delivered"", ""gain"": 2}, {""need"": ""agile scrum"", ""gain"": 2}, {""need"": ""through effective"", ""gain"": 2}]",,"{""skill_match"": 0.195, ""experience_fit"": 0.85, ""domain"": 0, ""education"": 1.0, ""achievement"": 0.8571, ""trajectory"": 1.0}",adzuna,aggregator,,,2026-05-10T02:18:36Z,,,,[],[],[],[],[],[],,,,"client, owner, responsible, maximising, value, delivered, agile, scrum, effective, ownership, needs, clear","The Product Owner is responsible for maximising the value delivered by the Agile Scrum team through effective backlog ownership, client engagement, and product delivery. You will act as the voice of the client, translating business needs into clear, actionable user stories and ensuring delivery aligns with strategic objectives. This role plays a key part in shaping product outcomes within the UK&I IT department, supporting high‑quality, user‑centered digital products that meet client expectatio…"
no,,,47,Technical Product Manager,ABB,"Bangalore, Karnataka",https://www.adzuna.in/land/ad/5797434636?se=Ir_Ocq-K8RGWf7vOSVuBIA&utm_medium=api&utm_source=195aa6d0&v=8CE5D85B5A95EC42C8AEDCFD552FBB8936EA2645,31,33,29,weak,0.14,0/0,,"[{""need"": ""abb"", ""gain"": 1}, {""need"": ""inclusive employer"", ""gain"": 1}, {""need"": ""member"", ""gain"": 1}, {""need"": ""mygwork"", ""gain"": 1}, {""need"": ""largest global platform"", ""gain"": 1}]",,"{""skill_match"": 0.1233, ""experience_fit"": 0.85, ""domain"": 0, ""education"": 1.0, ""achievement"": 1, ""trajectory"": 1.0}",adzuna,aggregator,,,2026-07-12T06:10:25Z,,,,[],[],[],[],[],[],,,,"inclusive, employer, member, mygwork, largest, global, lgbtq, community, please, contact, recruiter, directly","This job is with ABB, an inclusive employer and a member of myGwork – the largest global platform for the LGBTQ business community. Please do not contact the recruiter directly. At ABB, we help industries run leaner and cleaner—and every person here makes that happen. You’ll be empowered to lead, supported to grow, and proud of the impact we create together. Join us and help run what runs the world. This Position reports to: Lead Technology Product Manager What we believe in ABB’s Process Autom…"
no,,,47,Product Manager / Senior Product Manager,Anarock Technology,"Mumbai, Maharashtra",https://www.adzuna.in/details/4992020287?utm_medium=api&utm_source=195aa6d0,34,55,25,weak,0.08,0/0,,"[{""need"": ""anarock tech"", ""gain"": 1}, {""need"": ""modern technology platform"", ""gain"": 1}, {""need"": ""automated analytics"", ""gain"": 1}, {""need"": ""reporting tools"", ""gain"": 1}, {""need"": ""offers timely solutions"", ""gain"": 1}]",,"{""skill_match"": 0.152, ""experience_fit"": 0.85, ""domain"": 0, ""education"": 1.0, ""achievement"": 0.8571, ""trajectory"": 1.0}",adzuna,aggregator,,,2024-12-30T12:10:23Z,,,,[],[],[],[],[],[],,,,"anarock, solutions, multiple, modern, automated, reporting, timely, real, estate, clients, delivering, financially","At Anarock Tech, we are building a modern technology platform with automated analytics and reporting tools . This offers timely solutions to our real estate clients, while delivering financially favorable and efficient results. If it excites you to - drive innovation, create industry-first solutions, build new capabilities ground-up, and work with multiple new technologies, Anarock is the place for you. Key job responsibilities You will own multiple global products, and help create and drive th…"
no,,,47,Product Manager,Innoviti Payment Solutions,"Bangalore, Karnataka",https://www.adzuna.in/details/2598362193?utm_medium=api&utm_source=195aa6d0,26,23,25,weak,0.08,0/0,,"[{""need"": ""interesting"", ""gain"": 1}, {""need"": ""exciting openings"", ""gain"": 1}, {""need"": ""innoviti"", ""gain"": 1}, {""need"": ""innoviti.com"", ""gain"": 1}, {""need"": ""largest provider"", ""gain"": 1}]",,"{""skill_match"": 0.1508, ""experience_fit"": 0.85, ""domain"": 0, ""education"": 1.0, ""achievement"": 0.8571, ""trajectory"": 1.0}",adzuna,aggregator,,1500000,2021-11-01T03:59:20Z,,,,[],[],[],[],[],[],,,,"enterprise, enterprises, dear, candidates, interesting, exciting, openings, various, roles, innoviti, innoviti.com, largest","Dear Candidates, We have interesting and exciting openings for various Product Manager roles About us Innoviti ( innoviti.com ) is India’s largest provider of payment solutions to Enterprise merchants. Processing $10 Bn of payments from 2000 cities. We today have 76% of Enterprise market share. Enterprises such as Reliance, Landmark Group, Shoppers Stop, Pantaloons, Hamleys, Van Heusen, Louise Phillipe, Madura Garments and several other hundreds of Enterprises are our customers. Our vision is t…"
no,,,47,Senior Product Manager,ElectricPe,"Bangalore, Karnataka",https://www.adzuna.in/details/4557038862?utm_medium=api&utm_source=195aa6d0,25,15,25,weak,0.08,0/0,,"[{""need"": ""passionate dreamers"", ""gain"": 2}, {""need"": ""really hard"", ""gain"": 2}, {""need"": ""love questioning cause"", ""gain"": 2}, {""need"": ""curious"", ""gain"": 2}, {""need"": ""really enjoy debating"", ""gain"": 2}]",,"{""skill_match"": 0.1625, ""experience_fit"": 0.85, ""domain"": 0, ""education"": 1.0, ""achievement"": 0.8571, ""trajectory"": 1.0}",adzuna,aggregator,2000000,4000000,2024-02-04T15:41:01Z,,,,[],[],[],[],[],[],,,,"great, really, love, senior, passionate, dreamers, hard, questioning, cause, curious, enjoy, debating","JD - Senior Product Manager Company Profile: We are passionate dreamers, who work really hard. We love questioning ‘cause we are curious’. We really enjoy debating, zero egos. We love experimenting. We are absolutely clinical with first principles & being objective. Because we believe - that’s how great things are created - Great products, Great companies, Great people. And everything we do - the centerpiece is always the customer. Commuting, and traveling - is a basic human needs. Clean air is…"
no,,,47,Senior Product Manager,SiftHub,"Mumbai, Maharashtra",https://www.adzuna.in/details/5684341880?utm_medium=api&utm_source=195aa6d0,22,24,25,weak,0.08,0/0,,"[{""need"": ""senior product"", ""gain"": 1}, {""need"": ""manager sifthub"", ""gain"": 1}, {""need"": ""agentic platform"", ""gain"": 1}, {""need"": ""deal orchestration"", ""gain"": 1}, {""need"": ""deploy agents"", ""gain"": 1}]",,"{""skill_match"": 0.1233, ""experience_fit"": 0.85, ""domain"": 0, ""education"": 1.0, ""achievement"": 1, ""trajectory"": 1.0}",adzuna,aggregator,,,2026-04-01T01:46:22Z,,,,[],[],[],[],[],[],,,,"deal, sales, deals, sifthub, agentic, orchestration, deploy, agents, automate, collateral, briefs, rfps","SiftHub is an Agentic Platform for Deal Orchestration. We deploy agents to automate sales collateral, deal briefs, RFPs, and post-meeting follow-ups; unblocking deals for sales and solutions teams.SiftHub collates and sifts through your ecosystem (Drive, Gong, CRM, Slack, and more) to identify and convert real-time deal signals into tailored content and ready-to-execute actions. Designed to replicate how top-performing reps execute deals. Trusted by revenue teams at Saviynt, Everlaw, Allego, Su…"
no,,,47,Senior Product Manager,Nightfall AI,"Bangalore, Karnataka",https://www.adzuna.in/details/5762835029?utm_medium=api&utm_source=195aa6d0,25,27,25,weak,0.08,0/0,,"[{""need"": ""nightfall"", ""gain"": 2}, {""need"": ""ai-native"", ""gain"": 2}, {""need"": ""unified data"", ""gain"": 2}, {""need"": ""data loss"", ""gain"": 2}, {""need"": ""loss prevention"", ""gain"": 2}]",,"{""skill_match"": 0.1625, ""experience_fit"": 0.85, ""domain"": 0, ""education"": 1.0, ""achievement"": 0.8571, ""trajectory"": 1.0}",adzuna,aggregator,,,2026-06-14T02:23:41Z,,,,[],[],[],[],[],[],,,,"nightfall, ai-native, unified, loss, prevention, insider, risk, protects, sensitive, saas, apps, genai","About Nightfall: Nightfall is the AI-native, unified data loss prevention and insider risk management platform that protects sensitive data across SaaS apps, GenAI tools, email, endpoint devices, and more. Hundreds of customers, spanning AI innovators to top 10 banks, trust Nightfall to detect and stop data exfiltration at scale. Nightfall enables organizations to innovate freely without the risks of losing intellectual property or exposing customer data. Our agentic platform helps security tea…"
no,,,47,Senior Product Manager,Aviso Inc,"Bangalore, Karnataka",https://www.adzuna.in/details/1485458099?utm_medium=api&utm_source=195aa6d0,26,25,25,weak,0.08,0/0,,"[{""need"": ""aviso aviso"", ""gain"": 1}, {""need"": ""ai compass"", ""gain"": 1}, {""need"": ""guides sales"", ""gain"": 1}, {""need"": ""go-to-market"", ""gain"": 1}, {""need"": ""close"", ""gain"": 1}]",,"{""skill_match"": 0.1208, ""experience_fit"": 0.85, ""domain"": 0, ""education"": 1.0, ""achievement"": 1, ""trajectory"": 1.0}",adzuna,aggregator,,,2020-03-12T11:13:53Z,,,,[],[],[],[],[],[],,,,"aviso, compass, guides, sales, close, deals, accelerate, find, true, north, global, offices","About Aviso Aviso is the AI Compass that guides Sales and Go-to-Market teams to close more deals, accelerate revenue growth, and find their True North. We are a global company with offices in Redwood City, San Francisco, Hyderabad, and Bangalore. Our customers are innovative leaders in their market. We are proud to count Dell, Honeywell, MongoDB, Glassdoor, Splunk, FireEye, and RingCentral as our customers, helping them drive revenue, achieve goals faster, and win in bold new frontiers. Aviso i…"
no,,,47,Senior Product Manager,Docsumo,"Mumbai, Maharashtra",https://www.adzuna.in/details/3699747396?utm_medium=api&utm_source=195aa6d0,34,34,29,weak,0.14,0/0,,"[{""need"": ""docsumo"", ""gain"": 2}, {""need"": ""document ai software"", ""gain"": 2}, {""need"": ""helps enterprises"", ""gain"": 2}, {""need"": ""enterprises automate"", ""gain"": 2}, {""need"": ""automate document"", ""gain"": 2}]",,"{""skill_match"": 0.1625, ""experience_fit"": 0.85, ""domain"": 0, ""education"": 1.0, ""achievement"": 0.8571, ""trajectory"": 1.0}",adzuna,aggregator,2000000,3000000,2022-11-18T05:53:21Z,,,,[],[],[],[],[],[],,,,"document, enterprises, docsumo, software, helps, automate, processing, convert, documents, invoices, cards, bank","About Us : Docsumo is Document AI software that helps enterprises automate document processing. We help enterprises convert documents such as invoices, ID cards & bank statements into actionable data. We are backed by Sequoia, Barclays, Techstars & Better Capital. Responsibilities: As a Product Manager, you will be closely working with the co-founders and understanding Market direction, competitive landscape & customer needs to build the Product Strategy & Product Roadmap. You will own the proc…"
no,,,47,Senior Product Manager,wrackle,"Bangalore, Karnataka",https://www.adzuna.in/details/3138985452?utm_medium=api&utm_source=195aa6d0,30,33,25,weak,0.08,0/0,,"[{""need"": ""responsibilties"", ""gain"": 1}, {""need"": ""awesome"", ""gain"": 1}, {""need"": ""product sense"", ""gain"": 1}, {""need"": ""sense aesthetic"", ""gain"": 1}, {""need"": ""aesthetic sense/taste"", ""gain"": 1}]",,"{""skill_match"": 0.155, ""experience_fit"": 0.85, ""domain"": 0, ""education"": 1.0, ""achievement"": 0.8571, ""trajectory"": 1.0}",adzuna,aggregator,3000000,4500000,2022-05-16T05:27:48Z,,,,[],[],[],[],[],[],,,,"awesome, sense, understand, roles, responsibilties, aesthetic, sense/taste, things, matches, nova, details, love","Roles & Responsibilties You’re Awesome At – Product Sense Aesthetic sense/taste in things matches with Nova - design details you like, products you like. Love building products, explore new tech products constantly Understand the human psyche well Can think in terms of systems First principles thinking Extreme customer empathy - Deeply understand a user's point of view and their problems Execution Sense Super awesome at communication - You can articulate your thoughts really well Good at team w…"
no,,,47,Business Analyst,Natwest Group,"Bangalore, Karnataka",https://www.adzuna.in/details/5816831964?utm_medium=api&utm_source=195aa6d0,26,28,25,weak,0.08,0/0,,"[{""need"": ""business analyst"", ""gain"": 2}, {""need"": ""driven business analyst"", ""gain"": 2}, {""need"": ""tangible impact"", ""gain"": 2}, {""need"": ""function"", ""gain"": 2}, {""need"": ""exposure"", ""gain"": 2}]",,"{""skill_match"": 0.1238, ""experience_fit"": 0.85, ""domain"": 0, ""education"": 1.0, ""achievement"": 1, ""trajectory"": 1.0}",adzuna,aggregator,,,2026-07-27T03:26:21Z,,,,[],[],[],[],[],[],,,,"analyst, customer, driven, make, tangible, impact, function, great, exposure, wide, network, varying","Join us as a Business Analyst This is an opportunity for a driven Business Analyst to join us and make a tangible impact on our function You’ll have great exposure to a wide network of stakeholders of varying seniority It’s a chance to develop your skills and advance your career in this fast paced role We're offering this role at associate level What you'll do You’ll support the bank to achieve customer advocacy by eliciting and understanding the internal and external technology customer needs,…"
no,,,47,Business Analyst,Aeries Technology,"Bangalore, Karnataka",https://www.adzuna.in/details/5796404549?utm_medium=api&utm_source=195aa6d0,32,44,25,weak,0.08,0/0,,"[{""need"": ""business analyst"", ""gain"": 1}, {""need"": ""description quickbase provides"", ""gain"": 1}, {""need"": ""cloud-based platform"", ""gain"": 1}, {""need"": ""creating business applications"", ""gain"": 1}, {""need"": ""offers lowcode"", ""gain"": 1}]",,"{""skill_match"": 0.15, ""experience_fit"": 0.85, ""domain"": 0, ""education"": 1.0, ""achievement"": 0.8571, ""trajectory"": 1.0}",adzuna,aggregator,,,2026-07-11T07:17:46Z,,,,[],[],[],[],[],[],,,,"quickbase, analyst, description, provides, cloud-based, creating, lowcode, integration, workflow, orchestration, supports, prototyping","Job description Quickbase provides a cloud-based platform for creating business applications. The platform offers lowcode development, integration, and workflow orchestration. Quickbase also supports prototyping and application architecture Roles and Responsibility Salesforce Business Analyst As a Business Analyst on the Enterprise Business Systems team, you will play a pivotal role in bridging business needs with technical solutions. Your responsibilities will span across understanding busines…"
no,,,47,Business Analyst,Forerunner Consultancy Services,"Pune, Maharashtra",https://www.adzuna.in/details/5015650325?utm_medium=api&utm_source=195aa6d0,27,30,25,weak,0.08,0/0,,"[{""need"": ""business analyst"", ""gain"": 3}, {""need"": ""mnc"", ""gain"": 3}, {""need"": ""ap-ar-gl"", ""gain"": 3}, {""need"": ""platforms oracale"", ""gain"": 3}, {""need"": ""oracale 11i"", ""gain"": 3}]",,"{""skill_match"": 0.1655, ""experience_fit"": 0.85, ""domain"": 0, ""education"": 1.0, ""achievement"": 0.8571, ""trajectory"": 1.0}",adzuna,aggregator,,,2025-01-18T17:37:54Z,,,,[],[],[],[],[],[],,,,"analyst, excellent, candidates, ap-ar-gl, oracale, fico, mail, profiles, forerunnerpune, gmail.com",For the Role of a Business Analyst(BA). An excellent opportunity with MNC for the candidates with the experience in F&A (AP-AR-GL) domain knowledge on platforms Oracale 11i EBS and SAP FICO. Mail your profiles to forerunnerpune@gmail.com
no,,,47,Senior Business Analyst,360F,"Bangalore, Karnataka",https://www.adzuna.in/details/5816841459?utm_medium=api&utm_source=195aa6d0,23,29,25,weak,0.08,0/0,,"[{""need"": ""senior business analyst"", ""gain"": 1}, {""need"": ""hunt"", ""gain"": 1}, {""need"": ""sharp"", ""gain"": 1}, {""need"": ""high-energy senior"", ""gain"": 1}, {""need"": ""senior business"", ""gain"": 1}]",,"{""skill_match"": 0.1575, ""experience_fit"": 0.85, ""domain"": 0, ""education"": 1.0, ""achievement"": 0.8571, ""trajectory"": 1.0}",adzuna,aggregator,,,2026-07-27T03:34:36Z,,,,[],[],[],[],[],[],,,,"hunt, sharp, high-energy, senior, analyst, lives, intersection, insurtech, turns, messy, problems, elegant","We’re on the hunt for a sharp, high-energy Senior Business Analyst / Project Manager who lives at the intersection of finance, technology and Insurtech. You’re the one who turns messy problems into elegant solutions, moves fast without breaking things, and gets a real thrill from shipping. If you thrive in a fully remote, high-trust environment, speak fluent tech and business, and wield tools like Postman and Python like a pro, we want you on the team. RESPONSIBILITIES Own projects end to end r…"
no,,,47,Senior Business Analyst,Merkle Science,"Pune, Maharashtra",https://www.adzuna.in/details/5768786254?utm_medium=api&utm_source=195aa6d0,30,60,29,weak,0.14,0/0,,"[{""need"": ""senior business analyst"", ""gain"": 1}, {""need"": ""challenging"", ""gain"": 1}, {""need"": ""salesforce senior"", ""gain"": 1}, {""need"": ""senior business"", ""gain"": 1}, {""need"": ""business analyst"", ""gain"": 1}]",,"{""skill_match"": 0.1558, ""experience_fit"": 0.85, ""domain"": 0, ""education"": 1.0, ""achievement"": 0.8571, ""trajectory"": 1.0}",adzuna,aggregator,,,2026-06-19T07:20:23Z,,,,[],[],[],[],[],[],,,,"senior, analyst, solutions, challenging, global, commercial, function, dentsu, service, lines, markets, focus","This is a challenging opportunity for a Salesforce Senior Business Analyst to join the Global Commercial Platforms function. Working within Dentsu Service Lines & Primary Markets, the key focus will be to lead the analysis of complex business needs and drive the implementation of Salesforce solutions. The Senior Business Analyst will work closely with Product Owners, Architects, and development teams to gather detailed requirements, design solutions, and ensure successful delivery of valuable s…"
no,,,47,Senior Business Analyst,IKEA,"Bangalore, Karnataka",https://www.adzuna.in/details/5791037533?utm_medium=api&utm_source=195aa6d0,30,48,25,weak,0.08,0/0,,"[{""need"": ""senior business analyst"", ""gain"": 1}, {""need"": ""senior business"", ""gain"": 1}, {""need"": ""business analyst"", ""gain"": 1}, {""need"": ""analyst strategy"", ""gain"": 1}, {""need"": ""digital area"", ""gain"": 1}]",,"{""skill_match"": 0.1575, ""experience_fit"": 0.85, ""domain"": 0, ""education"": 1.0, ""achievement"": 0.8571, ""trajectory"": 1.0}",adzuna,aggregator,,,2026-07-07T19:31:19Z,,,,[],[],[],[],[],[],,,,"senior, analyst, area, functions, orchestrate, organisation, translate, clear, priorities, integrated, roadmaps, enable","WHO YOU ARE We are looking for a Senior Business Analyst – Strategy Development to join the Digital Area – Group Functions. In this senior role, you will orchestrate strategy across the organisation, translate it into clear priorities and integrated roadmaps, and enable leadership to make aligned investment decisions across platforms and domains. You are a strategic business analyst with strong orchestration and communication skills. You excel at bringing disparate strategies into one coherent …"
no,,,47,Senior Business Analyst,SLK Software,"Bangalore, Karnataka",https://www.adzuna.in/details/5782689162?utm_medium=api&utm_source=195aa6d0,24,30,25,weak,0.08,0/0,,"[{""need"": ""senior business"", ""gain"": 2}, {""need"": ""business analyst"", ""gain"": 2}, {""need"": ""analyst key"", ""gain"": 2}, {""need"": ""accountabilities understand"", ""gain"": 2}, {""need"": ""understand business"", ""gain"": 2}]",,"{""skill_match"": 0.1633, ""experience_fit"": 0.85, ""domain"": 0, ""education"": 1.0, ""achievement"": 0.8571, ""trajectory"": 1.0}",adzuna,aggregator,,,2026-07-01T07:17:08Z,,,,[],[],[],[],[],[],,,,"needs, achieve, accountabilities, understand, elicit, document, review, agreement, consensus, usability, feasibility, being","KEY RESPONSIBILITIES AND ACCOUNTABILITIES Understand Business needs and elicit and document requirements Review with stakeholders and achieve agreement on requirements Achieve consensus on business needs, usability, performance and feasibility. For internal customers being supported i) Develop and maintain knowledge & learning. ii) Proliferate offerings to sales team iii) Advise QA and Development teams on troubleshooting analysis Follow standard documentation processes, focusing on objectives …"
no,,,47,Sponsorship & Partnerships Manager,Talent Pro,"Mumbai, Maharashtra",https://www.adzuna.in/details/5604419854?utm_medium=api&utm_source=195aa6d0,26,49,56,borderline,0.52,2/12,"sponsorship partnerships manager, sponsor acquiring, managing profile mandatory, sponsorship sales, events sales mandatory, identifying acquiring, acquiring sponsors, sponsors mandatory, creating sponsorship decks, proposals","[{""need"": ""sponsorship partnerships manager"", ""gain"": 3}, {""need"": ""sponsor acquiring"", ""gain"": 3}, {""need"": ""managing profile mandatory"", ""gain"": 3}, {""need"": ""sponsorship sales"", ""gain"": 3}, {""need"": ""events sales mandatory"", ""gain"": 3}]",Unverifiable mandatory gate — confirm manually: work authorization/visa,"{""skill_match"": 0.1667, ""experience_fit"": 0.85, ""domain"": 0, ""education"": 1.0, ""achievement"": 0.8571, ""trajectory"": 1.0}",adzuna,aggregator,1100000,1700000,2026-01-29T11:29:13Z,,,,[],[],[],[],[],[],,,,"mandatory, sponsorship, acquiring, sales, sponsor, managing, events, sponsors, creating, decks, proposals, pitching","Strong sponsor acquiring and managing profile Mandatory (Experience): Must have 2 years of experience in sponsorship sales, business development, partnerships, or events sales Mandatory (Skills 1): Must have experience in identifying & acquiring sponsors Mandatory (Skills 2): Must have experience creating sponsorship decks, proposals, and pitching Mandatory (Skills 3): Must have handled negotiations and closure of sponsorship deals Mandatory (Skills 4): Must have managed pre-, during, and post-…"
no,,,47,Alliances Director - Managed Services Partnerships,Anaplan,"Mumbai, Maharashtra",https://www.adzuna.in/details/5782519389?utm_medium=api&utm_source=195aa6d0,29,50,25,weak,0.08,0/0,,"[{""need"": ""alliances director"", ""gain"": 2}, {""need"": ""managed services partnerships"", ""gain"": 2}, {""need"": ""anaplan"", ""gain"": 2}, {""need"": ""innovators focused"", ""gain"": 2}, {""need"": ""business decision-making"", ""gain"": 2}]",,"{""skill_match"": 0.1667, ""experience_fit"": 0.85, ""domain"": 0, ""education"": 1.0, ""achievement"": 0.8571, ""trajectory"": 1.0}",adzuna,aggregator,,,2026-07-01T02:38:12Z,,,,[],[],[],[],[],[],,,,"anaplan, innovators, focused, decision-making, ai-infused, scenario, outpace, unites, anaplanners, geographies, collective, commitment","At Anaplan, we are a team of innovators focused on optimizing business decision-making through our leading AI-infused scenario planning and analysis platform so our customers can outpace their competition and the market. What unites Anaplanners across teams and geographies is our collective commitment to our customers’ success and to our Winning Culture. Our customers rank among the who’s who in the Fortune 50. Coca-Cola, LinkedIn, Adobe, LVMH and Bayer are just a few of the 2,400 global compan…"
no,,,47,Sr. Alliance Manager,Databricks,"Mumbai, Maharashtra",https://www.adzuna.in/details/5784345725?utm_medium=api&utm_source=195aa6d0,30,45,25,weak,0.08,0/0,,"[{""need"": ""alliance manager slsq227r839"", ""gain"": 1}, {""need"": ""partner development center"", ""gain"": 1}, {""need"": ""pdc"", ""gain"": 1}, {""need"": ""develops databricks"", ""gain"": 1}, {""need"": ""partner ecosystem"", ""gain"": 1}]",,"{""skill_match"": 0.125, ""experience_fit"": 0.85, ""domain"": 0, ""education"": 1.0, ""achievement"": 1, ""trajectory"": 1.0}",adzuna,aggregator,,,2026-07-02T02:49:25Z,,,,[],[],[],[],[],[],,,,"bronze, rising, active, structured, slsq227r839, center, develops, databricks, ecosystem, scale, accelerate, high-touch","SLSQ227R839 The Team The Partner Development Center (PDC) develops Databricks' C&SI partner ecosystem at scale. We accelerate the growth of Rising 100 and active Bronze partners through structured, high-touch engagement, while driving systematic activation of Bronze partners through AI-powered automation. Rising 100 partners receive business plan-led, white-glove engagement: structured development plans, biweekly cadence, and accountability to measurable GTM milestones. Active Bronze partners a…"
no,,,47,Senior Manager - Banking Alliance - (Mumbai),Cashfree Payments India,"Mumbai, Maharashtra",https://www.adzuna.in/details/5728460778?utm_medium=api&utm_source=195aa6d0,22,24,29,weak,0.14,0/0,,"[{""need"": ""senior manager"", ""gain"": 1}, {""need"": ""banking alliance"", ""gain"": 1}, {""need"": ""mumbai"", ""gain"": 1}, {""need"": ""cashfree payments"", ""gain"": 1}, {""need"": ""future"", ""gain"": 1}]",Unverifiable mandatory gate — confirm manually: licence/certification,"{""skill_match"": 0.1175, ""experience_fit"": 0.85, ""domain"": 0, ""education"": 1.0, ""achievement"": 1, ""trajectory"": 1.0}",adzuna,aggregator,,,2026-05-14T02:29:03Z,,,,[],[],[],[],[],[],,,,"payments, businesses, cashfree, just, future, moving, fast, scale, every, stage, deep, expertise","About us At Cashfree Payments, we’re not just shaping the future of payments—we’re moving fast to scale businesses at every stage, with deep expertise in powering India’s D2C and e-commerce growth. Founded in 2015, we process transactions worth $80B annually and are trusted by more than 800,000 businesses. Authorised by the Reserve Bank of India, we are one of the first entities to receive critical licences like PA-PG, PA-CB and PPI in the sector. We enable seamless collections, payouts, identi…"
no,,,47,Program Manager,Autoplant Systems,"Navi Mumbai, Maharashtra",https://www.adzuna.in/details/5796412928?utm_medium=api&utm_source=195aa6d0,35,48,25,weak,0.08,0/0,,"[{""need"": ""program manager responsibilities/duties"", ""gain"": 2}, {""need"": ""successful delivery"", ""gain"": 2}, {""need"": ""multiple projects"", ""gain"": 2}, {""need"": ""scope"", ""gain"": 2}, {""need"": ""schedule"", ""gain"": 2}]",,"{""skill_match"": 0.1708, ""experience_fit"": 0.85, ""domain"": 0, ""education"": 1.0, ""achievement"": 0.8571, ""trajectory"": 1.0}",adzuna,aggregator,,,2026-07-11T07:20:05Z,,,,[],[],[],[],[],[],,,,"projects, manage, multiple, responsibilities/duties, managers, successful, scope, schedule, consultants, centre, excellence, oversee","Responsibilities/Duties: Lead and manage a group of Project Managers, ensuring successful delivery of multiple projects within scope, schedule, and budget. Manage a team of 40-50 consultants in the Centre of Excellence (CoE). Oversee and coordinate IT and BPR projects, demonstrating proficiency in technology, business processes, change management, stakeholder management, and risk management. Handle multiple projects concurrently with a high level of organization and attention to detail. Collabo…"
no,,,47,Program Manager,Palo Alto Networks,"Mumbai, Maharashtra",https://www.adzuna.in/details/5653290482?utm_medium=api&utm_source=195aa6d0,18,22,29,weak,0.14,0/0,,"[{""need"": ""program manager"", ""gain"": 1}, {""need"": ""palo alto networks"", ""gain"": 1}, {""need"": ""united"", ""gain"": 1}, {""need"": ""shared mission-to protect"", ""gain"": 1}, {""need"": ""digital way"", ""gain"": 1}]",,"{""skill_match"": 0.1217, ""experience_fit"": 0.85, ""domain"": 0, ""education"": 1.0, ""achievement"": 1, ""trajectory"": 1.0}",adzuna,aggregator,,,2026-03-04T11:06:38Z,,,,[],[],[],[],[],[],,,,"mission, palo, alto, networks, united, shared, mission-to, protect, life, thrive, intersection, innovation","Our Mission At Palo Alto Networks®, we're united by a shared mission-to protect our digital way of life. We thrive at the intersection of innovation and impact, solving real-world problems with cutting-edge technology and bold thinking. Here, everyone has a voice, and every idea counts. If you're ready to do the most meaningful work of your career alongside people who are just as passionate as you are, you're in the right place. Who We Are In order to be the cybersecurity partner of choice, we …"
no,,,47,Program Manager - Transformation,Experian,"Mumbai, Maharashtra",https://www.adzuna.in/details/5801251044?utm_medium=api&utm_source=195aa6d0,27,50,25,weak,0.08,0/0,,"[{""need"": ""program manager"", ""gain"": 2}, {""need"": ""transformation"", ""gain"": 2}, {""need"": ""description"", ""gain"": 2}, {""need"": ""description program manager"", ""gain"": 2}, {""need"": ""enterprise transformation"", ""gain"": 2}]",,"{""skill_match"": 0.1364, ""experience_fit"": 0.85, ""domain"": 0, ""education"": 1.0, ""achievement"": 1, ""trajectory"": 1.0}",adzuna,aggregator,,,2026-07-15T18:55:31Z,,,,[],[],[],[],[],[],,,,"enterprise, transformation, description, program, complex, cross-functional, initiatives, organizational, change, operational, excellence, modernization","Job Description Job description Program Manager, Enterprise Transformation The Program Manager, Enterprise Transformation leads complex, cross-functional strategic initiatives that drive organizational change, operational excellence, and business modernization across the enterprise. This role partners with executive leadership, business units, and technology teams to deliver transformation programs that align with corporate strategy, improve performance, and enable scalable growth. Key Responsi…"
no,,,47,Associate Program Manager,eClerx,"Mumbai, Maharashtra",https://www.adzuna.in/details/5812903040?utm_medium=api&utm_source=195aa6d0,31,58,29,weak,0.14,0/0,,"[{""need"": ""associate program"", ""gain"": 2}, {""need"": ""program manager"", ""gain"": 2}, {""need"": ""manager description"", ""gain"": 2}, {""need"": ""associate program manager"", ""gain"": 2}, {""need"": ""play"", ""gain"": 2}]",,"{""skill_match"": 0.1643, ""experience_fit"": 0.85, ""domain"": 0, ""education"": 1.0, ""achievement"": 0.8571, ""trajectory"": 1.0}",adzuna,aggregator,,,2026-07-24T03:33:25Z,,,,[],[],[],[],[],[],,,,"program, clients, description, play, crucial, services, gold, department, responsible, overseeing, activities, coordinating","Description The Associate Program Manager will play a crucial role in our IN_PS_009396_Technology Services_FM Tech & Analytics_FM_Tech_GOLD department. You will be responsible for overseeing program management activities, coordinating cross-functional teams, and driving process improvements. This role offers an exciting opportunity to work with a diverse range of clients and technologies, contributing to the success of our Fortune 500 clients. Responsibilities Lead and manage program operations…"
no,,,47,Growth Manager,Coram AI,"Bangalore, Karnataka",https://www.adzuna.in/details/5787202850?utm_medium=api&utm_source=195aa6d0,25,28,29,weak,0.14,0/0,,"[{""need"": ""coram ai"", ""gain"": 1}, {""need"": ""reimagining video security"", ""gain"": 1}, {""need"": ""modern world"", ""gain"": 1}, {""need"": ""cloud-native platform"", ""gain"": 1}, {""need"": ""uses computer"", ""gain"": 1}]",,"{""skill_match"": 0.1233, ""experience_fit"": 0.85, ""domain"": 0, ""education"": 1.0, ""achievement"": 1, ""trajectory"": 1.0}",adzuna,aggregator,,,2026-07-04T02:32:02Z,,,,[],[],[],[],[],[],,,,"world, make, coram, reimagining, video, security, modern, cloud-native, computer, vision, businesses, stay","At Coram AI, we’re reimagining video security for the modern world. Our cloud-native platform uses computer vision and AI to help businesses stay safe, make smarter decisions, and move faster; from real-time alerts to seamless clip sharing and multi-site visibility. You’ll be joining an ambitious, fast-moving team that values clarity, craftsmanship, and impact. Every person here has a voice, ships meaningful work, and helps shape how AI can make the world safer and more connected. The role: As …"
no,,,47,Growth Manager,Brown Living,"Mumbai, Maharashtra",https://www.adzuna.in/details/4882957565?utm_medium=api&utm_source=195aa6d0,24,30,25,weak,0.08,0/0,,"[{""need"": ""growth manager designation"", ""gain"": 1}, {""need"": ""manager location"", ""gain"": 1}, {""need"": ""bandra west"", ""gain"": 1}, {""need"": ""mumbai"", ""gain"": 1}, {""need"": ""type"", ""gain"": 1}]",,"{""skill_match"": 0.125, ""experience_fit"": 0.85, ""domain"": 0, ""education"": 1.0, ""achievement"": 1, ""trajectory"": 1.0}",adzuna,aggregator,400000,800000,2024-10-01T12:03:52Z,,,,[],[],[],[],[],[],,,,"living, sustainable, promote, designation, location, bandra, west, position, type, full-time, permanent, description","Designation: Growth Marketing Manager ● Location: Bandra West, Mumbai, India ● Position Type: Full-time, Permanent Company Description Brown Living (www.brownliving.in) is a platform focused on making Sustainable Living Easy, Accessible, and Affordable. As India's first plastic-free marketplace, we promote a sustainable and earth-friendly lifestyle. Our team curates a wide range of everyday-use products that are ethically sourced and promote minimal waste. We support artisan groups and sustaina…"
no,,,47,Growth Manager,Wise Leap Technologies,"Bangalore, Karnataka",https://www.adzuna.in/details/3069563244?utm_medium=api&utm_source=195aa6d0,26,52,25,weak,0.08,0/0,,"[{""need"": ""wise"", ""gain"": 1}, {""need"": ""world"", ""gain"": 1}, {""need"": ""best online"", ""gain"": 1}, {""need"": ""online tutoring"", ""gain"": 1}, {""need"": ""tutoring platform"", ""gain"": 1}]",,"{""skill_match"": 0.1217, ""experience_fit"": 0.85, ""domain"": 0, ""education"": 1.0, ""achievement"": 1, ""trajectory"": 1.0}",adzuna,aggregator,600000,1200000,2022-04-22T05:36:49Z,,,,[],[],[],[],[],[],,,,"online, wise, tutoring, classes, learners, world, companies, teaching, manage, scheduling, demos, extremely","About WISE At Wise, we are building the world's best online tutoring platform that companies teaching online can use to manage their online operations from scheduling demos to running classes for your learners. We have designed an extremely user friendly interface for your admins and instructors to set up your online academy within a matter of 5 minutes. We are a platform used for online tutoring by over 150,000 teachers to conduct live classes for over 2,500,000 learners Our platform has been …"
no,,,47,Customer Growth Manager,Payoneer,"Bangalore, Karnataka",https://www.adzuna.in/details/5763804514?utm_medium=api&utm_source=195aa6d0,23,37,25,weak,0.08,0/0,,"[{""need"": ""payoneer founded"", ""gain"": 1}, {""need"": ""payoneer"", ""gain"": 1}, {""need"": ""global financial platform"", ""gain"": 1}, {""need"": ""removes friction"", ""gain"": 1}, {""need"": ""doing business"", ""gain"": 1}]",,"{""skill_match"": 0.1175, ""experience_fit"": 0.85, ""domain"": 0, ""education"": 1.0, ""achievement"": 1, ""trajectory"": 1.0}",adzuna,aggregator,,,2026-06-15T02:26:46Z,,,,[],[],[],[],[],[],,,,"global, payoneer, financial, world, founded, removes, friction, doing, borders, mission, connect, underserved","About Payoneer Founded in 2005, Payoneer is the global financial platform that removes friction from doing business across borders, with a mission to connect the world’s underserved businesses to a rising global economy. We’re a community with over 2,500 colleagues all over the world, working to serve customers, and partners in over 190 countries and territories. By taking the complexity out of the financial workflows–including everything from global payments and compliance to multi-currency an…"
no,,,47,"SMB Growth Manager - Amazon Shipping, IN Amazon Shipping",ASSPL - Karnataka - B56,"Bangalore, Karnataka",https://www.adzuna.in/details/5758215349?utm_medium=api&utm_source=195aa6d0,28,40,25,weak,0.08,0/0,,"[{""need"": ""smb growth manager"", ""gain"": 1}, {""need"": ""amazon shipping"", ""gain"": 1}, {""need"": ""interested"", ""gain"": 1}, {""need"": ""emerging business"", ""gain"": 1}, {""need"": ""caters"", ""gain"": 1}]",,"{""skill_match"": 0.125, ""experience_fit"": 0.85, ""domain"": 0, ""education"": 1.0, ""achievement"": 1, ""trajectory"": 1.0}",adzuna,aggregator,,,2026-06-10T13:34:11Z,,,,[],[],[],[],[],[],,,,"interested, emerging, caters, booming, ecommerce, worldwide, amazon, shipping, dynamic, results-driven, volume, small","Are you interested in building a new, emerging business which caters to the booming ecommerce market in India and worldwide? Amazon Shipping India is looking for a dynamic and results-driven SMB Growth Manager to lead volume and revenue growth within the Small and Medium Business (SMB) segment. This role sits at the intersection of sales, account management, and customer success — and is critical to scaling our SMB shipper base and deepening wallet share across the cohort. The ideal candidate i…"
no,,,47,"SMB Growth Manager - Amazon Shipping, IN Amazon Shipping",Amazon,"Bangalore, Karnataka",https://www.adzuna.in/details/5760975783?utm_medium=api&utm_source=195aa6d0,28,39,25,weak,0.08,0/0,,"[{""need"": ""smb growth manager"", ""gain"": 1}, {""need"": ""amazon shipping"", ""gain"": 1}, {""need"": ""amazon shipping description"", ""gain"": 1}, {""need"": ""interested"", ""gain"": 1}, {""need"": ""emerging business"", ""gain"": 1}]",,"{""skill_match"": 0.125, ""experience_fit"": 0.85, ""domain"": 0, ""education"": 1.0, ""achievement"": 1, ""trajectory"": 1.0}",adzuna,aggregator,,,2026-06-12T10:23:23Z,,,,[],[],[],[],[],[],,,,"description, interested, emerging, caters, booming, ecommerce, worldwide, amazon, shipping, dynamic, results-driven, volume","Description Are you interested in building a new, emerging business which caters to the booming ecommerce market in India and worldwide? Amazon Shipping India is looking for a dynamic and results-driven SMB Growth Manager to lead volume and revenue growth within the Small and Medium Business (SMB) segment. This role sits at the intersection of sales, account management, and customer success - and is critical to scaling our SMB shipper base and deepening wallet share across the cohort. The ideal…"
no,,,47,Product Owner,qubesense by IndoGlobus Solutions,"Pune, Maharashtra",https://www.adzuna.in/details/4089722060?utm_medium=api&utm_source=195aa6d0,33,48,56,borderline,0.51,1/9,"coding, consistently managing applications, comfortable coding, number, languages, test code, order, maintain high-quality code","[{""need"": ""coding"", ""gain"": 3}, {""need"": ""consistently managing applications"", ""gain"": 3}, {""need"": ""comfortable coding"", ""gain"": 3}, {""need"": ""number"", ""gain"": 3}, {""need"": ""languages"", ""gain"": 3}]",,"{""skill_match"": 0.1718, ""experience_fit"": 0.85, ""domain"": 0, ""education"": 1.0, ""achievement"": 0.8571, ""trajectory"": 1.0}",adzuna,aggregator,2000000,2400000,2023-05-09T16:32:56Z,,,,[],[],[],[],[],[],,,,"code, coding, test, ideal, familiar, full, software, life, cycle, consistently, managing, comfortable","The ideal candidate will be familiar with the full software design life cycle. They should have experience in designing, coding, testing and consistently managing applications They should be comfortable coding in a number of languages and have the ability to test code in order to maintain high-quality code. Responsibilities Design, code, test and manage various applications, Product Development Collaborate with the engineering team and product team to establish the best products Follow outlined…"
no,,,47,Product Owner,ThoughtFocus,"Bangalore, Karnataka",https://www.adzuna.in/details/5779644611?utm_medium=api&utm_source=195aa6d0,33,59,46,borderline,0.38,1/6,"product owner key, gathering analysis, gather, document, analyze business","[{""need"": ""product owner key"", ""gain"": 3}, {""need"": ""gathering analysis"", ""gain"": 3}, {""need"": ""gather"", ""gain"": 3}, {""need"": ""document"", ""gain"": 3}, {""need"": ""analyze business"", ""gain"": 3}]",,"{""skill_match"": 0.164, ""experience_fit"": 0.85, ""domain"": 0, ""education"": 1.0, ""achievement"": 0.8571, ""trajectory"": 1.0}",adzuna,aggregator,,,2026-06-28T07:26:26Z,,,,[],[],[],[],[],[],,,,"requirement, gathering, gather, document, analyze, translate, needs, clear, functional, non-functional, develop, stories","Key Responsibilities: Requirement Gathering Analysis Work with stakeholders to gather, document, and analyze business requirements. Translate business needs into clear functional and non-functional specifications. Develop user stories, process flows, and wireframes to define product features. Product Ownership Backlog Management Own and manage the product backlog, ensuring it is well-prioritized and refined. Define and communicate the product vision and roadmap. Write and prioritize user storie…"
no,,,47,Senior Product Owner,Delta Air Lines,"Bangalore, Karnataka",https://www.adzuna.in/details/5136661370?utm_medium=api&utm_source=195aa6d0,27,30,25,weak,0.08,0/0,,"[{""need"": ""senior product"", ""gain"": 1}, {""need"": ""product owner"", ""gain"": 1}, {""need"": ""owner key"", ""gain"": 1}, {""need"": ""understand"", ""gain"": 1}, {""need"": ""vision understand"", ""gain"": 1}]",,"{""skill_match"": 0.125, ""experience_fit"": 0.85, ""domain"": 0, ""education"": 1.0, ""achievement"": 1, ""trajectory"": 1.0}",adzuna,aggregator,,,2025-04-09T09:51:59Z,,,,[],[],[],[],[],[],,,,"squad, understand, features, stories, acceptance, collaborate, vision, being, brought, increment, cycle, impact",Key Responsibilities: Product Execution (60%): Collaborate with the product manager to understand the product strategy and vision Understand the features being brought into an increment cycle which will have an impact on the product squad Socialize the impacted features with the product squad Work with the product squad squads to write the user stories with clear and concise acceptance criteria Actively engage in squad demo from the squad members and accept the stories based on the acceptance c…
no,,,46,Senior Alliances Solution Engineering APJ,okta,"Bengaluru, India",https://www.okta.com/company/careers/opportunity/6839581?gh_jid=6839581,23,24,30,weak,0.18,0/0,,"[{""need"": ""5 years of experience (you show 3.9)"", ""gain"": 5}, {""need"": ""senior alliances"", ""gain"": 2}, {""need"": ""alliances solution"", ""gain"": 2}, {""need"": ""solution engineering"", ""gain"": 2}, {""need"": ""engineering apj"", ""gain"": 2}]",,"{""skill_match"": 0.1474, ""experience_fit"": 0.768, ""domain"": 0, ""education"": 1.0, ""achievement"": 1, ""trajectory"": 1.0}",greenhouse,direct,,,2026-07-13T16:17:01-04:00,,,,[],[],[],[],[],[],,,,"okta, nbsp, identity, solutions, customer, employment, sales, global, supporting, current, field, in-person","Secure Every Identity, from AI to Human Identity is the key to unlocking the potential of AI. Okta secures AI by building the trusted, neutral infrastructure that enables organizations to safely embrace this new era. This work requires a relentless drive to solve complex challenges with real-world stakes. We are looking for builders and owners who operate with speed and urgency and execute with excellence. This is an opportunity to do career-defining work. We're all in on this mission. If you are too, let's talk. The Senior Alliance Solutions Engineer Opportunity Okta believes in Partners and, together with our technology, will help take Identity mainstream and consolidate our position as a Leader in the market.&nbsp; Partner Solutions Engineers are dedicated to growing Okta business through the Channel, working closely with Regional Alliance Managers, Sales Representatives, Marketing and Partner Enablement.&nbsp; As a Partner Solutions Engineer at Okta, you will have an opportunity to be a well-respected technical expert, building strong, long standing relationships with key Partners and Global System Integrators, supporting both global and India markets.&nbsp; You will become your partners’ trusted advisor for anything Identity and Access Management related and will help them understand how Okta can best fit in their Go-To-Market (GTM) Strategy, integrate with their current offerings, help evangelize partner solutions within the Okta field teams and lead our partners in building Okta practices that deliver exceptional customer outcomes. *This role requires in-person onboarding and travel to our San Francisco, CA HQ office during the first week of employment.&nbsp; What you’ll be doing&nbsp; Build and manage technical relationships with assigned Partners and team with the assigned Okta Partner Account Team Drive incremental revenue through increased Okta solution sales with the support of Strategic Partners and their GTM strategies. Develop domain expertise and tho"
no,,,46,Senior Product Manager,Unnati,"Pune, Maharashtra",https://www.adzuna.in/details/3032212559?utm_medium=api&utm_source=195aa6d0,22,22,23,weak,0.08,0/0,,"[{""need"": ""senior product"", ""gain"": 1}, {""need"": ""manager headquartered"", ""gain"": 1}, {""need"": ""redwood city"", ""gain"": 1}, {""need"": ""client"", ""gain"": 1}, {""need"": ""communication"", ""gain"": 1}]",,"{""skill_match"": 0.125, ""experience_fit"": 0.85, ""domain"": 0, ""education"": 1.0, ""achievement"": 0.8571, ""trajectory"": 1.0}",adzuna,aggregator,1200000,1500000,2022-04-07T05:25:47Z,,,,[],[],[],[],[],[],,,,"headquartered, redwood, city, client, communication, assessment, saas, startup, enables, movement, health, athletic","Headquartered in Redwood city, CA, our client is a communication and assessment SaaS startup that enables the movement health professional (athletic trainer, physical therapist, recovery specialist) to seamlessly capture and assess patient care data through cutting edge technologies such as machine learning and AI. It improves outcomes for healthcare organisations by identifying early signs of clinical deterioration in chronically-ill patients thereby decreasing hospital admissions and reducing…"
no,,,46,Senior Product Manager,Synapsica Technologies Pvt Ltd,"Bangalore, Karnataka",https://www.adzuna.in/details/3376937440?utm_medium=api&utm_source=195aa6d0,24,26,27,weak,0.14,0/0,,"[{""need"": ""senior product"", ""gain"": 1}, {""need"": ""manager introduction"", ""gain"": 1}, {""need"": ""introduction synapsica"", ""gain"": 1}, {""need"": ""series-a funded"", ""gain"": 1}, {""need"": ""funded healthtech"", ""gain"": 1}]",,"{""skill_match"": 0.125, ""experience_fit"": 0.85, ""domain"": 0, ""education"": 1.0, ""achievement"": 0.8571, ""trajectory"": 1.0}",adzuna,aggregator,2000000,4500000,2022-08-05T06:41:44Z,,,,[],[],[],[],[],[],,,,"introduction, synapsica, series-a, funded, healthtech, startup, founded, alumni, kharagpur, aiims, ahmedabad, believe","Introduction Synapsica is a series-A funded HealthTech startup founded by alumni from IIT Kharagpur, AIIMS New Delhi, and IIM Ahmedabad. We believe healthcare needs to be transparent and objective while being affordable. Every patient has the right to know exactly what is happening in their bodies and they don't have to rely on cryptic 2 liners given to them as a diagnosis. Towards this aim, we are building an artificial intelligence enabled cloud based platform to analyse medical images and cr…"
no,,,46,Senior Product Manager,Inflection.io,"Bangalore, Karnataka",https://www.adzuna.in/details/5636548884?utm_medium=api&utm_source=195aa6d0,23,33,23,weak,0.08,0/0,,"[{""need"": ""senior product"", ""gain"": 1}, {""need"": ""manager inflection.io"", ""gain"": 1}, {""need"": ""venture-backed b2b"", ""gain"": 1}, {""need"": ""b2b marketing"", ""gain"": 1}, {""need"": ""marketing automation"", ""gain"": 1}]",,"{""skill_match"": 0.1233, ""experience_fit"": 0.85, ""domain"": 0, ""education"": 1.0, ""achievement"": 0.8571, ""trajectory"": 1.0}",adzuna,aggregator,,,2026-02-20T01:47:19Z,,,,[],[],[],[],[],[],,,,"crore, inflection.io, venture-backed, automation, enabling, communicate, prospects, saas, companies, sauce, labs, postman","Inflection.io is a venture-backed B2B marketing automation company, enabling to communicate with their customers and prospects from one platform. We're used by leading SaaS companies like Sauce Labs, Postman, BILL, Mural, and Vercel, many of which pay more than $100K/yr (1 crore rupee). And, it’s working! We have world-class stats: our largest deal is over 3 crore, we have a 5 star rating on G2, over 100% NRR, and constantly break sales records. We’ve raised $14M in total since 2021 with $7.6M …"
no,,,46,Business Analyst,"Opalforce, Inc.","Bangalore, Karnataka",https://www.adzuna.in/details/4725867393?utm_medium=api&utm_source=195aa6d0,30,37,23,weak,0.08,0/0,,"[{""need"": ""business analyst"", ""gain"": 2}, {""need"": ""opalforce"", ""gain"": 2}, {""need"": ""hiring mechanical"", ""gain"": 2}, {""need"": ""mechanical design"", ""gain"": 2}, {""need"": ""engineers key"", ""gain"": 2}]",,"{""skill_match"": 0.1419, ""experience_fit"": 0.85, ""domain"": 0, ""education"": 1.0, ""achievement"": 0.8571, ""trajectory"": 1.0}",adzuna,aggregator,,,2024-06-07T16:37:08Z,,,,[],[],[],[],[],[],,,,"opalforce, hiring, mechanical, engineers, solutions, conduct, identify, opportunities, improvement, consult, determine, objectives","About the Job: Opalforce is hiring Mechanical Design Engineers Key Responsibilities: Create requirements and specifications for business solutions Conduct business analysis and research to identify opportunities for improvement Consult with key stakeholders to determine business objectives and success factors Collaborate with team members to collect, analyze, and evaluate information from multiple sources including Present findings and recommendations to stakeholders Write and document business…"
no,,,46,Business Analyst,Lincode Labs India Pvt Ltd,"Bangalore, Karnataka",https://www.adzuna.in/details/1509166858?utm_medium=api&utm_source=195aa6d0,30,28,23,weak,0.08,0/0,,"[{""need"": ""business analyst"", ""gain"": 1}, {""need"": ""description"", ""gain"": 1}, {""need"": ""code"", ""gain"": 1}, {""need"": ""bnsan1"", ""gain"": 1}, {""need"": ""purpose"", ""gain"": 1}]",,"{""skill_match"": 0.1273, ""experience_fit"": 0.85, ""domain"": 0, ""education"": 1.0, ""achievement"": 0.8571, ""trajectory"": 1.0}",adzuna,aggregator,400000,800000,2020-03-31T19:47:07Z,,,,[],[],[],[],[],[],,,,"analysts, description, analyst, code, bnsan1, positions, purpose, position, core, developing, solutions, problems","Job Description: Business Analyst (Job Code: BNSAN1) No of Positions: 2 Purpose of Position: Requirements management is one of the core skills of business analysts. Developing technical solutions to business problems, or to advance a company’s sales efforts, begins with defining, analyzing and documenting requirements. Managing requirements at the project level can help fulfill business needs. Skilled business analysts also use requirements to drive the design or review of test cases, process c…"
no,,,46,Business Analyst,Presidency University,"Bangalore, Karnataka",https://www.adzuna.in/details/1788701062?utm_medium=api&utm_source=195aa6d0,33,40,45,borderline,0.4,0/5,"succeed, natural analytical way, thinking, explain difficult concepts, non-technical users","[{""need"": ""succeed"", ""gain"": 3}, {""need"": ""natural analytical way"", ""gain"": 3}, {""need"": ""thinking"", ""gain"": 3}, {""need"": ""explain difficult concepts"", ""gain"": 3}, {""need"": ""non-technical users"", ""gain"": 3}]",,"{""skill_match"": 0.125, ""experience_fit"": 0.85, ""domain"": 0, ""education"": 1.0, ""achievement"": 0.8571, ""trajectory"": 1.0}",adzuna,aggregator,,500000,2020-10-29T02:45:11Z,,,,[],[],[],[],[],[],,,,"analyst, performing, description, hiring, alongside, analysts, report, directly, main, tasks, documenting, processes","Job Description We are hiring a Business Analyst to join our project team. You will work alongside other business analysts and report directly to the project manager. Your main tasks will include performing detailed requirements analysis, documenting processes, and performing some user acceptance testing. To succeed in this role, you should have a natural analytical way of thinking and be able to explain difficult concepts to non-technical users. Business Analyst Responsibilities: Evaluating bu…"
no,,,46,Business Analyst,MM Staffing & Career Consultants,"Bangalore, Karnataka",https://www.adzuna.in/details/5727082142?utm_medium=api&utm_source=195aa6d0,20,20,58,borderline,0.58,1/12,"business analyst, description, business analyst location, bangalore, wfo, joining date, immediate, bank payments, payments domain, domain know, payment services","[{""need"": ""business analyst"", ""gain"": 3}, {""need"": ""description"", ""gain"": 3}, {""need"": ""business analyst location"", ""gain"": 3}, {""need"": ""bangalore"", ""gain"": 3}, {""need"": ""wfo"", ""gain"": 3}]",,"{""skill_match"": 0.0667, ""experience_fit"": 1.0, ""domain"": 0, ""education"": 1.0, ""achievement"": 0.8571, ""trajectory"": 1.0}",adzuna,aggregator,,,2026-05-13T01:56:32Z,,,,[],[],[],[],[],[],,,,"payment, services, description, position, analyst, bank, payments, know, location, bangalore, requirement, joining","Job Description: Position: Business Analyst Location: Bangalore, WFO Experience requirement: 3 Years Joining Date: Immediate to 30 days Job Description minimum 3 years of experience in Business Analyst position with good knowledge in Bank Payments domain know the workflow of Payment services (UPI / IMPS / NEFT / RTGS) should understand the Payment Gateway Services. should know how the Bank Payment Services are integrated. should be able to give solutioning for issues related to Payments. should…"
no,,,46,Business Analyst,Talhive,"Bangalore, Karnataka",https://www.adzuna.in/details/5120355680?utm_medium=api&utm_source=195aa6d0,25,29,45,borderline,0.4,0/5,"essential duties, gather, analyze data, variety, sources","[{""need"": ""essential duties"", ""gain"": 3}, {""need"": ""gather"", ""gain"": 3}, {""need"": ""analyze data"", ""gain"": 3}, {""need"": ""variety"", ""gain"": 3}, {""need"": ""sources"", ""gain"": 3}]",,"{""skill_match"": 0.14, ""experience_fit"": 0.85, ""domain"": 0, ""education"": 1.0, ""achievement"": 0.8571, ""trajectory"": 1.0}",adzuna,aggregator,,,2025-04-01T01:23:35Z,,,,[],[],[],[],[],[],,,,"analyst, title, responsible, reporting, aspects, gathering, analyzing, creating, reports, dashboards, communicating, insights","Job Title: Business Analyst Summary: The Business Analyst will be responsible for leading the data and reporting aspects of the business. This includes gathering and analyzing data, creating reports and dashboards, and communicating insights to stakeholders and clients. The ideal candidate will have strong Excel skills, be data-driven, and have a proven track record of impacting SaaS businesses. Essential Duties and Responsibilities: Gather and analyze data from a variety of sources, including …"
no,,,46,Business Analyst,Innover Systems,"Pune, Maharashtra",https://www.adzuna.in/details/5555120217?utm_medium=api&utm_source=195aa6d0,28,44,23,weak,0.08,0/0,,"[{""need"": ""business analyst title"", ""gain"": 1}, {""need"": ""senior business analyst"", ""gain"": 1}, {""need"": ""iot digital transformation"", ""gain"": 1}, {""need"": ""baner"", ""gain"": 1}, {""need"": ""pune"", ""gain"": 1}]",,"{""skill_match"": 0.125, ""experience_fit"": 0.85, ""domain"": 0, ""education"": 1.0, ""achievement"": 0.8571, ""trajectory"": 1.0}",adzuna,aggregator,600000,1000000,2025-12-25T10:26:03Z,,,,[],[],[],[],[],[],,,,"senior, analyst, solutions, title, transformation, location, baner, on-site, bridge, complex, needs, just","Title: Senior Business Analyst (IoT & Digital Transformation) Location: Baner, Pune (On-site) Experience: 4 Years We are looking for a Senior Business Analyst to bridge the gap between complex business needs and technical execution. In this role, you won't just document requirements—you will shape the future of our IoT solutions by identifying trends and turning raw data into an actionable business strategy. What You’ll Do Architect Solutions: Transform high-level business visions into precise …"
no,,,46,Affiliate Partnerships Manager,Simply Wall St,"Bangalore, Karnataka",https://www.adzuna.in/details/5788972977?utm_medium=api&utm_source=195aa6d0,24,36,23,weak,0.08,0/0,,"[{""need"": ""affiliate partnerships manager"", ""gain"": 1}, {""need"": ""simply wall"", ""gain"": 1}, {""need"": ""people become confident"", ""gain"": 1}, {""need"": ""long-term investors"", ""gain"": 1}, {""need"": ""stock market offers"", ""gain"": 1}]",,"{""skill_match"": 0.125, ""experience_fit"": 0.85, ""domain"": 0, ""education"": 1.0, ""achievement"": 0.8571, ""trajectory"": 1.0}",adzuna,aggregator,,,2026-07-05T15:01:26Z,,,,[],[],[],[],[],[],,,,"long-term, investors, mission, simply, wall, people, become, confident, stock, exceptional, wealth, easy","OUR MISSION At Simply Wall St, we help people become confident, long-term investors. The stock market offers an exceptional opportunity for building wealth, but it’s easy to fail. While many chase quick wins, we believe in thinking long-term and investing like a business shareholder. Our product gives individual investors the capabilities to build a portfolio, previously only available to professionals. WHY JOIN? Help us empower individuals by giving them a new way to invest in stocks; Work at …"
no,,,46,"Manager, Licensing & Partnerships",KRAFTON,"Bangalore, Karnataka",https://www.adzuna.in/details/5687796400?utm_medium=api&utm_source=195aa6d0,21,21,23,weak,0.08,0/0,,"[{""need"": ""licensing partnerships"", ""gain"": 1}, {""need"": ""south korea"", ""gain"": 1}, {""need"": ""krafton"", ""gain"": 1}, {""need"": ""committed"", ""gain"": 1}, {""need"": ""discovering"", ""gain"": 1}]",,"{""skill_match"": 0.125, ""experience_fit"": 0.85, ""domain"": 0, ""education"": 1.0, ""achievement"": 0.8571, ""trajectory"": 1.0}",adzuna,aggregator,,,2026-04-03T02:05:24Z,,,,[],[],[],[],[],[],,,,"krafton, games, studios, south, korea, committed, discovering, globally, publishing, deliver, uniquely, global","[ WHO WE ARE ] Based out of South Korea, KRAFTON, Inc. is committed to discovering and globally publishing games that deliver a uniquely fun experience with global production studios known for distinctive creatives. Founded in 2007, KRAFTON consists of PUBG STUDIOS, Bluehole Studio, RisingWings, Striking Distance Studios, Dreamotion, Unknown Worlds, 5minlab, Neon Giant, KRAFTON Montréal Studio and ReLU Games, each trying to innovate the enjoyment of games through continuously embracing challeng…"
no,,,46,Senior Technical Program Manager,Shell Recharge Solutions,"Bangalore, Karnataka",https://www.adzuna.in/land/ad/5806353378?se=DBTfjK-K8RGbLL45Ug83Nw&utm_medium=api&utm_source=195aa6d0&v=578CD882D61ABAE8CAB728091BAF102908768E57,22,27,23,weak,0.08,0/0,,"[{""need"": ""senior technical"", ""gain"": 1}, {""need"": ""technical program"", ""gain"": 1}, {""need"": ""program manager"", ""gain"": 1}, {""need"": ""manager senior"", ""gain"": 1}, {""need"": ""manager shell"", ""gain"": 1}]",,"{""skill_match"": 0.1233, ""experience_fit"": 0.85, ""domain"": 0, ""education"": 1.0, ""achievement"": 0.8571, ""trajectory"": 1.0}",adzuna,aggregator,,,2026-07-19T02:14:51Z,,,,[],[],[],[],[],[],,,,"solutions, charging, senior, program, shell, recharge, leader, delivering, electric, mobility, future, innovative","Senior Technical Program Manager Shell Recharge Solutions is a leader in delivering the new electric mobility future through innovative software, infrastructure, and professional services that empower utilities, cities, fleets, transit agencies, and automakers to deploy EV charging infrastructure at scale. Our technology is connecting EV infrastructure solutions with public and private charging needs in a safer, cleaner, and smarter way. Headquartered in Offshore India the company’s global foot…"
no,,,46,Program Manager – Generics (Drug substance and Drug product),Biocon Biologics,"Bangalore, Karnataka",https://www.adzuna.in/land/ad/5795467626?se=DBTfjK-K8RGbLL45Ug83Nw&utm_medium=api&utm_source=195aa6d0&v=3E9EED10B0F5C341C42DC477BC559B557730B4F6,26,51,23,weak,0.08,0/0,,"[{""need"": ""program manager generics"", ""gain"": 2}, {""need"": ""drug substance"", ""gain"": 2}, {""need"": ""drug product"", ""gain"": 2}, {""need"": ""purpose lead"", ""gain"": 2}, {""need"": ""end-to-end generics"", ""gain"": 2}]",,"{""skill_match"": 0.1094, ""experience_fit"": 0.85, ""domain"": 0, ""education"": 1.0, ""achievement"": 1, ""trajectory"": 1.0}",adzuna,aggregator,,,2026-07-10T15:29:05Z,,,,[],[],[],[],[],[],,,,"regulatory, drug, clinical, program, governance, purpose, generics, substance, programs, manufacturing, cost, timelines","Role Purpose Lead end-to-end Generics (Drug substance and Drug product) development programs across R&D, Clinical, Regulatory, and Manufacturing. Ensure delivery aligned to cost, timelines, and global regulatory expectations for advanced markets. Key Accountabilities 1. Program Governance & Execution - Lead integrated program planning across CMC, device management, clinical, regulatory, and supply chain. - Drive governance forums and executive reporting 2. Budget & Financial Management - Own pr…"
no,,,46,Program Manager,Newton School,"Bangalore, Karnataka",https://www.adzuna.in/details/5759291743?utm_medium=api&utm_source=195aa6d0,25,32,23,weak,0.08,0/0,,"[{""need"": ""program manager"", ""gain"": 2}, {""need"": ""dynamic program manager"", ""gain"": 2}, {""need"": ""focus"", ""gain"": 2}, {""need"": ""solving day-to-day challenges"", ""gain"": 2}, {""need"": ""learning domain"", ""gain"": 2}]",,"{""skill_match"": 0.1313, ""experience_fit"": 0.85, ""domain"": 0, ""education"": 1.0, ""achievement"": 0.8571, ""trajectory"": 1.0}",adzuna,aggregator,,,2026-06-11T06:57:27Z,,,,[],[],[],[],[],[],,,,"dynamic, program, focus, solving, day-to-day, challenges, learning, particular, emphasis, curriculum, student, progression","About The Role:- We are looking for a dynamic Program Manager to join our team. This role will focus on identifying and solving day-to-day challenges in the learning domain, with a particular emphasis on curriculum, content, and student progression. The ideal candidate will excel at uncovering bottlenecks, implementing immediate solutions, and setting up scalable, long-term processes. This role is pivotal in ensuring the smooth functioning of our academic operations and delivering exceptional l…"
no,,,46,Program Manager,skillenza,"Bangalore, Karnataka",https://www.adzuna.in/details/5329696427?utm_medium=api&utm_source=195aa6d0,31,53,23,weak,0.08,0/0,,"[{""need"": ""program manager"", ""gain"": 2}, {""need"": ""description"", ""gain"": 2}, {""need"": ""enterprise customers"", ""gain"": 2}, {""need"": ""execute hackathons"", ""gain"": 2}, {""need"": ""similar events"", ""gain"": 2}]",,"{""skill_match"": 0.106, ""experience_fit"": 0.85, ""domain"": 0, ""education"": 1.0, ""achievement"": 1, ""trajectory"": 1.0}",adzuna,aggregator,,,2025-07-31T17:00:20Z,,,,[],[],[],[],[],[],,,,"hackathon, hackathons, clients, community, description, enterprise, execute, similar, events, subject, matter, experts","Job Description Work with Enterprise customers to execute hackathons and similar events. Platform support for all the hackathons to participants Liaison between clients and Subject Matter Experts for problem statements and themes for the hackathon Liaison between Skillenza’s design, content, and community team, and client for the smooth running of the hackathon Handle end to end hackathon process. Work within the community team to create a post hackathon impact report for the clients Achieving …"
no,,,46,Product Owner,kaldan soft,"Pune, Maharashtra",https://www.adzuna.in/details/5319364668?utm_medium=api&utm_source=195aa6d0,32,50,23,weak,0.08,0/0,,"[{""need"": ""product owner"", ""gain"": 1}, {""need"": ""title"", ""gain"": 1}, {""need"": ""owner payments"", ""gain"": 1}, {""need"": ""payments funds"", ""gain"": 1}, {""need"": ""funds transfer"", ""gain"": 1}]",,"{""skill_match"": 0.125, ""experience_fit"": 0.85, ""domain"": 0, ""education"": 1.0, ""achievement"": 0.8571, ""trajectory"": 1.0}",adzuna,aggregator,100000,1600000,2025-07-24T07:41:32Z,,,,[],[],[],[],[],[],,,,"owner, payments, funds, transfer, title, location, employment, type, full-time, skilled, driven, proven","Job Title: Product Owner – Payments & Funds Transfer Location: Pune, India Experience: 5 Years Employment Type: Full-time Job Summary: We are looking for a skilled and driven Product Owner with proven experience in business and systems analysis within the Payments and Funds Transfer domain . The ideal candidate will possess deep domain knowledge of SWIFT, Clearings, RTGS , and familiarity with SEPA, CHIPS, and Fedwire . You will serve as the key liaison between business stakeholders and technic…"
no,,,46,Product Owner,BD,"Bangalore, Karnataka",https://www.adzuna.in/details/5663139578?utm_medium=api&utm_source=195aa6d0,32,51,27,weak,0.14,0/0,,"[{""need"": ""product owner"", ""gain"": 2}, {""need"": ""description summary"", ""gain"": 2}, {""need"": ""summary mms"", ""gain"": 2}, {""need"": ""mms infusion"", ""gain"": 2}, {""need"": ""passion"", ""gain"": 2}]",,"{""skill_match"": 0.1429, ""experience_fit"": 0.85, ""domain"": 0, ""education"": 1.0, ""achievement"": 0.8571, ""trajectory"": 1.0}",adzuna,aggregator,,,2026-03-13T07:46:14Z,,,,[],[],[],[],[],[],,,,"developing, position, description, infusion, owner, passion, learning, customer, focused, impactful, responsible, deep","Job Description Summary MMS Infusion is looking for a Product Owner who has passion for learning, developing high quality, customer focused and impactful SW products. This position will be responsible for developing a deep technical understanding of product/systems while interacting with other Teams and Architect, evaluating their systems, and designing product integrations. This is a hands-on software development position. Lead by example, adopting a ""whatever it takes"" approach to get the job…"
no,,,45,Project Alliance Manager,okta,"Bengaluru, India",https://www.okta.com/company/careers/opportunity/7897264?gh_jid=7897264,24,25,49,borderline,0.49,1/4,"crm tools, project management methodologies, essential","[{""need"": ""5 years of experience (you show 3.9)"", ""gain"": 5}, {""need"": ""crm tools"", ""gain"": 2}, {""need"": ""project management methodologies"", ""gain"": 2}, {""need"": ""essential"", ""gain"": 2}, {""need"": ""project alliance"", ""gain"": 1}]",,"{""skill_match"": 0.1133, ""experience_fit"": 0.768, ""domain"": 0, ""education"": 1.0, ""achievement"": 1, ""trajectory"": 1.0}",greenhouse,direct,,,2026-07-28T02:11:09-04:00,,,,[],[],[],[],[],[],,,,"okta, nbsp, identity, projects, regional, enablement, onboarding, local, applicants, employment, york, city","Secure Every Identity, from AI to Human Identity is the key to unlocking the potential of AI. Okta secures AI by building the trusted, neutral infrastructure that enables organizations to safely embrace this new era. This work requires a relentless drive to solve complex challenges with real-world stakes. We are looking for builders and owners who operate with speed and urgency and execute with excellence. This is an opportunity to do career-defining work. We're all in on this mission. If you are too, let's talk. The Project Alliances Manager is a critical execution-focused role. You will be responsible for managing the lifecycle of partner-related projects, ensuring that our Regional Solution Providers, Distributors, and GSIs are operationally ready to sell and implement Okta. You will take high-level regional strategies and translate them into actionable project plans, enablement programs, and pipeline-driving activities. Job Duties and Responsibilities Program Execution: Lead the end-to-end management of alliance projects, including partner onboarding, joint business plan tracking, and co-marketing execution. Enablement Management: Coordinate with Okta’s global enablement teams to roll out technical and sales training projects specifically for the India partner ecosystem. Operational Governance: Maintain the hygiene of the partner pipeline within Salesforce; ensure all partner-sourced deals are accurately tracked and attributed. Cross-Functional Coordination: Act as the project lead between Partners and Okta’s internal Marketing, Sales, and Solutions Engineering teams to ensure joint ""Go-to-Market"" (GTM) activities are delivered on schedule. Partner Advocacy: Serve as the primary point of contact for project-level inquiries from partners, resolving operational bottlenecks to keep Okta ""front and center."" Performance Reporting: Track and report on project milestones and partner performance metrics, providing data-driven insights to the Senior Regional Alliances Ma"
no,,,45,Product Manager,PlaySimple Games,"Richmond Town, Bangalore",https://www.adzuna.in/details/5796256065?utm_medium=api&utm_source=195aa6d0,31,33,22,weak,0.08,0/0,,"[{""need"": ""summary playsimple games"", ""gain"": 2}, {""need"": ""run mobile"", ""gain"": 2}, {""need"": ""mobile games"", ""gain"": 2}, {""need"": ""rocket speed"", ""gain"": 2}, {""need"": ""fast-paced"", ""gain"": 2}]",,"{""skill_match"": 0.1183, ""experience_fit"": 0.85, ""domain"": 0, ""education"": 1.0, ""achievement"": 0.8571, ""trajectory"": 1.0}",adzuna,aggregator,,,2026-07-11T04:40:28Z,,,,[],[],[],[],[],[],,,,"games, build, position, playsimple, managers, mobile, rocket, speed, fast-paced, adrenaline, plenty, learn","Position Summary PlaySimple Games is looking for Product Managers to own, ship & run mobile games at rocket speed. It’s a fast-paced, high adrenaline job, with plenty to learn and build. If you enjoy crunching numbers, are never satisfied with the products around you, and have always wanted to build things your way, you’ll love this job. The Role You will build games from scratch, and manage them over their life cycle. This is a hands-on leadership role that includes end-to-end ownership of the…"
no,,,45,Product Manager,Custiv,"Bangalore, Karnataka",https://www.adzuna.in/details/4153137687?utm_medium=api&utm_source=195aa6d0,36,33,25,weak,0.14,0/0,,"[{""need"": ""expand"", ""gain"": 1}, {""need"": ""suite"", ""gain"": 1}, {""need"": ""digital manufacturing products"", ""gain"": 1}, {""need"": ""extending"", ""gain"": 1}, {""need"": ""product offerings"", ""gain"": 1}]",,"{""skill_match"": 0.1, ""experience_fit"": 0.85, ""domain"": 0, ""education"": 1.0, ""achievement"": 0.8571, ""trajectory"": 1.0}",adzuna,aggregator,2000000,3200000,2023-06-15T16:47:53Z,,,,[],[],[],[],[],[],,,,"manufacturing, solutions, seeking, experienced, innovative, expand, suite, responsible, managing, extending, offerings, opportunities","We are seeking an experienced and innovative Product Manager to lead and expand our suite of digital manufacturing products. As a Product Manager, you will be responsible for managing and extending our product offerings, identifying new opportunities, and developing creative solutions to solve the unique challenges faced by Indian manufacturing SMEs and MSMEs. You will be expected to gain a deep understanding of factory floor processes and pain points to design effective solutions that moderniz…"
no,,,45,Senior Product Manager,Flexera Software,"Bangalore, Karnataka",https://www.adzuna.in/details/5772848610?utm_medium=api&utm_source=195aa6d0,27,38,22,weak,0.08,0/0,,"[{""need"": ""senior product"", ""gain"": 2}, {""need"": ""manager flexera"", ""gain"": 2}, {""need"": ""flexera saves"", ""gain"": 2}, {""need"": ""saves customers"", ""gain"": 2}, {""need"": ""customers billions"", ""gain"": 2}]",,"{""skill_match"": 0.0817, ""experience_fit"": 0.85, ""domain"": 0, ""education"": 1.0, ""achievement"": 1, ""trajectory"": 1.0}",adzuna,aggregator,,,2026-06-23T02:19:01Z,,,,[],[],[],[],[],[],,,,"flexera, solutions, saves, billions, dollars, wasted, spend, pioneer, hybrid, itam, finops, provides","Flexera saves customers billions of dollars in wasted technology spend. A pioneer in Hybrid ITAM and FinOps, Flexera provides award-winning, data-oriented SaaS solutions for technology value optimization (TVO), enabling IT, finance, procurement and cloud teams to gain deep insights into cost optimization, compliance and risks for each business service. Flexera One solutions are built on a set of definitive customer, supplier and industry data, powered by our Technology Intelligence Platform, th…"
no,,,45,Senior Product Manager,Morningstar,"Mumbai, Maharashtra",https://www.adzuna.in/details/5606728906?utm_medium=api&utm_source=195aa6d0,27,23,22,weak,0.08,0/0,,"[{""need"": ""retirement business"", ""gain"": 2}, {""need"": ""business unit"", ""gain"": 2}, {""need"": ""unit focuses"", ""gain"": 2}, {""need"": ""individuals achieve"", ""gain"": 2}, {""need"": ""achieve better"", ""gain"": 2}]",,"{""skill_match"": 0.0775, ""experience_fit"": 0.85, ""domain"": 0, ""education"": 1.0, ""achievement"": 1, ""trajectory"": 1.0}",adzuna,aggregator,,,2026-01-31T01:02:35Z,,,,[],[],[],[],[],[],,,,"morningstar, client, retirement, unit, focuses, helping, individuals, achieve, better, outcomes, institutional, clients","The Group: The Retirement business unit focuses on helping individuals achieve better outcomes by working with institutional clients in the global defined contribution and workplace markets. This is a high growth area for Morningstar and houses a diverse product suite and unique client base. By constantly evolving our solutions and solving our client's problems, we believe we are positioned well for continued future growth. The Role: Morningstar seeks a Senior Product Manager to work in the Man…"
no,,,45,Senior Product Manager,myGate.in,"Bangalore, Karnataka",https://www.adzuna.in/details/1408167648?utm_medium=api&utm_source=195aa6d0,24,29,22,weak,0.08,0/0,,"[{""need"": ""senior product"", ""gain"": 2}, {""need"": ""manager mygate"", ""gain"": 2}, {""need"": ""technology-forward solution"", ""gain"": 2}, {""need"": ""gated communities"", ""gain"": 2}, {""need"": ""now simplifying"", ""gain"": 2}]",,"{""skill_match"": 0.1175, ""experience_fit"": 0.85, ""domain"": 0, ""education"": 1.0, ""achievement"": 0.8571, ""trajectory"": 1.0}",adzuna,aggregator,4000000,6000000,2020-01-14T13:41:11Z,,,,[],[],[],[],[],[],,,,"mygate, gated, communities, security, innovative, technology-forward, solution, simplifying, daily, lives, residents, managing","MyGate is a technology-forward solution for gated communities, now simplifying the daily lives of residents, managing committees and security personnel. Founded in 2016, MyGate is reimagining the outdated procedures at gated communities through use of technology. Its several innovative features augment security at the gate and enhance convenience within for over 600,000 homes in 10 Indian cities. Named one of India’s most innovative Company in 2018, MyGate was conceptualized, designed and execu…"
no,,,45,Senior Product Manager,Tekion,"Bangalore, Karnataka",https://www.adzuna.in/details/5778149525?utm_medium=api&utm_source=195aa6d0,23,33,22,weak,0.08,0/0,,"[{""need"": ""tekion"", ""gain"": 2}, {""need"": ""positively disrupting"", ""gain"": 2}, {""need"": ""industry"", ""gain"": 2}, {""need"": ""seen"", ""gain"": 2}, {""need"": ""innovation"", ""gain"": 2}]",,"{""skill_match"": 0.1208, ""experience_fit"": 0.85, ""domain"": 0, ""education"": 1.0, ""achievement"": 0.8571, ""trajectory"": 1.0}",adzuna,aggregator,,,2026-06-27T02:28:10Z,,,,[],[],[],[],[],[],,,,"automotive, tekion, industry, retail, positively, disrupting, seen, innovation, challenged, paradigm, first, fastest","About Tekion: Positively disrupting an industry that has not seen any innovation in over 50 years, Tekion has challenged the paradigm with the first and fastest cloud-native automotive platform that includes the revolutionary Automotive Retail Cloud (ARC) for retailers, Automotive Enterprise Cloud (AEC) for manufacturers and other large automotive enterprises and Automotive Partner Cloud (APC) for technology and industry partners. Tekion connects the entire spectrum of the automotive retail eco…"
no,,,45,Business Analyst,Refining Skills Academy,"Bangalore, Karnataka",https://www.adzuna.in/details/5740849440?utm_medium=api&utm_source=195aa6d0,28,31,22,weak,0.08,0/0,,"[{""need"": ""business analyst"", ""gain"": 1}, {""need"": ""analyst business"", ""gain"": 1}, {""need"": ""analyst yelahanka"", ""gain"": 1}, {""need"": ""bangalore"", ""gain"": 1}, {""need"": ""hiring"", ""gain"": 1}]",,"{""skill_match"": 0.1094, ""experience_fit"": 0.85, ""domain"": 0, ""education"": 1.0, ""achievement"": 0.8571, ""trajectory"": 1.0}",adzuna,aggregator,420000,600000,2026-05-26T06:36:53Z,,,,[],[],[],[],[],[],,,,"analyst, operational, actionable, insights, yelahanka, bangalore, hiring, closely, founders, real, challenges, focuses","Business Analyst Yelahanka, Bangalore About the Role We are hiring a Business Analyst to work closely with founders and business teams on real operational challenges. This role focuses on turning data into actionable insights and driving business decisions across industries. Key Responsibilities Analyze data to identify trends, gaps, and opportunities Convert insights into actionable business recommendations Build dashboards using Power BI and Excel Work on process improvements and operational …"
no,,,45,Business Analysts,Money Honey Financial Services Private Limited,"Mumbai, Maharashtra",https://www.adzuna.in/details/4755979420?utm_medium=api&utm_source=195aa6d0,26,34,22,weak,0.08,0/0,,"[{""need"": ""business analysts"", ""gain"": 1}, {""need"": ""brief"", ""gain"": 1}, {""need"": ""business analyst"", ""gain"": 1}, {""need"": ""online-only investment platform"", ""gain"": 1}, {""need"": ""enable investors"", ""gain"": 1}]",,"{""skill_match"": 0.1, ""experience_fit"": 0.85, ""domain"": 0, ""education"": 1.0, ""achievement"": 0.8571, ""trajectory"": 1.0}",adzuna,aggregator,300000,1000000,2024-06-28T10:26:34Z,,,,[],[],[],[],[],[],,,,"analyst, investment, keep, brief, build, online-only, enable, investors, easily, invest, mutual, funds","Job brief We are looking for a Business Analyst to help us to build our online-only investment platform, which will enable investors to easily invest in mutual funds from leading fund houses in India, corporate fixed deposits, and various other investment products. Another important activity where Business analyst will help us is that to keep a track on different asset class and keep them updated in system. Which will help us to do financial planning for the investor. Business Analyst Desk - JD…"
no,,,45,Senior Business Analyst,Johnson & Johnson,"Bangalore, Karnataka",https://www.adzuna.in/details/5792799043?utm_medium=api&utm_source=195aa6d0,13,11,22,weak,0.08,0/0,,"[{""need"": ""senior business analyst"", ""gain"": 2}, {""need"": ""johnson johnson"", ""gain"": 2}, {""need"": ""believe health"", ""gain"": 2}, {""need"": ""everything"", ""gain"": 2}, {""need"": ""strength"", ""gain"": 2}]",,"{""skill_match"": 0.0817, ""experience_fit"": 0.85, ""domain"": 0, ""education"": 1.0, ""achievement"": 1, ""trajectory"": 1.0}",adzuna,aggregator,,,2026-07-08T21:12:02Z,,,,[],[],[],[],[],[],,,,"johnson, health, healthcare, solutions, believe, everything, strength, innovation, empowers, build, world, complex","At Johnson & Johnson, we believe health is everything. Our strength in healthcare innovation empowers us to build a world where complex diseases are prevented, treated, and cured, where treatments are smarter and less invasive, and solutions are personal. Through our expertise in Innovative Medicine and MedTech, we are uniquely positioned to innovate across the full spectrum of healthcare solutions today to deliver the breakthroughs of tomorrow, and profoundly impact health for humanity. Learn …"
no,,,45,Senior Business Analyst,Morningstar,"Mumbai, Maharashtra",https://www.adzuna.in/details/5595860520?utm_medium=api&utm_source=195aa6d0,24,24,22,weak,0.08,0/0,,"[{""need"": ""senior business analyst"", ""gain"": 1}, {""need"": ""morningstar"", ""gain"": 1}, {""need"": ""leading global provider"", ""gain"": 1}, {""need"": ""independent investment insights"", ""gain"": 1}, {""need"": ""serving both individual"", ""gain"": 1}]",,"{""skill_match"": 0.106, ""experience_fit"": 0.85, ""domain"": 0, ""education"": 1.0, ""achievement"": 0.8571, ""trajectory"": 1.0}",adzuna,aggregator,,,2026-01-23T00:33:32Z,,,,[],[],[],[],[],[],,,,"morningstar, investment, global, provider, independent, insights, serving, individual, institutional, investors, public, private","About Morningstar : Morningstar is a leading global provider of independent investment insights, serving both individual and institutional investors across public and private markets. Our offerings include a wide range of data, research, and investment management services, with $300 billion in assets under management. Operating in 32 countries, Morningstar supports financial advisors, asset managers, retirement plan providers, and more with comprehensive investment solutions. The Role: Mornings…"
no,,,45,Senior Business Analyst,Thence,"Bangalore, Karnataka",https://www.adzuna.in/details/4992020472?utm_medium=api&utm_source=195aa6d0,26,24,25,weak,0.14,0/0,,"[{""need"": ""senior business analyst"", ""gain"": 2}, {""need"": ""overview"", ""gain"": 2}, {""need"": ""sr.ba"", ""gain"": 2}, {""need"": ""defining product feature"", ""gain"": 2}, {""need"": ""determine solutions"", ""gain"": 2}]",,"{""skill_match"": 0.1032, ""experience_fit"": 0.85, ""domain"": 0, ""education"": 1.0, ""achievement"": 0.8571, ""trajectory"": 1.0}",adzuna,aggregator,1000000,1600000,2024-12-30T12:10:36Z,,,,[],[],[],[],[],[],,,,"clients, overview, sr.ba, responsible, defining, feature, helping, determine, solutions, meet, needs, resolve","Role Overview We’re looking for a Sr.BA – UX who will be responsible for identifying and defining product feature requirements and helping to determine solutions to meet business needs or resolve business problems. You will focus on growing and developing the end services offered by our existing clients. You will also build business cases for the prospective clients and thereby demonstrate the value proposition of our products. In this role, you will closely work with our Clients, Directors and…"
no,,,45,Senior Business Analyst,Broadridge,"Bangalore, Karnataka",https://www.adzuna.in/details/5796410220?utm_medium=api&utm_source=195aa6d0,31,57,46,borderline,0.44,0/6,"closely, client, understand business, solution designed meets, clients function, non-functional","[{""need"": ""closely"", ""gain"": 3}, {""need"": ""client"", ""gain"": 3}, {""need"": ""understand business"", ""gain"": 3}, {""need"": ""solution designed meets"", ""gain"": 3}, {""need"": ""clients function"", ""gain"": 3}]",,"{""skill_match"": 0.1192, ""experience_fit"": 0.85, ""domain"": 0, ""education"": 1.0, ""achievement"": 0.8571, ""trajectory"": 1.0}",adzuna,aggregator,,,2026-07-11T07:19:06Z,,,,[],[],[],[],[],[],,,,"solution, function, asset, servicing, successful, responsible, delivering, gathering, stories, behalf, closely, client","The successful candidate will support the product management function and will be responsible for delivering business analysis work such as requirements gathering, user stories and solution designing on behalf of Asset Servicing business. The candidate will be required to work closely with the client to understand business requirements and ensure that the solution designed meets the clients function and non-functional requirements. Skills: Business Analytics, Solution Design, Asset Servicing, P…"
no,,,45,Senior Business Analyst,Trinity Partners India LLP,"Bangalore, Karnataka",https://www.adzuna.in/details/5750950694?utm_medium=api&utm_source=195aa6d0,26,33,22,weak,0.08,0/0,,"[{""need"": ""senior business analyst"", ""gain"": 2}, {""need"": ""committed"", ""gain"": 2}, {""need"": ""bringing passion"", ""gain"": 2}, {""need"": ""customer focus"", ""gain"": 2}, {""need"": ""drive high-impact"", ""gain"": 2}]",,"{""skill_match"": 0.0792, ""experience_fit"": 0.85, ""domain"": 0, ""education"": 1.0, ""achievement"": 1, ""trajectory"": 1.0}",adzuna,aggregator,,,2026-06-04T02:15:54Z,,,,[],[],[],[],[],[],,,,"analytical, committed, bringing, passion, customer, focus, roles, high-impact, insights, rigorous, visualization, large","We're committed to bringing passion and customer focus to the business. Roles & Responsibilities: Drive high-impact insights through rigorous analysis and visualization of large, complex, and multi-source datasets Lead the structuring of ambiguous business questions into clear, hypothesis-driven analytical problems, defining business rules, process flows, and end-to-end methodologies Apply advanced statistical and analytical techniques to test hypotheses, quantify impact, and support strategic …"
no,,,45,Senior Business Analyst - FP&A,ADM,"Bangalore, Karnataka",https://www.adzuna.in/details/5792028914?utm_medium=api&utm_source=195aa6d0,28,40,22,weak,0.08,0/0,,"[{""need"": ""senior business analyst"", ""gain"": 2}, {""need"": ""senior business"", ""gain"": 2}, {""need"": ""business analyst"", ""gain"": 2}, {""need"": ""analyst location"", ""gain"": 2}, {""need"": ""bangalore"", ""gain"": 2}]",,"{""skill_match"": 0.1158, ""experience_fit"": 0.85, ""domain"": 0, ""education"": 1.0, ""achievement"": 0.8571, ""trajectory"": 1.0}",adzuna,aggregator,,,2026-07-08T10:30:14Z,,,,[],[],[],[],[],[],,,,"financial, senior, analyst, corporate, location, bangalore, position, commercial, respective, director, service, functions","FP&A Senior Business Analyst Location: Bangalore Position Summary: The Senior FP&A Business Analyst partners with the Commercial, Operations, the respective Finance Director and Corporate service functions to establish and execute on short, medium and long term strategic financial plans of the company and its alignment with the global corporate strategy. This includes the annual strategic business plan, financial planning cycle, monthly financial forecasting, and tracking of key initiatives, an…"
no,,,45,Manager - Incubation & Partnerships,Digantara,"Bangalore, Karnataka",https://www.adzuna.in/details/5769694006?utm_medium=api&utm_source=195aa6d0,22,35,22,weak,0.08,0/0,,"[{""need"": ""incubation partnerships digantara"", ""gain"": 1}, {""need"": ""leading space surveillance"", ""gain"": 1}, {""need"": ""intelligence"", ""gain"": 1}, {""need"": ""focused"", ""gain"": 1}, {""need"": ""orbital safety"", ""gain"": 1}]",,"{""skill_match"": 0.1094, ""experience_fit"": 0.85, ""domain"": 0, ""education"": 1.0, ""achievement"": 0.8571, ""trajectory"": 1.0}",adzuna,aggregator,,,2026-06-20T03:04:20Z,,,,[],[],[],[],[],[],,,,"digantara, intelligence, space, surveillance, focused, orbital, safety, sustainability, expertise, space-based, detection, tracking","Digantara is a leading Space Surveillance and Intelligence company focused on ensuring orbital safety and sustainability. With expertise in space-based detection, tracking, identification, and monitoring, Digantara provides comprehensive domain awareness across all regimes, enabling end-users to gain actionable intelligence on a single platform. At the core of its infrastructure lies a sophisticated integration of hardware and software capabilities aligned with the key principles of situational…"
no,,,45,Program Manager,Cognizant,"Bangalore, Karnataka",https://www.adzuna.in/details/5774396742?utm_medium=api&utm_source=195aa6d0,24,30,22,weak,0.08,0/0,,"[{""need"": ""program manager"", ""gain"": 2}, {""need"": ""title"", ""gain"": 2}, {""need"": ""summary"", ""gain"": 2}, {""need"": ""offshore developer"", ""gain"": 2}, {""need"": ""programming"", ""gain"": 2}]",,"{""skill_match"": 0.1175, ""experience_fit"": 0.85, ""domain"": 0, ""education"": 1.0, ""achievement"": 0.8571, ""trajectory"": 1.0}",adzuna,aggregator,,,2026-06-24T10:27:59Z,,,,[],[],[],[],[],[],,,,"kernel, networking, title, program, offshore, developer, programming, space, wifi, wireless, hotspot, single",1. Job Title : Program Manager 2. Job Summary : Offshore Developer 5 years of Programming experience for both user and kernel space in C and C++ 5 years of working experience in WiFi Wireless networking AP Hotspot Single SSID Band and Channel 5 years of Linux kernel development experience Strong knowledge & working experience in networking Multicast DHCP MAP-T IPv4 IPv6 Strong initiative to find ways to improve solutions systems and processes Experience with source control management systems an…
no,,,45,Growth Manager,MSMEx,"Mumbai, Maharashtra",https://www.adzuna.in/details/2433361433?utm_medium=api&utm_source=195aa6d0,19,32,41,borderline,0.38,0/6,"handled institutional sales, dealt, governement agencies, zeal, passion, startup cand","[{""need"": ""handled institutional sales"", ""gain"": 3}, {""need"": ""dealt"", ""gain"": 3}, {""need"": ""governement agencies"", ""gain"": 3}, {""need"": ""zeal"", ""gain"": 3}, {""need"": ""passion"", ""gain"": 3}]",,"{""skill_match"": 0.0741, ""experience_fit"": 0.85, ""domain"": 0, ""education"": 1.0, ""achievement"": 1, ""trajectory"": 1.0}",adzuna,aggregator,400000,600000,2021-09-05T02:42:02Z,,,,[],[],[],[],[],[],,,,"agencies, responsible, institutional, associations, government, sales, acquiring, generating, tie-ups, trade, seting, meetings","Responsible for institutional sales or institutional tie ups. Responsible for acquiring or generating business through tie-ups with trade associations, government agencies. Responsible for seting up meetings with government agencies and other related associations Building alliances with government agencies and associations through cold call. Candidate should have handled institutional sales and has dealt with governement agencies. Candidate should have zeal and passion to work in a startup Cand…"
no,,,45,PLG Growth Manager,Hevo Data,"Bangalore, Karnataka",https://www.adzuna.in/details/5776698611?utm_medium=api&utm_source=195aa6d0,24,29,22,weak,0.08,0/0,,"[{""need"": ""plg growth manager"", ""gain"": 2}, {""need"": ""hevo hevo"", ""gain"": 2}, {""need"": ""simple"", ""gain"": 2}, {""need"": ""no-code data"", ""gain"": 2}, {""need"": ""data pipeline"", ""gain"": 2}]",,"{""skill_match"": 0.08, ""experience_fit"": 0.85, ""domain"": 0, ""education"": 1.0, ""achievement"": 1, ""trajectory"": 1.0}",adzuna,aggregator,,,2026-06-26T02:26:12Z,,,,[],[],[],[],[],[],,,,"hevo, companies, simple, no-code, pipeline, helps, unify, prepare, enables, data-driven, doordash, shopify","About Hevo Hevo is a simple, no-code data pipeline platform that helps companies unify and prepare their data for analytics and AI. Hevo enables 2,500 data-driven companies, including DoorDash, Shopify, Postman, and Groww, to get their data AI-ready by automating complex integration and transformation tasks across hundreds of sources. By removing engineering bottlenecks, Hevo allows teams to focus on what actually matters: generating insights, building intelligent products, and making faster de…"
no,,,45,Growth Manager- Influencer Marketing,Qrata,"Mumbai, Maharashtra",https://www.adzuna.in/details/4514375843?utm_medium=api&utm_source=195aa6d0,30,46,25,weak,0.14,0/0,,"[{""need"": ""manager influencer"", ""gain"": 2}, {""need"": ""influencer marketing"", ""gain"": 2}, {""need"": ""marketing location"", ""gain"": 2}, {""need"": ""mumbai"", ""gain"": 2}, {""need"": ""qrata growth"", ""gain"": 2}]",,"{""skill_match"": 0.087, ""experience_fit"": 0.85, ""domain"": 0, ""education"": 1.0, ""achievement"": 1, ""trajectory"": 1.0}",adzuna,aggregator,,,2024-01-07T15:07:35Z,,,,[],[],[],[],[],[],,,,"hiring, defined, location, qrata, influencer, talent, highly, career, opportunities, startups, globally, address","Location : Mumbai About Qrata Growth Manager- Influencer Marketing We match top talent with highly competitive career opportunities with leading startups in India and globally and address hiring challenges, recruitment brand marketing, with innovative and collaborative strategic consulting. About the company we're hiring for Foxtale started with a singular belief - what is beautiful cannot and should not be defined in marketing meetings. It's defined by the regular people like us, our sisters, …"
no,,,44,Product Manager,Unnati,"Bangalore, Karnataka",https://www.adzuna.in/details/3044590314?utm_medium=api&utm_source=195aa6d0,25,24,20,weak,0.08,0/0,,"[{""need"": ""client"", ""gain"": 1}, {""need"": ""pet-care focused"", ""gain"": 1}, {""need"": ""focused digital"", ""gain"": 1}, {""need"": ""digital aggregator"", ""gain"": 1}, {""need"": ""various categories"", ""gain"": 1}]",,"{""skill_match"": 0.0833, ""experience_fit"": 0.85, ""domain"": 0, ""education"": 1.0, ""achievement"": 0.8571, ""trajectory"": 1.0}",adzuna,aggregator,1200000,1500000,2022-04-12T05:27:45Z,,,,[],[],[],[],[],[],,,,"client, pet-care, focused, aggregator, various, categories, food, accessories, toys, essentials, focus, segment","Our client is a pet-care focused digital aggregator across various categories such as food, accessories, toys and grooming essentials. Their focus segment is the rapidly increasing community of pet parents. They offer expert-led online pet care consultation, training and healthcare services and products for dogs and cats, covering the lifecycle of a pet acting as a one stop shop. It is headquartered in Bangalore and was co-founded by startup veterans of whom 2 are IIM-Lucknow alumni and one is …"
no,,,44,Senior Product Manager,LetsTransport,"Bangalore, Karnataka",https://www.adzuna.in/details/3900305206?utm_medium=api&utm_source=195aa6d0,22,20,20,weak,0.08,0/0,,"[{""need"": ""organization"", ""gain"": 1}, {""need"": ""letstransport"", ""gain"": 1}, {""need"": ""founded"", ""gain"": 1}, {""need"": ""iit-kharagpur alumni"", ""gain"": 1}, {""need"": ""series-b funded"", ""gain"": 1}]",,"{""skill_match"": 0.0775, ""experience_fit"": 0.85, ""domain"": 0, ""education"": 1.0, ""achievement"": 0.8571, ""trajectory"": 1.0}",adzuna,aggregator,,,2023-02-04T04:04:14Z,,,,[],[],[],[],[],[],,,,"letstransport, organization, founded, iit-kharagpur, alumni, series-b, funded, last-mile, tech-logistics, solution, provider, intra-state","About Organization: LetsTransport was founded in 2015 by IIT-Kharagpur alumni. It is a series-B funded, last-mile tech-logistics solution provider for intra-state deliveries based in Bangalore. It offers reliable, affordable, and professional services, structured to serve enterprises. LetsTransport aggregates light commercial vehicles for urban logistics and has onboarded 55,000 truckers on its platform across 14 cities. LetsTransport works across industry sectors like organized retail, FMCG an…"
no,,,44,Senior Product Manager,Career One Stop,"Mumbai, Maharashtra",https://www.adzuna.in/details/4408713072?utm_medium=api&utm_source=195aa6d0,24,18,20,weak,0.08,0/0,,"[{""need"": ""cashflo salary"", ""gain"": 1}, {""need"": ""upto 60lpa"", ""gain"": 1}, {""need"": ""60lpa esops"", ""gain"": 1}, {""need"": ""esops exp"", ""gain"": 1}, {""need"": ""5-8y"", ""gain"": 1}]",,"{""skill_match"": 0.0792, ""experience_fit"": 0.85, ""domain"": 0, ""education"": 1.0, ""achievement"": 0.8571, ""trajectory"": 1.0}",adzuna,aggregator,3000000,4500000,2023-11-02T14:51:25Z,,,,[],[],[],[],[],[],,,,"cashflo, loves, customer, needs, salary, upto, esops, someone, ambitious, super, tenacious, persistent","Company Cashflo Salary: Upto 60LPA ESOPs Exp: 5-8Y We are looking for someone who loves a challenge, is ambitious, super tenacious, and persistent. S/he is a self-starter, thrives in a dynamic, small start-up environment, has a knack for understanding customer needs, and loves to get sht done If you check these boxes - we want to talk to you Responsibilities: Work closely with the Founder/CEO and to define and build the CashFlo platform Identify customer problems, and latent needs & devise a pr…"
no,,,44,Senior Business Analyst,Springer Nature,"Pune, Maharashtra",https://www.adzuna.in/land/ad/5797434727?se=-v2Ofa-K8RGRUZLah8DS3A&utm_medium=api&utm_source=195aa6d0&v=30E723ECE6907BE9349A37080F35B8F79E3A8890,25,40,20,weak,0.08,0/0,,"[{""need"": ""senior business analyst"", ""gain"": 1}, {""need"": ""springer nature"", ""gain"": 1}, {""need"": ""inclusive employer"", ""gain"": 1}, {""need"": ""member"", ""gain"": 1}, {""need"": ""mygwork"", ""gain"": 1}]",,"{""skill_match"": 0.0833, ""experience_fit"": 0.85, ""domain"": 0, ""education"": 1.0, ""achievement"": 0.8571, ""trajectory"": 1.0}",adzuna,aggregator,,,2026-07-12T06:10:43Z,,,,[],[],[],[],[],[],,,,"springer, nature, senior, analyst, inclusive, employer, member, mygwork, largest, global, lgbtq, community","This job is with Springer Nature, an inclusive employer and a member of myGwork – the largest global platform for the LGBTQ business community. Please do not contact the recruiter directly. Job Title: Senior Business Analyst Location: Pune, India We are looking for a talented and passionate Senior Business Analyst to join our Researcher Communications team in SN Digital (SND), a technology division of Springer Nature. The team supports researchers in discovering relevant content, identifying op…"
no,,,44,Business Analyst,EY,"Bangalore, Karnataka",https://www.adzuna.in/details/5795748996?utm_medium=api&utm_source=195aa6d0,27,35,20,weak,0.08,0/0,,"[{""need"": ""business analyst"", ""gain"": 2}, {""need"": ""chance"", ""gain"": 2}, {""need"": ""career"", ""gain"": 2}, {""need"": ""unique"", ""gain"": 2}, {""need"": ""global scale"", ""gain"": 2}]",,"{""skill_match"": 0.0933, ""experience_fit"": 0.85, ""domain"": 0, ""education"": 1.0, ""achievement"": 0.8571, ""trajectory"": 1.0}",adzuna,aggregator,,,2026-07-10T21:10:41Z,,,,[],[],[],[],[],[],,,,"build, unique, become, better, analyst, chance, career, global, scale, inclusive, culture, version","At EY, you’ll have the chance to build a career as unique as you are, with the global scale, support, inclusive culture and technology to become the best version of you. And we’re counting on your unique voice and perspective to help EY become even better, too. Join us and build an exceptional experience for yourself, and a better working world for all. Business Analyst, Supervising Associate The opportunity We are seeking a skilled Business Analyst with expertise in SAP SuccessFactors and Data…"
no,,,44,Business Analyst,Bill Gosling Outsourcing,"Bangalore, Karnataka",https://www.adzuna.in/details/5686224076?utm_medium=api&utm_source=195aa6d0,17,8,20,weak,0.08,0/0,,"[{""need"": ""business analyst"", ""gain"": 1}, {""need"": ""passionate"", ""gain"": 1}, {""need"": ""lives better"", ""gain"": 1}, {""need"": ""bill gosling outsourcing"", ""gain"": 1}, {""need"": ""believe"", ""gain"": 1}]",,"{""skill_match"": 0.0817, ""experience_fit"": 0.85, ""domain"": 0, ""education"": 1.0, ""achievement"": 0.8571, ""trajectory"": 1.0}",adzuna,aggregator,,,2026-04-02T02:08:54Z,,,,[],[],[],[],[],[],,,,"making, lives, better, bill, gosling, outsourcing, solutions, passionate, believe, success, starts, amazing","Join a Team That’s Passionate About Making Lives Better! At Bill Gosling Outsourcing, we believe that success starts with an amazing team. We are a global leader in outsourcing solutions, we focus on making lives better, one connection at a time. We provide tailored solutions to businesses around the globe, specializing in customer care, sales, and financial services. We’re looking for enthusiastic, driven individuals to join our dynamic work environment where fun meets results ! Bill Gosling I…"
no,,,44,Senior Business Analyst,Qualitykiosk Technologies Private Limited,"Navi Mumbai, Maharashtra",https://www.adzuna.in/details/5796403115?utm_medium=api&utm_source=195aa6d0,32,41,39,borderline,0.38,1/6,"exposure end, end test management, test case creation, defect management, status reporting","[{""need"": ""exposure end"", ""gain"": 3}, {""need"": ""end test management"", ""gain"": 3}, {""need"": ""test case creation"", ""gain"": 3}, {""need"": ""defect management"", ""gain"": 3}, {""need"": ""status reporting"", ""gain"": 3}]",,"{""skill_match"": 0.0978, ""experience_fit"": 0.85, ""domain"": 0, ""education"": 1.0, ""achievement"": 0.8571, ""trajectory"": 1.0}",adzuna,aggregator,,,2026-07-11T07:17:09Z,,,,[],[],[],[],[],[],,,,"good, test, banking, exposure, different, especially, wholesale, understanding, requirement, defect, reporting, communication","1. Experience in banking domain especially in Wholesale Banking. 2. Good exposure end to end test management including Understanding requirement, Test case creation, Test execution, Defect management, Status reporting etc. 3. Good communication skills 4. Good exposure to different testing methodologies. 5.Ability to coordinate with respective stakeholders (Business, IT and Vendor) 6. Very good in Analytical, Logical thinking on different perspectives 7. Self-driven to take Accountability and ow…"
no,,,44,Senior - Business Analyst,BSR & Co,"Mumbai, Maharashtra",https://www.adzuna.in/details/5738016346?utm_medium=api&utm_source=195aa6d0,22,22,20,weak,0.08,0/0,,"[{""need"": ""senior"", ""gain"": 1}, {""need"": ""business analyst description"", ""gain"": 1}, {""need"": ""kpmg"", ""gain"": 1}, {""need"": ""india kpmg entities"", ""gain"": 1}, {""need"": ""professional services firm"", ""gain"": 1}]",,"{""skill_match"": 0.0758, ""experience_fit"": 0.85, ""domain"": 0, ""education"": 1.0, ""achievement"": 0.8571, ""trajectory"": 1.0}",adzuna,aggregator,,,2026-05-23T02:17:23Z,,,,[],[],[],[],[],[],,,,"kpmg, firms, jaipur, description, entities, services, firm, these, indian, member, affiliated, international","Description About KPMG in India KPMG entities in India are professional services firm(s). These Indian member firms are affiliated with KPMG International Limited. KPMG was established in India in August 1993. Our professionals leverage the global network of firms, and are conversant with local laws, regulations, markets and competition. KPMG has offices across India in Ahmedabad, Bengaluru, Chandigarh, Chennai, Gurugram, Jaipur, Hyderabad, Jaipur, Kochi, Kolkata, Mumbai, Noida, Pune, Vadodara …"
no,,,44,Senior - Business Analyst,BSR & Co,"Bangalore, Karnataka",https://www.adzuna.in/details/5769709718?utm_medium=api&utm_source=195aa6d0,22,22,20,weak,0.08,0/0,,"[{""need"": ""senior"", ""gain"": 1}, {""need"": ""business analyst description"", ""gain"": 1}, {""need"": ""kpmg"", ""gain"": 1}, {""need"": ""india kpmg entities"", ""gain"": 1}, {""need"": ""professional services firm"", ""gain"": 1}]",,"{""skill_match"": 0.0758, ""experience_fit"": 0.85, ""domain"": 0, ""education"": 1.0, ""achievement"": 0.8571, ""trajectory"": 1.0}",adzuna,aggregator,,,2026-06-20T03:06:57Z,,,,[],[],[],[],[],[],,,,"kpmg, firms, jaipur, description, entities, services, firm, these, indian, member, affiliated, international","Description About KPMG in India KPMG entities in India are professional services firm(s). These Indian member firms are affiliated with KPMG International Limited. KPMG was established in India in August 1993. Our professionals leverage the global network of firms, and are conversant with local laws, regulations, markets and competition. KPMG has offices across India in Ahmedabad, Bengaluru, Chandigarh, Chennai, Gurugram, Jaipur, Hyderabad, Jaipur, Kochi, Kolkata, Mumbai, Noida, Pune, Vadodara …"
no,,,44,Partnerships Manager,Rajasthan Royals,"Mumbai, Maharashtra",https://www.adzuna.in/details/5807492966?utm_medium=api&utm_source=195aa6d0,27,31,20,weak,0.08,0/0,,"[{""need"": ""manager rajasthan"", ""gain"": 2}, {""need"": ""rajasthan royals"", ""gain"": 2}, {""need"": ""royals partnerships"", ""gain"": 2}, {""need"": ""manager mumbai"", ""gain"": 2}, {""need"": ""mumbai partnerships"", ""gain"": 2}]",,"{""skill_match"": 0.098, ""experience_fit"": 0.85, ""domain"": 0, ""education"": 1.0, ""achievement"": 0.8571, ""trajectory"": 1.0}",adzuna,aggregator,,,2026-07-20T03:20:32Z,,,,[],[],[],[],[],[],,,,"commercial, rajasthan, royals, sponsorships, players, sharp, well-networked, manage, interests, closely, align, player-level","RAJASTHAN ROYALS Partnerships Manager Mumbai | Partnerships & Sponsorships ABOUT THE ROLE Rajasthan Royals is looking for a sharp, well-networked Partnerships Manager to manage the commercial interests of our players. You'll work closely with the RR Partnerships & Sponsorships team to align player-level deals with the franchise's broader commercial direction. As we grow, so will your portfolio — more players, more mandates, more action. WHAT YOU'LL DO Own the end-to-end commercial representatio…"
no,,,44,Partnerships Manager - NGO,Merito,"Pune, Maharashtra",https://www.adzuna.in/details/4386562934?utm_medium=api&utm_source=195aa6d0,19,17,20,weak,0.08,0/0,,"[{""need"": ""ngo"", ""gain"": 1}, {""need"": ""description"", ""gain"": 1}, {""need"": ""client"", ""gain"": 1}, {""need"": ""sustainable livelihood program"", ""gain"": 1}, {""need"": ""urban disadvantaged youth"", ""gain"": 1}]",,"{""skill_match"": 0.0833, ""experience_fit"": 0.85, ""domain"": 0, ""education"": 1.0, ""achievement"": 0.8571, ""trajectory"": 1.0}",adzuna,aggregator,700000,800000,2023-10-22T13:48:13Z,,,,[],[],[],[],[],[],,,,"youth, program, skilling, description, client, sustainable, livelihood, urban, disadvantaged, fostering, agency, workplace","Job Description :- Our Client is a sustainable livelihood program for urban disadvantaged youth. By fostering agency, workplace competencies and skills in youth, they unleash social and economic transformation in the communities that the youth come from. Expectations / Deliverables :- ● Build enduring relationships with skilling organizations for co-creation of curriculum for the program ● GOYN brand-building and formalizing partnerships with skilling partners ● Engage with employers in the Log…"
no,,,44,Manager Partnerships,Smartworks,"Bangalore, Karnataka",https://www.adzuna.in/details/5329697970?utm_medium=api&utm_source=195aa6d0,29,48,20,weak,0.08,0/0,,"[{""need"": ""manager partnerships key"", ""gain"": 2}, {""need"": ""systematic"", ""gain"": 2}, {""need"": ""process-driven approach"", ""gain"": 2}, {""need"": ""partner outreach"", ""gain"": 2}, {""need"": ""relationship management"", ""gain"": 2}]",,"{""skill_match"": 0.087, ""experience_fit"": 0.85, ""domain"": 0, ""education"": 1.0, ""achievement"": 0.8571, ""trajectory"": 1.0}",adzuna,aggregator,,,2025-07-31T17:03:32Z,,,,[],[],[],[],[],[],,,,"identify, roles, systematic, process-driven, approach, outreach, relationship, source, opportunities, inbound, follow-up, outbound","Key Roles & Responsibilities: · Create a systematic, process-driven approach to partner outreach and relationship management · Identify and source partnership opportunities through inbound lead follow-up and outbound cold calls, emails, networking portals, and client visits · Research partners, identify key players and generate interest · Collaborate with senior management and other marketing teammates to align our internal goals with new and existing partner relationships · Negotiate and final…"
no,,,44,Senior Manager - Partnerships & Alliances,Borderless,"M A Marg, Mumbai",https://www.adzuna.in/details/5817846811?utm_medium=api&utm_source=195aa6d0,23,31,20,weak,0.08,0/0,,"[{""need"": ""senior manager"", ""gain"": 1}, {""need"": ""partnerships alliances"", ""gain"": 1}, {""need"": ""borderless"", ""gain"": 1}, {""need"": ""global investing platform"", ""gain"": 1}, {""need"": ""enables retail investors"", ""gain"": 1}]",,"{""skill_match"": 0.0833, ""experience_fit"": 0.85, ""domain"": 0, ""education"": 1.0, ""achievement"": 0.8571, ""trajectory"": 1.0}",adzuna,aggregator,,,2026-07-28T06:49:23Z,,,,[],[],[],[],[],[],,,,"borderless, investors, invest, ventures, global, investing, enables, retail, middle, east, southeast, asia","About Borderless: Borderless is a global investing platform that enables retail investors across India, the Middle East, and Southeast Asia to invest in mature markets like the US seamlessly. Our data driven platform helps investors discover opportunities, track portfolios, and invest globally with ease. Backed by July Ventures, Arora Ventures, Cadenza, and HDFC, Borderless is building the future of cross-border wealth creation. Role Overview: As a Senior Manager (Partnerships & Alliances), you…"
no,,,44,Manager Corporate partnership,Adwork solutions,"Mumbai, Maharashtra",https://www.adzuna.in/details/5587413146?utm_medium=api&utm_source=195aa6d0,25,35,23,weak,0.14,0/0,,"[{""need"": ""manager corporate"", ""gain"": 1}, {""need"": ""corporate partnership"", ""gain"": 1}, {""need"": ""build financialsustainability"", ""gain"": 1}, {""need"": ""sourcing work-streams"", ""gain"": 1}, {""need"": ""corporate"", ""gain"": 1}]",,"{""skill_match"": 0.0758, ""experience_fit"": 0.85, ""domain"": 0, ""education"": 1.0, ""achievement"": 0.8571, ""trajectory"": 1.0}",adzuna,aggregator,1100000,1200000,2026-01-16T10:35:42Z,,,,[],[],[],[],[],[],,,,"work-streams, build, financialsustainability, sourcing, corporate, foundation, multi, laterals, alumni, government, good, subject","Build financialsustainability a. Building and sourcing work-streams such as corporate, foundation, multi- laterals, Alumni, government etc. Good to be Subject matter Expert in work-streams such as multi-laterals / foundations. b. Design and execute deep engagement strategy with key relationships to ensure renewals, upgrades and meaningful partnerships c. Partner with the Director in leveraging the rich ecosystem towards building a pipeline of funders. d. Manage systems and processes that suppor…"
no,,,44,Sr Manager-Strategi Alliances & Partnerships,MM Staffing & Career Consultants,"Bangalore, Karnataka",https://www.adzuna.in/details/5727270444?utm_medium=api&utm_source=195aa6d0,28,44,20,weak,0.08,0/0,,"[{""need"": ""manager-strategi alliances partnerships"", ""gain"": 1}, {""need"": ""description"", ""gain"": 1}, {""need"": ""objective"", ""gain"": 1}, {""need"": ""shape strategy"", ""gain"": 1}, {""need"": ""product penetration endorsement"", ""gain"": 1}]",,"{""skill_match"": 0.0758, ""experience_fit"": 0.85, ""domain"": 0, ""education"": 1.0, ""achievement"": 0.8571, ""trajectory"": 1.0}",adzuna,aggregator,,,2026-05-13T02:16:40Z,,,,[],[],[],[],[],[],,,,"penetration, description, objective, shape, endorsement, corporate, hospitals, premier, domestic, global, healthcare, institutions","Job Description: OBJECTIVE / ROLE: Shape strategy for product penetration & endorsement by Corporate Hospitals, Premier Domestic and Global Healthcare institutions & Insurance providers. Develop innovative business models to drive stakeholder alignment for product penetration. Create an ecosystem of reliable partners for maintaining & enhancing product features. Lead & own strong relationships with account’s critical stakeholders, including C-Suite & Sr Mgmt. Position Lupin Digital Health as a …"
no,,,44,Senior Key Account Manager - DGM - Bank Alliances - Mumbai,Paytm Payments Services,"Mumbai, Maharashtra",https://www.adzuna.in/details/5775328317?utm_medium=api&utm_source=195aa6d0,23,27,20,weak,0.08,0/0,,"[{""need"": ""senior key"", ""gain"": 1}, {""need"": ""key account"", ""gain"": 1}, {""need"": ""account manager"", ""gain"": 1}, {""need"": ""dgm"", ""gain"": 1}, {""need"": ""bank alliances"", ""gain"": 1}]",,"{""skill_match"": 0.0833, ""experience_fit"": 0.85, ""domain"": 0, ""education"": 1.0, ""achievement"": 0.8571, ""trajectory"": 1.0}",adzuna,aggregator,,,2026-06-25T02:31:01Z,,,,[],[],[],[],[],[],,,,"paytm, payments, mobile, title, senior, account, dgm/gm, affordability/emi, financial, services, distribution, pioneer","Job Title: Senior Key Account Manager – DGM/GM - Affordability/EMI About Us Paytm is India’s leading mobile payments and financial services distribution company. As the pioneer of the mobile QR payments revolution in India, Paytm builds cutting-edge technologies that empower small businesses with seamless payments and commerce solutions. Our mission is to bring half a billion Indians into the mainstream economy through the power of technology. About the Team Affordability at Paytm is an omni-ch…"
no,,,44,Talent Pool - IS - Project manager / Program Manager / Project/Program Lead / Senior Project Manager,ABB,"Bangalore, Karnataka",https://www.adzuna.in/land/ad/5785772975?se=DBTfjK-K8RGbLL45Ug83Nw&utm_medium=api&utm_source=195aa6d0&v=B15714A1339611ECBFC9532668A34FC40073A537,24,27,23,weak,0.14,0/0,,"[{""need"": ""talent pool"", ""gain"": 1}, {""need"": ""program manager"", ""gain"": 1}, {""need"": ""project/program lead"", ""gain"": 1}, {""need"": ""senior project manager"", ""gain"": 1}, {""need"": ""abb"", ""gain"": 1}]",,"{""skill_match"": 0.0833, ""experience_fit"": 0.85, ""domain"": 0, ""education"": 1.0, ""achievement"": 0.8571, ""trajectory"": 1.0}",adzuna,aggregator,,,2026-07-03T00:54:31Z,,,,[],[],[],[],[],[],,,,"global, world, inclusive, employer, member, mygwork, largest, lgbtq, community, please, contact, recruiter","This job is with ABB, an inclusive employer and a member of myGwork – the largest global platform for the LGBTQ business community. Please do not contact the recruiter directly. At ABB, we help industries outrun - leaner and cleaner. Here, progress is an expectation - for you, your team, and the world. As a global market leader, we’ll give you what you need to make it happen. It won’t always be easy, growing takes grit. But at ABB, you’ll never run alone. Run what runs the world. This Position …"
no,,,44,Program Manager,Unnati,"Pune, Maharashtra",https://www.adzuna.in/details/3104612684?utm_medium=api&utm_source=195aa6d0,19,20,20,weak,0.08,0/0,,"[{""need"": ""program manager headquartered"", ""gain"": 1}, {""need"": ""redwood city"", ""gain"": 1}, {""need"": ""client"", ""gain"": 1}, {""need"": ""communication"", ""gain"": 1}, {""need"": ""assessment saas startup"", ""gain"": 1}]",,"{""skill_match"": 0.0833, ""experience_fit"": 0.85, ""domain"": 0, ""education"": 1.0, ""achievement"": 0.8571, ""trajectory"": 1.0}",adzuna,aggregator,1200000,1500000,2022-05-05T05:56:15Z,,,,[],[],[],[],[],[],,,,"headquartered, redwood, city, client, communication, assessment, saas, startup, enables, movement, health, athletic","Headquartered in Redwood city, CA, our client is a communication and assessment SaaS startup that enables the movement health professional (athletic trainer, physical therapist, recovery specialist) to seamlessly capture and assess patient care data through cutting edge technologies such as machine learning and AI. It improves outcomes for healthcare organisations by identifying early signs of clinical deterioration in chronically-ill patients thereby decreasing hospital admissions and reducing…"
no,,,44,Program Manager,AArete,"Pune, Maharashtra",https://www.adzuna.in/details/5780539313?utm_medium=api&utm_source=195aa6d0,26,38,20,weak,0.08,0/0,,"[{""need"": ""program manager"", ""gain"": 1}, {""need"": ""manager description"", ""gain"": 1}, {""need"": ""description program"", ""gain"": 1}, {""need"": ""manager aarete"", ""gain"": 1}, {""need"": ""one-of-a-kind"", ""gain"": 1}]",,"{""skill_match"": 0.0833, ""experience_fit"": 0.85, ""domain"": 0, ""education"": 1.0, ""achievement"": 0.8571, ""trajectory"": 1.0}",adzuna,aggregator,,,2026-06-29T02:49:38Z,,,,[],[],[],[],[],[],,,,"comes, firm, excellence, description, program, aarete, one-of-a-kind, culture, global, innovative, offices, name","Description Program Manager AArete is one-of-a-kind when it comes to consulting firm culture. We’re a global, innovative management and technology consulting firm with offices in the U.S. and India. Our name comes from the Greek word for excellence: “ Areté .” And excellence is exactly what we strive for. We’re celebrating our fourth year as one of Forbes’ World’s Best Management Consulting Firms – and our success starts with our people. From robust career development planning to competitive li…"
no,,,44,Program Manager,Goodera,"Bangalore, Karnataka",https://www.adzuna.in/details/5787829206?utm_medium=api&utm_source=195aa6d0,21,30,20,weak,0.08,0/0,,"[{""need"": ""program manager"", ""gain"": 1}, {""need"": ""goodera goodera"", ""gain"": 1}, {""need"": ""world"", ""gain"": 1}, {""need"": ""leading employee"", ""gain"": 1}, {""need"": ""employee volunteering"", ""gain"": 1}]",,"{""skill_match"": 0.0417, ""experience_fit"": 0.85, ""domain"": 0, ""education"": 1.0, ""achievement"": 1, ""trajectory"": 1.0}",adzuna,aggregator,,,2026-07-04T15:03:40Z,,,,[],[],[],[],[],[],,,,"goodera, employee, volunteering, companies, world, powering, scale, experiences, globally, innovative, unique, operating","About Goodera Goodera is the world’s leading employee volunteering platform, powering companies to scale employee volunteering experiences globally through our innovative technology platform and unique operating model. With a presence in over 100 countries and support for 30 languages, we connect over 500 clients—including 60 Fortune 500 companies—with meaningful volunteer opportunities tailored to their communities. To date, our impact has reached over 10 million beneficiaries, powered by 1 mi…"
no,,,44,Lead Client Growth Manager - EMEA,InMobi,"Bangalore, Karnataka",https://www.adzuna.in/details/5752368634?utm_medium=api&utm_source=195aa6d0,22,30,20,weak,0.08,0/0,,"[{""need"": ""lead client"", ""gain"": 1}, {""need"": ""client growth"", ""gain"": 1}, {""need"": ""emea inmobi advertising"", ""gain"": 1}, {""need"": ""global technology leader"", ""gain"": 1}, {""need"": ""marketers win"", ""gain"": 1}]",,"{""skill_match"": 0.0417, ""experience_fit"": 0.85, ""domain"": 0, ""education"": 1.0, ""achievement"": 1, ""trajectory"": 1.0}",adzuna,aggregator,,,2026-06-05T02:38:55Z,,,,[],[],[],[],[],[],,,,"inmobi, advertising, global, leader, helping, marketers, moments, matter, reaches, billion, people, countries","InMobi Advertising is a global technology leader helping marketers win the moments that matter. Our advertising platform reaches over 2 billion people across 150 countries and turns real-time context into business outcomes, delivering results grounded in privacy-first principles. Trusted by 30,000 brands and leading publishers, InMobi is where intelligence, creativity, and accountability converge. By combining lock screens, apps, TVs, and the open web with AI and machine learning, we deliver re…"
no,,,44,Product Owner,Zorba Consulting India,"Bangalore, Karnataka",https://www.adzuna.in/details/5802024893?utm_medium=api&utm_source=195aa6d0,26,32,31,weak,0.27,0/0,,"[{""need"": ""5 years of experience (you show 3.9)"", ""gain"": 4}, {""need"": ""product owner"", ""gain"": 1}, {""need"": ""preferably"", ""gain"": 1}, {""need"": ""healthcare data domain"", ""gain"": 1}, {""need"": ""agile-certified"", ""gain"": 1}]",Unverifiable mandatory gate — confirm manually: licence/certification,"{""skill_match"": 0.1175, ""experience_fit"": 0.768, ""domain"": 0, ""education"": 1.0, ""achievement"": 0.8571, ""trajectory"": 1.0}",adzuna,aggregator,1000000,2500000,2026-07-16T06:32:32Z,,,,[],[],[],[],[],[],,,,"healthcare, preferably, agile-certified, safe, po/pm, owner, environments, expertise, complex, needs, clear, actionable","5–15 years of experience in data analysis, preferably within the healthcare data domain. o Agile-certified (e.g., SAFe PO/PM) with strong experience as a Product Owner in Agile/Scrum environments. o Expertise in translating complex business needs into clear, actionable features and acceptance criteria. o Strong understanding of key healthcare data domains such as provider, claims, membership, and benefits. o Proven ability to gain deep industry and business knowledge and apply it to drive impac…"
no,,,44,Product Owner,Flexera Software,"Bangalore, Karnataka",https://www.adzuna.in/details/5772864296?utm_medium=api&utm_source=195aa6d0,25,36,20,weak,0.08,0/0,,"[{""need"": ""product owner"", ""gain"": 1}, {""need"": ""owner flexera"", ""gain"": 1}, {""need"": ""flexera saves"", ""gain"": 1}, {""need"": ""saves customers"", ""gain"": 1}, {""need"": ""customers billions"", ""gain"": 1}]",,"{""skill_match"": 0.04, ""experience_fit"": 0.85, ""domain"": 0, ""education"": 1.0, ""achievement"": 1, ""trajectory"": 1.0}",adzuna,aggregator,,,2026-06-23T02:26:41Z,,,,[],[],[],[],[],[],,,,"flexera, solutions, saves, billions, dollars, wasted, spend, pioneer, hybrid, itam, finops, provides","Flexera saves customers billions of dollars in wasted technology spend. A pioneer in Hybrid ITAM and FinOps, Flexera provides award-winning, data-oriented SaaS solutions for technology value optimization (TVO), enabling IT, finance, procurement and cloud teams to gain deep insights into cost optimization, compliance and risks for each business service. Flexera One solutions are built on a set of definitive customer, supplier and industry data, powered by our Technology Intelligence Platform, th…"
no,,,43,Business Analyst,ProPMO Services Private Limited,"Bangalore, Karnataka",https://www.adzuna.in/details/5040689008?utm_medium=api&utm_source=195aa6d0,26,32,23,weak,0.18,0/0,,"[{""need"": ""4 years of experience (you show 3.9)"", ""gain"": 3}, {""need"": ""business analyst hiring"", ""gain"": 2}, {""need"": ""business analyst general"", ""gain"": 2}, {""need"": ""motor insurance"", ""gain"": 2}, {""need"": ""insurance domain"", ""gain"": 2}]",,"{""skill_match"": 0.0556, ""experience_fit"": 0.885, ""domain"": 0, ""education"": 1.0, ""achievement"": 0.8571, ""trajectory"": 1.0}",adzuna,aggregator,400000,800000,2025-02-07T12:24:34Z,,,,[],[],[],[],[],[],,,,"insurance, analyst, motor, hiring, location, bangalore, walton, road, industry, vertical, expertise, understanding","Hiring: Business Analyst – General / Motor Insurance Domain  Location: Bangalore, Walton Road  Experience: 4-5 years in the General Insurance Industry (Motor Insurance vertical) We are looking for a Business Analyst with expertise in Motor Insurance to join our team. If you have a strong understanding of the insurance sector and analytical skills, we’d love to connect! Skills:- Business Analysis, General Insurance and Business Analyst"
no,,,43,Business Analyst,Wolken Software,"Bangalore, Karnataka",https://www.adzuna.in/details/3502543793?utm_medium=api&utm_source=195aa6d0,23,31,18,weak,0.08,0/0,,"[{""need"": ""business analyst"", ""gain"": 2}, {""need"": ""wolken software provides"", ""gain"": 2}, {""need"": ""suite"", ""gain"": 2}, {""need"": ""ai-enabled"", ""gain"": 2}, {""need"": ""saas"", ""gain"": 2}]",,"{""skill_match"": 0.0625, ""experience_fit"": 0.85, ""domain"": 0, ""education"": 1.0, ""achievement"": 0.8571, ""trajectory"": 1.0}",adzuna,aggregator,1500000,2500000,2022-09-20T07:05:20Z,,,,[],[],[],[],[],[],,,,"wolken, service, fortune, software, provides, suite, ai-enabled, saas, cloud-native, customer, enterprise, solutions","About the Company: Wolken Software provides a suite of AI-enabled, SaaS 2.0 cloud-native applications for Customer Service and Enterprise Solutions namely Wolken Service Desk, Wolken's IT Service Management, and Wolken's HR Case Management. We have replaced incumbents like Salesforce, ServiceNow Zendesk, etc. at various Fortune 500 and Fortune 1000 companies. Job Description: We are looking for a Business Analyst with strong organizational and planning skills and a proven ability to multitask i…"
no,,,43,Business Analyst,AnandRathi,"Mumbai, Maharashtra",https://www.adzuna.in/details/5748527769?utm_medium=api&utm_source=195aa6d0,30,29,18,weak,0.08,0/0,,"[{""need"": ""business analyst"", ""gain"": 2}, {""need"": ""analyst anand"", ""gain"": 2}, {""need"": ""anand rathi"", ""gain"": 2}, {""need"": ""rathi share"", ""gain"": 2}, {""need"": ""stock brokers limited"", ""gain"": 2}]",,"{""skill_match"": 0.0713, ""experience_fit"": 0.85, ""domain"": 0, ""education"": 1.0, ""achievement"": 0.8571, ""trajectory"": 1.0}",adzuna,aggregator,,,2026-06-02T06:52:31Z,,,,[],[],[],[],[],[],,,,"processes, developing, anand, rathi, share, stock, brokers, limited, analyst, dynamic, embark, rewarding","Anand Rathi share and stock brokers limited is looking for Business Analyst to join our dynamic team and embark on a rewarding career journey. Evaluating business processes, anticipating requirements, uncovering areas for improvement, and developing and implementing solutions. Leading ongoing reviews of business processes and developing optimization strategies. Staying up-to-date on the latest process and IT advancements to automate and modernize systems. Conducting meetings and presentations t…"
no,,,43,Senior Business Analyst (Salesforce),Vectra,"Bangalore, Karnataka",https://www.adzuna.in/details/5814491132?utm_medium=api&utm_source=195aa6d0,21,26,18,weak,0.08,0/0,,"[{""need"": ""senior business analyst"", ""gain"": 2}, {""need"": ""vectra"", ""gain"": 2}, {""need"": ""leader"", ""gain"": 2}, {""need"": ""ai-driven threat detection"", ""gain"": 2}, {""need"": ""response"", ""gain"": 2}]",,"{""skill_match"": 0.0625, ""experience_fit"": 0.85, ""domain"": 0, ""education"": 1.0, ""achievement"": 0.8571, ""trajectory"": 1.0}",adzuna,aggregator,,,2026-07-25T03:27:30Z,,,,[],[],[],[],[],[],,,,"vectra, threat, detection, signal, leader, response, hybrid, multi-cloud, enterprises, delivers, integrated, public","Vectra® is the leader in AI-driven threat detection and response for hybrid and multi-cloud enterprises. The Vectra AI Platform delivers integrated signal across public cloud, SaaS, identity, and data center networks in a single platform. Powered by patented Attack Signal Intelligence, it empowers security teams to rapidly prioritize, investigate and respond to the most advanced cyber-attacks. With 35 patents in AI-driven threat detection and the most vendor references in MITRE D3FEND, organiza…"
no,,,43,CSR PARTNERSHIPS MANAGER,Kapstag Workforce Solutions Private Limited,"Pune, Maharashtra",https://www.adzuna.in/details/5775570841?utm_medium=api&utm_source=195aa6d0,27,38,18,weak,0.08,0/0,,"[{""need"": ""csr partnerships"", ""gain"": 2}, {""need"": ""manager csr"", ""gain"": 2}, {""need"": ""gd-05"", ""gain"": 2}, {""need"": ""purpose"", ""gain"": 2}, {""need"": ""manage strategic partnerships"", ""gain"": 2}]",,"{""skill_match"": 0.0677, ""experience_fit"": 0.85, ""domain"": 0, ""education"": 1.0, ""achievement"": 0.8571, ""trajectory"": 1.0}",adzuna,aggregator,,,2026-06-25T07:26:36Z,,,,[],[],[],[],[],[],,,,"develop, foundations, funding, gd-05, purpose, manage, corporates, philanthropic, institutions, agencies, mobilize, resources","CSR PARTNERSHIPS MANAGER (GD-05) Role Purpose To develop and manage strategic partnerships with corporates, CSR foundations, philanthropic institutions, and funding agencies to mobilize resources and support sustainable development initiatives. Key Responsibilities Identify and engage potential CSR partners and corporate donors. Develop partnership proposals, concept notes, and funding presentations. Build and maintain relationships with CSR heads, foundations, and industry leaders. Coordinate …"
no,,,43,Associate Partnerships Manager (SEO),Merito,"Pune, Maharashtra",https://www.adzuna.in/details/4386562995?utm_medium=api&utm_source=195aa6d0,31,34,25,weak,0.2,0/0,,"[{""need"": ""5 years of experience (you show 3.9)"", ""gain"": 5}, {""need"": ""world"", ""gain"": 2}, {""need"": ""biggest student"", ""gain"": 2}, {""need"": ""student housing"", ""gain"": 2}, {""need"": ""housing marketplaces"", ""gain"": 2}]",,"{""skill_match"": 0.1141, ""experience_fit"": 0.768, ""domain"": 0, ""education"": 1.0, ""achievement"": 0.8571, ""trajectory"": 1.0}",adzuna,aggregator,500000,700000,2023-10-22T13:48:24Z,,,,[],[],[],[],[],[],,,,"student, housing, world, biggest, marketplaces, location, client, global, marketplace, students, book, full-time","We are looking for an Associate Partnerships Manager (SEO) for one of the world's biggest student housing marketplaces in Pune. Role - Associate Partnerships Manager (SEO) Experience - 1.5 to 5 years Location - Pune About the Company :- Our Client is a leading global marketplace for student housing. We help students book full-time accommodations near top universities across the globe, without the hassle of negotiation, non-standardised and cumbersome paperwork, and broken payment processes. It …"
no,,,43,Technical Program Manager,Mergenomincs,"Bangalore, Karnataka",https://www.adzuna.in/details/5659987224?utm_medium=api&utm_source=195aa6d0,25,36,18,weak,0.08,0/0,,"[{""need"": ""technical program manager"", ""gain"": 2}, {""need"": ""rapidclaims rapidclaims"", ""gain"": 2}, {""need"": ""leader"", ""gain"": 2}, {""need"": ""ai-driven revenue"", ""gain"": 2}, {""need"": ""revenue cycle"", ""gain"": 2}]",,"{""skill_match"": 0.026, ""experience_fit"": 0.85, ""domain"": 0, ""education"": 1.0, ""achievement"": 1, ""trajectory"": 1.0}",adzuna,aggregator,2500000,3500000,2026-03-10T11:30:24Z,,,,[],[],[],[],[],[],,,,"rapidclaims, coding, leader, cycle, transforming, medical, cutting-edge, million, total, funding, investors, accel","About RapidClaims RapidClaims is a leader in AI-driven revenue cycle management, transforming medical coding and revenue operations with cutting-edge technology. The company has raised $11 million in total funding from top investors, including Accel and Together Fund. Join us as we scale a cloud-native platform that runs transformer-based Large Language Models rigorously fine-tuned on millions of clinical notes and claims every month. You’ll engineer autonomous coding pipelines that parse ICD-1…"
no,,,43,Program Manager,ixigo,"Bengaluru/ Gurgaon, in",https://jobs.smartrecruiters.com/ixigo/744000138799027,26,30,25,weak,0.2,0/0,,"[{""need"": ""5 years of experience (you show 3.9)"", ""gain"": 5}, {""need"": ""program manager launched"", ""gain"": 1}, {""need"": ""aloke bajpai"", ""gain"": 1}, {""need"": ""bajpai rajnish"", ""gain"": 1}, {""need"": ""rajnish kumar"", ""gain"": 1}]",,"{""skill_match"": 0.1029, ""experience_fit"": 0.768, ""domain"": 0, ""education"": 1.0, ""achievement"": 0.8571, ""trajectory"": 1.0}",smartrecruiters,aggregator,,,2026-07-21T07:46:04.050Z,,,,[],[],[],[],[],[],,,,"agile, software, ixigo, information, scrum, travellers, plan, tickets, maintaining, system, book, manage","Launched in 2007 by Aloke Bajpai & Rajnish Kumar, ixigo (Le Travenues Technology Limited) is a technology company focused on empowering Indian travellers to plan, book and manage their trips across rail, air, buses and hotels. ixigo assists travellers in making smarter travel decisions by leveraging artificial intelligence. The ixigo, ConfirmTkt and AbhiBus apps allow travellers to book train tickets, flight tickets, bus tickets, hotels, and cabs, and provide travel utility tools and services developed using in-house proprietary algorithms and crowd-sourced information. With over 54 crore Annual Active Users in Fiscal 2025, ixigo is the leading OTA for Next Billion Users in India. For more information, please visit http://www.ixigo.com Take ownership through every stage of the agile software development lifecycle Facilitates all the Scrum ceremonies Fetching reports from JIRA & maintaining sprint metrics To forecast and publish the plan for all the major projects running Develop a detailed project plan to monitor and track progress, manage changes to the project scope & project schedule using appropriate verification techniques Keeping close track of all the deliveries Coach the team members around Scrum & Agile whenever needed Assist the Product team in maintaining the roadmaps & Backlogs Collaborates with other Technical Program Managers (TPM) to coordinate cross-team dependencies and other teams within the organization Provide visibility into gaps, issues, risks, and opportunities across Agile teams Contributing ideas to product development initiatives Collaborating with system engineers and software architects Reporting product development progress to Senior Leadership Overseeing product deployment and integration. Evaluating product performance metrics and facilitating adjustments. Documenting processes and ensuring compliance with industry standards. Keeping up with advancements in product technologies Maintaining the open communication environment Bachelor's "
no,,,42,Program Manager for Product Material Compliance,ABB,"Bangalore, Karnataka",https://www.adzuna.in/land/ad/5791275616?se=Ir_Ocq-K8RGWf7vOSVuBIA&utm_medium=api&utm_source=195aa6d0&v=209253BD4F05F4829BC4363CAA91815CE710FEB7,21,25,19,weak,0.14,0/0,,"[{""need"": ""program manager"", ""gain"": 2}, {""need"": ""product material compliance"", ""gain"": 2}, {""need"": ""abb"", ""gain"": 2}, {""need"": ""inclusive employer"", ""gain"": 2}, {""need"": ""member"", ""gain"": 2}]",,"{""skill_match"": 0.0417, ""experience_fit"": 0.85, ""domain"": 0, ""education"": 1.0, ""achievement"": 0.8571, ""trajectory"": 1.0}",adzuna,aggregator,,,2026-07-08T01:30:21Z,,,,[],[],[],[],[],[],,,,"global, world, inclusive, employer, member, mygwork, largest, lgbtq, community, please, contact, recruiter","This job is with ABB, an inclusive employer and a member of myGwork – the largest global platform for the LGBTQ business community. Please do not contact the recruiter directly. At ABB, we help industries outrun - leaner and cleaner. Here, progress is an expectation - for you, your team, and the world. As a global market leader, we’ll give you what you need to make it happen. It won’t always be easy, growing takes grit. But at ABB, you’ll never run alone. Run what runs the world. This role sits…"
no,,,42,Product Manager,Cognyte,"Pune, Maharashtra",https://www.adzuna.in/details/5723745991?utm_medium=api&utm_source=195aa6d0,14,11,13,weak,0.0,0/0,,"[{""need"": ""world"", ""gain"": 2}, {""need"": ""crime riddled"", ""gain"": 2}, {""need"": ""criminals"", ""gain"": 2}, {""need"": ""everywhere"", ""gain"": 2}, {""need"": ""invisible"", ""gain"": 2}]",,"{""skill_match"": 0.037, ""experience_fit"": 0.85, ""domain"": 0, ""education"": 1.0, ""achievement"": 0.8571, ""trajectory"": 1.0}",adzuna,aggregator,,,2026-05-09T08:46:54Z,,,,[],[],[],[],[],[],,,,"world, crime, criminals, know, today, riddled, everywhere, invisible, virtual, sophisticated, traditional, ways","Today’s world is crime riddled. Criminals are everywhere, invisible, virtual, and sophisticated. Traditional ways to prevent and investigate crime and terror are no longer enough… Technology is changing incredibly fast. The criminals know it, and they are taking advantage. We know it too. For 30 years, the incredible minds at Cognyte around the world have worked closely together and put their expertise to work, to keep up with constantly evolving technological and criminal trends and help make …"
no,,,42,Product Manager,Affairal,"Bangalore, Karnataka",https://www.adzuna.in/details/1171508053?utm_medium=api&utm_source=195aa6d0,24,22,16,weak,0.08,0/0,,"[{""need"": ""manager hey"", ""gain"": 2}, {""need"": ""hey everyone"", ""gain"": 2}, {""need"": ""look forward"", ""gain"": 2}, {""need"": ""talk"", ""gain"": 2}, {""need"": ""disruptive start"", ""gain"": 2}]",,"{""skill_match"": 0.0417, ""experience_fit"": 0.85, ""domain"": 0, ""education"": 1.0, ""achievement"": 0.8571, ""trajectory"": 1.0}",adzuna,aggregator,2400000,6000000,2019-06-05T21:12:14Z,,,,[],[],[],[],[],[],,,,"forward, start, everyone, talk, disruptive, fashion, marketplace, segment, core, personalization.featured, crunch, websummit","Hey Everyone, look forward to talk to you. We are a disruptive start up in fashion marketplace segment working on core personalization.Featured@tech crunch, websummit,voted top 100 start ups from the Asia region by Tech.co& Red herring. We are hiring! Team of Ex-flipkart,intel, myntra, intuit, ibm and others. We look forward to see you onboard in this amazing journey forward. Thanks & Regards Govind Founder/CEO @ Affairal 919972668335/918904013330 Job Perks Free lunch Skills: Product Management…"
no,,,42,Senior Product Manager,Josys,"Bangalore, Karnataka",https://www.adzuna.in/details/5765994681?utm_medium=api&utm_source=195aa6d0,19,16,16,weak,0.08,0/0,,"[{""need"": ""josys josys"", ""gain"": 2}, {""need"": ""modern ai-native"", ""gain"": 2}, {""need"": ""ai-native identity"", ""gain"": 2}, {""need"": ""identity security"", ""gain"": 2}, {""need"": ""governance platform"", ""gain"": 2}]",,"{""skill_match"": 0.0375, ""experience_fit"": 0.85, ""domain"": 0, ""education"": 1.0, ""achievement"": 0.8571, ""trajectory"": 1.0}",adzuna,aggregator,,,2026-06-17T02:39:54Z,,,,[],[],[],[],[],[],,,,"josys, identity, security, enterprise, surface, every, modern, ai-native, governance, adoption, made, fastest-growing","About Josys Josys is a modern AI-native identity security and governance platform. Enterprise AI adoption has made identity the fastest-growing attack surface, and the hardest to govern. Josys discovers, governs, and secures every identity - human, machine, and AI agent - across every application in the enterprise, allowing security and IT teams to surface risk, control access, and remediate identity threats in real-time. Trusted by over 1,000 organizations and MSPs worldwide, Josys turns ident…"
no,,,42,Senior Product Manager,Agara,"Kenchanahalli, Bangalore",https://www.adzuna.in/details/4801522230?utm_medium=api&utm_source=195aa6d0,27,44,19,weak,0.14,0/0,,"[{""need"": ""covid"", ""gain"": 2}, {""need"": ""thrown"", ""gain"": 2}, {""need"": ""world"", ""gain"": 2}, {""need"": ""disarray"", ""gain"": 2}, {""need"": ""never"", ""gain"": 2}]",,"{""skill_match"": 0.0409, ""experience_fit"": 0.85, ""domain"": 0, ""education"": 1.0, ""achievement"": 0.8571, ""trajectory"": 1.0}",adzuna,aggregator,,,2024-07-31T03:12:41Z,,,,[],[],[],[],[],[],,,,"world, some, early, covid, thrown, disarray, never, again, enterprises, around, towards, automation","The Opportunity Covid has thrown the world in disarray and it will never be the same again. Enterprises around the world are looking towards automation of cognitive tasks to help them be competitive or even survive. Agara has built some of the most forward-looking products that drive this digital transformation and looped in some of the biggest brands in the world as early customers. You have the opportunity to be early members of the go-to-market team, lead it from the front and shape it as yo…"
no,,,42,Business Analyst / Senior Business Analyst,Flick Media Private Limited,"Bangalore, Karnataka",https://www.adzuna.in/details/5753772530?utm_medium=api&utm_source=195aa6d0,26,31,16,weak,0.08,0/0,,"[{""need"": ""business analyst"", ""gain"": 1}, {""need"": ""senior business analyst"", ""gain"": 1}, {""need"": ""flick flick"", ""gain"": 1}, {""need"": ""future"", ""gain"": 1}, {""need"": ""mobile-first entertainment"", ""gain"": 1}]",,"{""skill_match"": 0.0342, ""experience_fit"": 0.85, ""domain"": 0, ""education"": 1.0, ""achievement"": 0.8571, ""trajectory"": 1.0}",adzuna,aggregator,1800000,2400000,2026-06-06T06:12:01Z,,,,[],[],[],[],[],[],,,,"short-form, flick, entertainment, future, mobile-first, delivering, high-engagement, stories, on-the-go, consumption, combines, addictive","About Flick Flick is building the future of mobile-first entertainment. We are an OTT platform delivering short-form, high-engagement stories designed for on-the-go consumption. Our content combines the addictive storytelling of TV dramas with the instant appeal of short-form video. As the short-form entertainment market rapidly expands, we are building a category-defining company where data drives every key decision. About the Role As a Business Analyst, you will turn data into actionable insi…"
no,,,42,Senior Business Analyst,Computershare,"Bangalore, Karnataka",https://www.adzuna.in/details/5713886430?utm_medium=api&utm_source=195aa6d0,21,22,19,weak,0.14,0/0,,"[{""need"": ""senior business"", ""gain"": 2}, {""need"": ""business analyst"", ""gain"": 2}, {""need"": ""analyst description"", ""gain"": 2}, {""need"": ""description location"", ""gain"": 2}, {""need"": ""bangalore"", ""gain"": 2}]",,"{""skill_match"": 0.0417, ""experience_fit"": 0.85, ""domain"": 0, ""education"": 1.0, ""achievement"": 0.8571, ""trajectory"": 1.0}",adzuna,aggregator,,,2026-04-30T02:15:23Z,,,,[],[],[],[],[],[],,,,"bangalore, hybrid, position, week, description, location, primarily, committed, flexibility, wellbeing, requires, three","Description Location: Bangalore, India This is a hybrid position primarily based in Bangalore, India. We’re committed to your flexibility and wellbeing and our hybrid strategy currently requires three days a week in the office, giving you the option to work remotely for some of your working week. Find out more about our culture of flexible working . Note: Shift timings will be 6:00pm to 3:00am (IST) and the position will be a fixed-term contractual role for a duration of 6 months We give you a …"
no,,,42,B2B Partnership Sales Manager,PeopleX Ventures,"Bangalore, Karnataka",https://www.adzuna.in/details/5726554735?utm_medium=api&utm_source=195aa6d0,23,19,16,weak,0.08,0/0,,"[{""need"": ""b2b partnership"", ""gain"": 2}, {""need"": ""partnership sales"", ""gain"": 2}, {""need"": ""sales manager"", ""gain"": 2}, {""need"": ""scale corporate partnerships"", ""gain"": 2}, {""need"": ""wellness organizations"", ""gain"": 2}]",,"{""skill_match"": 0, ""experience_fit"": 0.85, ""domain"": 0, ""education"": 1.0, ""achievement"": 1, ""trajectory"": 1.0}",adzuna,aggregator,1500000,2000000,2026-05-12T12:02:08Z,,,,[],[],[],[],[],[],,,,"sales, build, wellness, selling, scale, corporate, organizations, focus, solution, clients, startups, enterprises","We are looking for a B2B Partnership Sales Manager to build and scale corporate partnerships for wellness organizations .This role will focus on solution selling to B2B clients such as startups, enterprises, and institutions—positioning the wellness offerings as high-impact programs for employees and leadership teams. This role is ideal for someone who has already worked in B2B sales within the services domain , understands relationship-led enterprise selling, and can build long-term partnershi…"
no,,,42,Program Manager,Unnati,"Bangalore, Karnataka",https://www.adzuna.in/details/3110910454?utm_medium=api&utm_source=195aa6d0,22,25,16,weak,0.08,0/0,,"[{""need"": ""program manager"", ""gain"": 2}, {""need"": ""today"", ""gain"": 2}, {""need"": ""high-demand equals"", ""gain"": 2}, {""need"": ""equals high-price"", ""gain"": 2}, {""need"": ""high-price world"", ""gain"": 2}]",,"{""skill_match"": 0.0417, ""experience_fit"": 0.85, ""domain"": 0, ""education"": 1.0, ""achievement"": 0.8571, ""trajectory"": 1.0}",adzuna,aggregator,1200000,1500000,2022-05-07T05:36:52Z,,,,[],[],[],[],[],[],,,,"casting, today, high-demand, equals, high-price, world, client, focuses, being, universal, factory, produces","In today’s high-demand equals high-price world, our client focuses on being a universal factory that produces high-quality industrial goods at costs that are globally competitive. The services offered by them include sand casting, investment casting, sheet metal stamping, injection molding etc. and the industries served by them include railways, apparel, consumer electronics etc. So far in their journey, their network includes, approx., 10K suppliers, 600 customers, 2K projects, serving 15 coun…"
no,,,42,Product Owner,Ontic,"Pune, Maharashtra",https://www.adzuna.in/details/5797343216?utm_medium=api&utm_source=195aa6d0,17,14,16,weak,0.08,0/0,,"[{""need"": ""product owner"", ""gain"": 2}, {""need"": ""ontic provides software"", ""gain"": 2}, {""need"": ""helps corporate"", ""gain"": 2}, {""need"": ""government security"", ""gain"": 2}, {""need"": ""identify threats"", ""gain"": 2}]",,"{""skill_match"": 0.04, ""experience_fit"": 0.85, ""domain"": 0, ""education"": 1.0, ""achievement"": 0.8571, ""trajectory"": 1.0}",adzuna,aggregator,,,2026-07-12T03:18:57Z,,,,[],[],[],[],[],[],,,,"ontic, security, threats, risk, organizations, provides, software, helps, corporate, government, identify, assess","Who We Are Ontic provides software that helps corporate and government security teams identify threats, assess risk, and respond faster to keep people and organizations safe. Its AI-powered Connected Intelligence Platform unifies security operations and data into a centralized system of record, enabling organizations to conduct risk assessments, protect against workplace violence, and manage threats and incidents more efficiently. Fortune 500 companies and federal agencies rely on Ontic to supp…"
no,,,41,Program Manager,JazzX AI,"Bangalore, Karnataka",https://www.adzuna.in/details/5755726514?utm_medium=api&utm_source=195aa6d0,21,22,15,weak,0.08,0/0,,"[{""need"": ""program manager"", ""gain"": 1}, {""need"": ""jazzx ai"", ""gain"": 1}, {""need"": ""vision"", ""gain"": 1}, {""need"": ""enterprises operating"", ""gain"": 1}, {""need"": ""institutional intelligence governed"", ""gain"": 1}]",,"{""skill_match"": 0, ""experience_fit"": 0.85, ""domain"": 0, ""education"": 1.0, ""achievement"": 0.8571, ""trajectory"": 1.0}",adzuna,aggregator,,,2026-06-08T02:30:11Z,,,,[],[],[],[],[],[],,,,"jazzx, enterprises, expertise, vision, operating, institutional, intelligence, governed, self-improving, beyond, individual, defining","About JazzX AI : Vision: Enterprises operating on institutional intelligence—governed, self-improving, and scalable beyond individual expertise. JazzX AI is defining the future of enterprise work—by building AI-native digital workers that actually get the job done. We believe enterprises don't scale expertise—they lose it. Knowledge stays trapped in individuals, judgment gets applied inconsistently, and the best talent spends time on work that should run itself. We're changing that. JazzX AI tr…"
no,,,41,Product Owner,bswift India,"Bangalore, Karnataka",https://www.adzuna.in/details/5805362439?utm_medium=api&utm_source=195aa6d0,13,11,18,weak,0.14,0/0,,"[{""need"": ""product owner want"", ""gain"": 1}, {""need"": ""bswifter"", ""gain"": 1}, {""need"": ""bswift"", ""gain"": 1}, {""need"": ""transforming benefits"", ""gain"": 1}, {""need"": ""benefits administration"", ""gain"": 1}]",,"{""skill_match"": 0, ""experience_fit"": 0.85, ""domain"": 0, ""education"": 1.0, ""achievement"": 0.8571, ""trajectory"": 1.0}",adzuna,aggregator,,,2026-07-18T03:20:37Z,,,,[],[],[],[],[],[],,,,"benefits, want, bswifter, bswift, been, transforming, since, making, simpler, smarter, human, state-of-the-art","Want to be a bswifter? At bswift we’ve been transforming benefits administration since 1996, making it simpler, smarter, and more human. Our state-of-the-art, cloud-based technology and services empower employees to understand, manage, and love their benefits. From downtown Chicago, and remotely across the country, we serve thousands of companies and millions of people nationwide, reducing administrative burdens and freeing HR teams to focus on creating thriving, people-first workplaces. We’re …"
