applied,applied_on,match_feedback,score,title,company,location,url,frozen_score,legacy_score,percentile,band,jd_difficulty,must_coverage,missing_must,top_gaps,score_flags,sub_scores,source,apply_channel,salary_min,salary_max,updated_at,resume_docx,resume_pdf,tailored_summary,bullets_to_lead_with,rewritten_bullets,keywords_to_add_if_true,fit_exact,fit_partial,fit_gaps,outreach_note,change_log,honest_gap_note,missing_keywords,description_snippet
no,,,75,Senior Technical Product Manager- Micro Lending,Happiest Resume,"Bangalore, Karnataka",https://www.adzuna.in/details/5828879297?utm_medium=api&utm_source=195aa6d0,62,86,96,strong,0.44,1/1,,"[{""need"": ""MBA or equivalent business context"", ""gain"": 8}]",,"{""skill_match"": 0.7429, ""experience_fit"": 0.54, ""domain"": 0.75, ""education"": 1.0, ""achievement"": 0.8571, ""trajectory"": 1.0}",adzuna,aggregator,3600000,4500000,2026-08-05T14:47:23Z,data/resumes/2026-08-05/Happiest_Resume_Senior_Technical_Product_Manager_Micro_L/Mehul_Agarwal.docx,data/resumes/2026-08-05/Happiest_Resume_Senior_Technical_Product_Manager_Micro_L/Mehul_Agarwal.pdf,"Product Manager with 4+ years building digital lending products in fintech, currently owning digital acquisition and lead qualification systems at Bajaj Finance. Brings deep cross-functional experience defining requirements, working closely with engineering teams, and optimizing application funnels. Previously designed, developed, and launched a streamlined lead creation process for Microfinance group loans on App and Web platforms. Holds an MBA in Marketing & Strategy from Delhi School of Economics and a B.Tech.","[""Successfully designed, developed, and launched a streamlined lead creation process for a new product — Microfinance group loan — on App and Web platforms, aimed at improving user engagement and increasing lead conversion rates."", ""Led development and management of digital platforms (app and web) for the Personal Loan product, growing user engagement 27% and user acquisition 14%."", ""Design and ship the MCP (Minimum Credit Parameters) Master and Lead Allocation Master — a rules engine that pre-qualifies leads and routes them to the right lending partner based on credit profile, eligibility, and business rules.""]","[{""original"": ""Successfully designed, developed, and launched a streamlined lead creation process for a new product — Microfinance group loan — on App and Web platforms, aimed at improving user engagement and increasing lead conversion rates."", ""rewritten"": ""Designed, developed, and launched a streamlined micro-lending lead creation process for a new product on App and Web platforms, aimed at improving user engagement and increasing lead conversion rates.""}, {""original"": ""Design and ship the MCP (Minimum Credit Parameters) Master and Lead Allocation Master — a rules engine that pre-qualifies leads and routes them to the right lending partner based on credit profile, eligibility, and business rules."", ""rewritten"": ""Built and shipped the MCP (Minimum Credit Parameters) Master and Lead Allocation Master rules engine to pre-qualify leads and route them to lending partners based on credit profiles and business rules.""}]","[""Digital Lending"", ""Fintech"", ""Agile/Scrum"", ""Product Management""]","[""Digital lending and NBFC industry background"", ""Product management experience"", ""Engineering background with MBA context""]","[""Micro-lending experience: CV shows successful launch of a Microfinance group loan digital lead creation process, but does not explicitly name 'micro-lending platform' as a standalone 10-year senior technical product management domain."", ""Experience level: JD asks for 10 years, whereas CV shows 4+ years of product management experience.""]","[""Senior Technical Product Manager title spanning 10 years.""]","Hi Rahulk, I build digital lending and fintech products at Bajaj Finance, including microfinance group loan lead creation platforms and credit rule engines. I'd love to bring my end-to-end product delivery and platform execution experience to White-Force's micro lending platform role.",Summary rewritten for this JD; 1 bullet(s) reworded to JD vocabulary (metrics preserved verbatim); Skill groups reordered (Product & Delivery first),"The job description asks for 10 years of experience as a Technical Product Manager, whereas the candidate has 4+ years of product management experience.","micro, senior, email, rahulk.kanojia, white-force.in, contact, industry, employment, type, full, background, equivalent","Senior Technical Product Manager — Micro Lending Platform Email ID: rahulk.kanojia@white-force.in Contact : 9300955707 Industry: NBFC / Digital Lending Employment Type: Full Time Experience: 10 years (NBFC / Fintech preferred) as Technical Product Manager — Micro Lending Platform Qualification: Engineering background with MBA or equivalent business context Budget: Upto 45 LPA Location: Bangalore, India (Hybrid) Role Summary This is a high-ownership, high-ambiguity role at the intersection of pr…"
no,,,67,Product Analyst 1-3 years,EnglishBhashi,"Bangalore, Karnataka",https://www.adzuna.in/details/5779621877?utm_medium=api&utm_source=195aa6d0,36,52,84,competitive,0.29,2/3,User behavior analysis,"[{""need"": ""User behavior analysis"", ""gain"": 9}, {""need"": ""Cross-functional collaboration"", ""gain"": 4}]",,"{""skill_match"": 0.6194, ""experience_fit"": 0.85, ""domain"": 0, ""education"": 1.0, ""achievement"": 1, ""trajectory"": 1.0}",adzuna,aggregator,240000,420000,2026-06-28T06:21:52Z,data/resumes/2026-08-05/EnglishBhashi_Product_Analyst_1_3_years/Mehul_Agarwal.docx,data/resumes/2026-08-05/EnglishBhashi_Product_Analyst_1_3_years/Mehul_Agarwal.pdf,"Data-driven Product Manager with 4+ years of fintech experience building digital platforms, optimizing lead funnels, and tracking user behaviour using Google Analytics and CleverTap. Proven track record of translating complex user data into actionable product decisions, improving user acquisition, and collaborating closely with engineering, design, and growth teams. Grounded in analytics and metrics, with experience shaping product roadmaps and driving digital engagement across app and web platforms.","[""• Used Google Analytics and CleverTap to track user behaviour and KPIs, driving data-informed decisions that lifted conversion rates 23%."", ""• Map and optimize the end-to-end digital home loan funnel — from awareness and lead generation through login, sanction, and disbursal — identifying drop-off points and prioritizing fixes."", ""• Partnered with UI/UX designers to streamline the application experience, cutting user drop-off rates 40%.""]","[{""original"": ""• Used Google Analytics and CleverTap to track user behaviour and KPIs, driving data-informed decisions that lifted conversion rates 23%."", ""rewritten"": ""• Leveraged user behavior data via Google Analytics and CleverTap to drive data-informed product decisions, lifting conversion rates 23%.""}, {""original"": ""• Map and optimize the end-to-end digital home loan funnel — from awareness and lead generation through login, sanction, and disbursal — identifying drop-off points and prioritizing fixes."", ""rewritten"": ""• Analyzed user behavior across the end-to-end digital home loan funnel to identify drop-off points, prioritizing fixes to optimize conversion and user engagement.""}, {""original"": ""• Partnered with UI/UX designers to streamline the application experience, cutting user drop-off rates 40%."", ""rewritten"": ""• Collaborated with design and engineering teams to transform user behavior insights into streamlined application experiences, cutting user drop-off rates 40%.""}]","[""Google Analytics"", ""CleverTap"", ""User Behavior""]","[""Working closely with product, design, engineering, and growth teams"", ""Data-driven product decision making using analytics tools""]","[""Analyzing user behavior (CV demonstrates this via Google Analytics and CleverTap within fintech and digital lending, but not in language learning or EdTech domains)""]","[""Experience in EdTech, language learning, or spoken language education for Tier 2/3/4 cities""]","Hi, I'm a data-driven Product Manager with 4+ years of experience leveraging Google Analytics and CleverTap to track user behavior and optimize digital funnels. My background aligns well with your focus on data-driven product insights. Let's connect!",Summary rewritten for this JD; 3 bullet(s) reworded to JD vocabulary (metrics preserved verbatim); Skill groups reordered (Analytics & Tools first),The CV does not demonstrate any experience in the EdTech or language learning domains.,"tier, englishbhashi, language, analyst, behavior, ai-powered, learning, future, spoken, learners, cities, data-driven","About EnglishBhashi EnglishBhashi is an AI-powered language learning platform building the future of spoken language education for learners across Tier 2, Tier 3, and Tier 4 cities in India. We're looking for a data-driven Product Analyst who can transform user behavior into actionable product insights and help shape product decisions. Role Overview As a Product Analyst, you'll work closely with Product, Design, Engineering, and Growth teams to understand user behavior, identify opportunities, …"
no,,,64,Growth Product Manager,Versatile.club,"Bangalore, Karnataka",https://www.adzuna.in/details/5814756910?utm_medium=api&utm_source=195aa6d0,51,55,79,competitive,0.29,2/2,,"[{""need"": ""customer adoption"", ""gain"": 5}, {""need"": ""account growth"", ""gain"": 5}]",Unverifiable mandatory gate — confirm manually: onsite,"{""skill_match"": 0.5586, ""experience_fit"": 0.85, ""domain"": 0, ""education"": 1.0, ""achievement"": 1, ""trajectory"": 1.0}",adzuna,aggregator,60000,60000,2026-07-25T06:50:27Z,data/resumes/2026-08-05/Versatile_club_Growth_Product_Manager/Mehul_Agarwal.docx,data/resumes/2026-08-05/Versatile_club_Growth_Product_Manager/Mehul_Agarwal.pdf,"Product Manager with 4+ years building digital lending products in fintech, currently owning the Home Loan digital acquisition stack at Bajaj Finance across lead allocation and partner integrations. Experienced in managing cross-functional product requirements, digital campaign infrastructure, and lead funnel optimization to drive growth and user acquisition. Grounded in data analytics using Google Analytics, CleverTap, and Looker Studio to validate product decisions and prioritize feature roadmaps.","[""• Map and optimize the end-to-end digital home loan funnel — from awareness and lead generation through login, sanction, and disbursal — identifying drop-off points and prioritizing fixes."", ""• Led development and management of digital platforms (app and web) for the Personal Loan product, growing user engagement 27% and user acquisition 14%."", ""• Used Google Analytics and CleverTap to track user behaviour and KPIs, driving data-informed decisions that lifted conversion rates 23%.""]","[{""original"": ""• Own product strategy for Home Loan digital acquisition, translating business and credit-policy requirements into scalable lead-generation and qualification systems."", ""rewritten"": ""• Own product strategy for Home Loan digital acquisition, translating business and credit-policy requirements into scalable lead-generation and qualification systems to drive customer growth.""}, {""original"": ""• Map and optimize the end-to-end digital home loan funnel — from awareness and lead generation through login, sanction, and disbursal — identifying drop-off points and prioritizing fixes."", ""rewritten"": ""• Map and optimize the end-to-end digital home loan funnel — from awareness and customer lead generation through login, sanction, and disbursal — identifying drop-off points and prioritizing fixes.""}, {""original"": ""• Led development and management of digital platforms (app and web) for the Personal Loan product, growing user engagement 27% and user acquisition 14%."", ""rewritten"": ""• Led development and management of digital platforms (app and web) for the Personal Loan product, driving customer engagement growth up 27% and user acquisition 14%.""}]","[""customer""]","[""Product management and roadmap influence"", ""Stakeholder management and cross-functional collaboration""]","[""Customer adoption and account growth: the CV demonstrates funnel optimization, user acquisition, and engagement growth, but does not explicitly show managing an existing portfolio of enterprise accounts.""]","[""Managing a portfolio of existing enterprise accounts and building direct relationship management with key enterprise stakeholders""]","Hi, I'm a Product Manager with 4+ years of experience scaling digital acquisition and funnel optimization at Bajaj Finance. I'd love to bring my expertise in data-driven product growth to Versatile.club.",Summary rewritten for this JD; 3 bullet(s) reworded to JD vocabulary (metrics preserved verbatim); Bullets reprioritized in: Product Manager,"The JD asks for experience managing a portfolio of existing enterprise accounts and acting as the voice of the customer within the product organization, which the CV does not demonstrate.","customer, onsite, full-time, thrives, intersection, portfolio, existing, enterprise, accounts, build, relationships, organization","Growth Product Manager Onsite | Full-time About the Role We're looking for a Growth Product Manager who thrives at the intersection of customers, product, and business. In this role, you'll own a portfolio of existing enterprise accounts, build strong relationships with key stakeholders, and act as the voice of the customer within the product organization. You'll identify opportunities to improve customer adoption, drive account growth, and influence the product roadmap by translating customer …"
no,,,60,Product Manager,GeoIQ,"Bangalore, Karnataka",https://www.adzuna.in/details/5828954469?utm_medium=api&utm_source=195aa6d0,57,75,73,competitive,0.32,2/3,Cross-functional team leadership,"[{""need"": ""Cross-functional team leadership"", ""gain"": 7}, {""need"": ""Roadmap definition"", ""gain"": 4}, {""need"": ""Data-driven decision making"", ""gain"": 4}, {""need"": ""Collaboration with engineering, design, data science, and marketing teams"", ""gain"": 4}]",,"{""skill_match"": 0.491, ""experience_fit"": 0.85, ""domain"": 0, ""education"": 1.0, ""achievement"": 0.8571, ""trajectory"": 1.0}",adzuna,aggregator,,,2026-08-05T15:58:38Z,data/resumes/2026-08-05/GeoIQ_Product_Manager/Mehul_Agarwal.docx,data/resumes/2026-08-05/GeoIQ_Product_Manager/Mehul_Agarwal.pdf,"Product Manager with 4+ years of experience building digital lending products, driving strategy, and leading cross-functional delivery across engineering, design, and business teams. Proven track record of owning end-to-end product lifecycles, translating requirements into scalable systems, and utilizing data to optimize platforms and user journeys. Grounded in data-driven decision-making, roadmap execution, and stakeholder management within fast-paced fintech environments.","[""Served as primary liaison between technical and business stakeholders, driving alignment on requirements and project status throughout the delivery lifecycle."", ""Owned end-to-end delivery — from concept and design through development, testing, deployment, and post-launch support — ensuring seamless product releases."", ""Wrote detailed product specifications and requirements in partnership with engineering teams to ensure aligned, on-time delivery.""]","[{""original"": ""Served as primary liaison between technical and business stakeholders, driving alignment on requirements and project status throughout the delivery lifecycle."", ""rewritten"": ""Worked closely with cross-functional teams and stakeholders to drive alignment on requirements and project status throughout the delivery lifecycle.""}, {""original"": ""• Own product strategy for Home Loan digital acquisition, translating business and credit-policy requirements into scalable lead-generation and qualification systems."", ""rewritten"": ""• Contributed to product strategy and roadmap execution for digital acquisition, translating requirements into scalable systems to deliver successful platform solutions.""}]","[""Product Management"", ""Product Road-mapping"", ""Agile/Scrum"", ""Stakeholder Management""]","[""Product management and roadmap execution"", ""Working with cross-functional teams (engineering, design, and business)"", ""Delivering data-driven products""]","[""Guiding platform success: CV demonstrates platform ownership in digital lending platforms, but does not explicitly reference location intelligence platforms."", ""Working closely with data science teams: CV demonstrates close work with engineering, design, and business/credit policy teams, but does not mention data science.""]","[""Experience with location intelligence platforms or spatial data""]","Hi, I'm a PM with 4+ years of fintech experience owning digital platforms, defining roadmaps, and leading cross-functional delivery. My background aligns well with your platform PM role. Would love to connect.",Summary rewritten for this JD; 2 bullet(s) reworded to JD vocabulary (metrics preserved verbatim); Bullets reprioritized in: Product Manager,"The job description emphasizes location intelligence platforms and data science collaboration, which the CV does not feature.","cross-functional, closely, seeking, responsible, guiding, success, location, intelligence, science, deliver, empower, make","We are seeking a Product Manager - Platform to join our team. In this role, you will be responsible for guiding the success of our location intelligence platform and leading cross-functional teams. You will work closely with our engineering, design, data science, and marketing teams to deliver products that empower our customers to make data-driven decisions. Responsibilities Work closely with senior product managers to define product strategy and roadmap. Collaborate with cross-functional team…"
no,,,60,Product Manager Top b2c product company only Graduated from any of the,Staffnix,"Mumbai, Maharashtra",https://www.shine.com/jobs/product-manager-top-b2c-product-company-only-graduated-from-any-of-the/staffnix/19375413?utm_campaign=google_jobs_apply&utm_source=google_jobs_apply&utm_medium=organic,42,60,91,strong,0.72,2/7,"Hands-on experience working on AI or ML-enabled products, Experience working with data-driven products, including defining metrics and running experiments to evaluate features, Experience translating operational or user workflows into scalable product features and defining clear product requirements, Strong analytical thinking and structured problem-solving ability, Ability to work cross-functionally with engineering, analytics, and operations teams","[{""need"": ""Hands-on experience working on AI or ML-enabled products"", ""gain"": 3}, {""need"": ""Experience working with data-driven products, including defining metrics and running experiments to evaluate features"", ""gain"": 3}, {""need"": ""Experience translating operational or user workflows into scalable product features and defining clear product requirements"", ""gain"": 3}, {""need"": ""Strong analytical thinking and structured problem-solving ability"", ""gain"": 3}, {""need"": ""Ability to work cross-functionally with engineering, analytics, and operations teams"", ""gain"": 3}]",Unverifiable mandatory gate — confirm manually: Candidate must be from Top b2c product company only eligible; Unverifiable mandatory gate — confirm manually: Recent 1+ year in a B2C Product company,"{""skill_match"": 0.4154, ""experience_fit"": 1.0, ""domain"": 0, ""education"": 1.0, ""achievement"": 0.8571, ""trajectory"": 1.0}",serpapi,aggregator,,,3 days ago,data/resumes/2026-08-05/Staffnix_Product_Manager_Top_b2c_product_company_/Mehul_Agarwal.docx,data/resumes/2026-08-05/Staffnix_Product_Manager_Top_b2c_product_company_/Mehul_Agarwal.pdf,"Product Manager with 4+ years building digital lending products in fintech at Bajaj Finance, owning digital acquisition stacks and consumer AI initiatives like voice assist. Grounded in data, uses Google Analytics and CleverTap to validate decisions, define metrics, and run A/B testing. Experienced in cross-functional stakeholder management, shaping roadmaps, translating workflows into requirements, and driving execution with engineering and design.","[""Led end-to-end implementation of AI-driven voice assist within PL forms to guide users and reduce drop-offs, leading to a ~3.5% increase in PL Form-1 submissions."", ""Used Google Analytics and CleverTap to track user behaviour and KPIs, driving data-informed decisions that lifted conversion rates 23%."", ""Partnered with UI/UX designers to streamline the application experience, cutting user drop-off rates 40%.""]","[{""original"": ""Led end-to-end implementation of AI-driven voice assist within PL forms to guide users and reduce drop-offs, leading to a ~3.5% increase in PL Form-1 submissions."", ""rewritten"": ""Led end-to-end implementation of AI-enabled voice assist within forms to guide users and define features that reduce drop-offs, leading to a ~3.5% increase in PL Form-1 submissions.""}, {""original"": ""Used Google Analytics and CleverTap to track user behaviour and KPIs, driving data-informed decisions that lifted conversion rates 23%."", ""rewritten"": ""Used Google Analytics and CleverTap to track user behaviour, define metrics, and evaluate features, driving data-informed decisions that lifted conversion rates 23%.""}, {""original"": ""• Own product strategy for Home Loan digital acquisition, translating business and credit-policy requirements into scalable lead-generation and qualification systems."", ""rewritten"": ""• Own product strategy for Home Loan digital acquisition, translating operational workflows and credit-policy requirements into scalable product features and lead-generation systems.""}, {""original"": ""• Served as primary liaison between technical and business stakeholders, driving alignment on requirements and project status throughout the delivery lifecycle."", ""rewritten"": ""• Served as primary liaison between technical, analytics, and business stakeholders, driving alignment on requirements and project status throughout the delivery lifecycle.""}]","[""AI-enabled product experience"", ""defining metrics"", ""A/B Testing"", ""cross-functional"", ""Product Analytics""]","[""2+ years of experience in Product Management"", ""Experience working with data-driven products, including defining metrics and evaluating features"", ""Experience translating operational or user workflows into scalable product features and defining clear product requirements"", ""Cross-functional collaboration with engineering and analytics teams"", ""Strong communication skills with technical and business stakeholders"", ""AI-enabled product experience via the GYDE AI Voice Assist implementation""]","[""B2C Product company experience: present role at Bajaj Finance is in digital lending/fintech B2C, but prior digital marketing/internship experience is also on the CV.""]","[""Tier 1 engineering degree from specific IITs (IIT Madras, IIT Delhi, IIT Bombay, IIT Kanpur, IIT Kharagpur): CV shows B.Tech from Manipal Institute of Technology and MBA from Delhi School of Economics"", ""Job location Mumbai onsite: CV shows Pune location"", ""Strong Associate Product Manager profile specifically requested (candidate is currently a Product Manager with 4+ years experience)""]","Hi, I'm a Product Manager with 4+ years scaling digital fintech products at Bajaj Finance, including building an AI-enabled voice assist feature. I bring strong data-driven problem-solving and cross-functional experience. Let's connect!",Summary rewritten for this JD; 3 bullet(s) reworded to JD vocabulary (metrics preserved verbatim); Bullets reprioritized in: Product Manager; Skill groups reordered (Analytics & Tools first); Skill items resequenced toward JD mentions,"The job explicitly mandates graduation from specific IITs (IIT Madras, IIT Delhi, IIT Bombay, IIT Kanpur, IIT Kharagpur), whereas the candidate graduated from Manipal Institute of Technology and Delhi School of Economics.","mandatory, only, eligible, defining, features, skill, communication, read, before, applying, location, onsite","Read jd before applying 

Experience 2-5 years only.

Job location Mumbai onsite 

Mandatory (Education): Graduated from any of the following Tier 1 colleges - IIT Madras, IIT Delhi, IIT Bombay, IIT Kanpur, IIT Kharagpur only eligible.

Candidate must be from Top b2c product company only eligible.

Strong Associate Product Manager Profile with AI/ML-enabled product experience
2
Mandatory (Experience 1): Must have 2+ years of experience in Product Management, Product Analytics, or a Technical Product role with the recent 1+ year in a B2C Product company
3
Mandatory (Experience 2): Must have hands-on experience working on AI or ML-enabled products
4
Mandatory (Experience 3): Must have experience working with data-driven products, including defining metrics and running experiments to evaluate features
5
Mandatory (Experience 4): Must have experience translating operational or user workflows into scalable product features and defining clear product requirements
6
Mandatory (Skill 1): Must have strong analytical thinking and structured problem-solving ability.
7
Mandatory (Skill 2): Must be able to work cross-functionally with engineering, analytics, and operations teams
8
Mandatory (Communication): Must have strong communication skills to work across technical and business stakeholders
9
Mandatory (Company): B2C Product companies ."
no,,,57,Product Management - Product Manager - Lending Platform,Paytm,"Bangalore, Karnataka",https://www.adzuna.in/details/5717262607?utm_medium=api&utm_source=195aa6d0,49,46,59,borderline,0.22,1/2,"Understanding product use cases, customer journeys, and business applications","[{""need"": ""Understanding product use cases, customer journeys, and business applications"", ""gain"": 8}, {""need"": ""Payments"", ""gain"": 4}, {""need"": ""Financial Services"", ""gain"": 4}, {""need"": ""Mobile Technologies"", ""gain"": 4}, {""need"": ""Business Commerce"", ""gain"": 4}]",,"{""skill_match"": 0.3061, ""experience_fit"": 0.85, ""domain"": 0.25, ""education"": 1.0, ""achievement"": 0.8571, ""trajectory"": 1.0}",adzuna,aggregator,,,2026-05-03T01:57:57Z,data/resumes/2026-08-05/Paytm_Product_Management_Product_Manager_Lendi/Mehul_Agarwal.docx,data/resumes/2026-08-05/Paytm_Product_Management_Product_Manager_Lendi/Mehul_Agarwal.pdf,"Product Manager with 4+ years building digital lending products in fintech, currently owning the Home Loan digital acquisition stack at Bajaj Finance including credit eligibility rules and lending-partner integrations. Previously owned the Personal Loan digital platform end-to-end, growing user engagement 27% and user acquisition 14%. Grounded in data, uses Google Analytics, CleverTap, and Looker Studio to validate decisions and prioritize the roadmap.","[""Own product strategy for Home Loan digital acquisition, translating business and credit-policy requirements into scalable lead-generation and qualification systems."", ""Map and optimize the end-to-end digital home loan funnel — from awareness and lead generation through login, sanction, and disbursal — identifying drop-off points and prioritizing fixes."", ""Led development and management of digital platforms (app and web) for the Personal Loan product, growing user engagement 27% and user acquisition 14%.""]","[{""original"": ""Map and optimize the end-to-end digital home loan funnel — from awareness and lead generation through login, sanction, and disbursal — identifying drop-off points and prioritizing fixes."", ""rewritten"": ""Map and optimize the end-to-end financial lending platform funnel — from awareness and lead generation through login, sanction, and disbursal — identifying drop-off points and prioritizing fixes.""}, {""original"": ""Led development and management of digital platforms (app and web) for the Personal Loan product, growing user engagement 27% and user acquisition 14%."", ""rewritten"": ""Led development and management of mobile digital platforms (app and web) for the Personal Loan product, growing user engagement 27% and user acquisition 14%.""}, {""original"": ""Design and ship the MCP (Minimum Credit Parameters) Master and Lead Allocation Master — a rules engine that pre-qualifies leads and routes them to the right lending partner based on credit profile, eligibility, and business rules."", ""rewritten"": ""Design and ship the MCP (Minimum Credit Parameters) Master and Lead Allocation Master — a rules engine that pre-qualifies financial services leads and routes them to the right lending partner based on credit profile, eligibility, and business rules.""}, {""original"": ""Used Google Analytics and CleverTap to track user behaviour and KPIs, driving data-informed decisions that lifted conversion rates 23%."", ""rewritten"": ""Used Google Analytics and CleverTap to track customer behavior and platform KPIs, driving data-informed decisions that lifted conversion rates 23%.""}]","[""Digital Lending"", ""Fintech"", ""Lead Funnel Optimisation"", ""Partner Integrations"", ""Stakeholder Management""]","[""Product management experience working with business stakeholders and engineering teams"", ""Managing digital platforms and customer journeys"", ""Cross-functional execution from concept through launch and iteration""]","[""Financial services experience: CV has fintech and digital lending experience at Bajaj Finance, but lacks Paytm-specific payments ecosystem experience.""]","[""Experience specifically building technologies for mobile QR payments and small business commerce as highlighted in Paytm's core business description""]","Hi, I'm a Product Manager with 4+ years building digital lending products at Bajaj Finance, owning digital acquisition stacks and end-to-end lending platforms. I've scaled user acquisition by 14% and engagement by 27% using data-driven funnels, and I'd love to bring this expertise to Paytm's financial services team.",Summary rewritten for this JD; 4 bullet(s) reworded to JD vocabulary (metrics preserved verbatim); Skill groups reordered (Domain & Growth first),The CV does not demonstrate experience with mobile QR payments or small business merchant commerce systems as described in the Paytm posting.,"paytm, payments, mobile, financial, services, distribution, pioneer, revolution, builds, technologies, small, businesses","About Us: Paytm is India's leading mobile payments and financial services distribution company. Pioneer of the mobile QR payments revolution in India, Paytm builds technologies that help small businesses with payments and commerce. Paytm’s mission is to serve half a billion Indians and bring them to the mainstream economy with the help of technology. Expectation: • Working closely with vertical product managers/ business leads to understand product use cases, customer journeys, business applica…"
no,,,56,Growth Manager,Airtel Digital,"Bangalore, Karnataka",https://www.adzuna.in/land/ad/5822659215?se=fvBNgMGQ8RGhI6QY3T8uRQ&utm_medium=api&utm_source=195aa6d0&v=AED06A799D1758D9C9D346AD17C55A3740BF6ED6,50,58,65,competitive,0.34,1/5,"leading a tele calling team, managing daily calling operations, ensuring high conversion and disbursement, maintaining compliance with BFSI standards and audit requirements","[{""need"": ""leading a tele calling team"", ""gain"": 5}, {""need"": ""managing daily calling operations"", ""gain"": 5}, {""need"": ""ensuring high conversion and disbursement"", ""gain"": 5}, {""need"": ""maintaining compliance with BFSI standards and audit requirements"", ""gain"": 5}, {""need"": ""disbursement"", ""gain"": 3}]",,"{""skill_match"": 0.2586, ""experience_fit"": 0.85, ""domain"": 0.25, ""education"": 1.0, ""achievement"": 1, ""trajectory"": 1.0}",adzuna,aggregator,,,2026-08-01T01:28:10Z,data/resumes/2026-08-05/Airtel_Digital_Growth_Manager/Mehul_Agarwal.docx,data/resumes/2026-08-05/Airtel_Digital_Growth_Manager/Mehul_Agarwal.pdf,"Product Manager with 4+ years building digital lending products in fintech, currently owning the Home Loan digital acquisition stack at Bajaj Finance. Previously owned the Personal Loan digital platform end-to-end, growing user acquisition 14% and user engagement 27%. Grounded in data, uses Google Analytics, CleverTap, and Looker Studio to drive decisions and optimize lead funnels.","[""Led development and management of digital platforms (app and web) for the Personal Loan product, growing user engagement 27% and user acquisition 14%."", ""Map and optimize the end-to-end digital home loan funnel — from awareness and lead generation through login, sanction, and disbursal — identifying drop-off points and prioritizing fixes."", ""Used Google Analytics and CleverTap to track user behaviour and KPIs, driving data-informed decisions that lifted conversion rates 23%.""]","[{""original"": ""Led development and management of digital platforms (app and web) for the Personal Loan product, growing user engagement 27% and user acquisition 14%."", ""rewritten"": ""Led development and management of digital platforms for personal loan sales and user acquisition, growing user engagement 27% and user acquisition 14%.""}, {""original"": ""Map and optimize the end-to-end digital home loan funnel — from awareness and lead generation through login, sanction, and disbursal — identifying drop-off points and prioritizing fixes."", ""rewritten"": ""Map and optimize the end-to-end digital loan funnel — from awareness and lead generation through login, sanction, and disbursement — identifying drop-off points and prioritizing fixes.""}]","[""loans""]","[""Personal loans product experience"", ""Conversion and lead funnel optimization""]","[""Driving sales and disbursement (CV shows managing digital acquisition and end-to-end funnels leading to disbursal, but lacks direct telecalling team management)""]","[""Leading and managing a telecalling team"", ""Call center daily operations management"", ""BFSI compliance and audit requirement handling""]","Hi, I saw the Call Centre Manager – Personal Loans role. I bring 4+ years building digital lending and personal loan platforms at Bajaj Finance, driving user acquisition and funnel optimization. Would love to connect.",Summary rewritten for this JD; 2 bullet(s) reworded to JD vocabulary (metrics preserved verbatim); Bullets reprioritized in: Product Manager,"The job description requires telecalling team management and call center operations experience, which is not present on the CV.","loans, calling, call, centre, responsible, tele, sales, disbursement, maintain, compliance, bfsi, standards","Job Summary The Call Centre Manager – Personal Loans is responsible for leading a tele calling team to drive personal loan sales, ensure high conversion and disbursement, and maintain compliance with BFSI standards and audit requirements. The role involves managing daily calling operations, motivating the team to achieve targets, and delivering an excellent customer experience Key Responsibilities:- ·Lead and manage a team of telecallers focused on sourcing and selling personal loans through ou…"
no,,,55,Technical product manager,Happiest Resume,"Bangalore, Karnataka",https://www.adzuna.in/details/5828880083?utm_medium=api&utm_source=195aa6d0,48,80,66,competitive,0.38,2/6,"feature definition, delivery coordination, mobile products, AI-enabled products","[{""need"": ""feature definition"", ""gain"": 5}, {""need"": ""delivery coordination"", ""gain"": 5}, {""need"": ""mobile products"", ""gain"": 5}, {""need"": ""AI-enabled products"", ""gain"": 5}, {""need"": ""acceptance criteria"", ""gain"": 3}]",,"{""skill_match"": 0.3718, ""experience_fit"": 0.85, ""domain"": 0, ""education"": 1.0, ""achievement"": 0.8571, ""trajectory"": 1.0}",adzuna,aggregator,1200000,1500000,2026-08-05T14:47:43Z,data/resumes/2026-08-05/Happiest_Resume_Technical_product_manager/Mehul_Agarwal.docx,data/resumes/2026-08-05/Happiest_Resume_Technical_product_manager/Mehul_Agarwal.pdf,"Product Manager with 4+ years building digital lending products in fintech, currently owning the Home Loan digital acquisition stack at Bajaj Finance. Experienced in defining product requirements, managing roadmaps, and collaborating cross-functional with engineering and design. Brings a track record of driving digital platform development and optimizing lead funnels across web and app.","[""• Own product strategy for Home Loan digital acquisition, translating business and credit-policy requirements into scalable lead-generation and qualification systems."", ""• Led development and management of digital platforms (app and web) for the Personal Loan product, growing user engagement 27% and user acquisition 14%."", ""• Wrote detailed product specifications and requirements in partnership with engineering teams to ensure aligned, on-time delivery."", ""• Led end-to-end implementation of AI-driven voice assist within PL forms to guide users and reduce drop-offs, leading to a ~3.5% increase in PL Form-1 submissions.""]","[{""original"": ""• Own product strategy for Home Loan digital acquisition, translating business and credit-policy requirements into scalable lead-generation and qualification systems."", ""rewritten"": ""• Own product strategy and feature definition for Home Loan digital acquisition, translating business and credit-policy requirements into scalable lead-generation systems.""}, {""original"": ""• Wrote detailed product specifications and requirements in partnership with engineering teams to ensure aligned, on-time delivery."", ""rewritten"": ""• Wrote detailed product specifications, workflows, and requirements in partnership with engineering teams to ensure aligned, executable delivery.""}, {""original"": ""• Map and optimize the end-to-end digital home loan funnel — from awareness and lead generation through login, sanction, and disbursal — identifying drop-off points and prioritizing fixes."", ""rewritten"": ""• Map and optimize end-to-end user journeys in the digital home loan funnel — from awareness and lead generation through login, sanction, and disbursal — identifying drop-off points and prioritizing fixes.""}]","[""feature definition"", ""mobile"", ""AI-enabled products"", ""user journeys""]","[""Product planning and feature definition"", ""Working with engineering, design, and business stakeholders"", ""Defining user journeys and requirements""]","[""Mobile products: CV mentions app platforms for Personal Loan and Microfinance, but the JD specifies mobile and AI-enabled products explicitly.""]","[""Explicit technical product manager title experience specifically named for mobile and AI-enabled product lines beyond the AI voice assist project""]","Hi, I saw the Technical Product Manager role at Happiest Resume and wanted to connect. I bring 4+ years of product management experience at Bajaj Finance, where I own digital acquisition stacks and have built AI-driven voice assist features. Would love to discuss how my background fits your team.",Summary rewritten for this JD; 3 bullet(s) reworded to JD vocabulary (metrics preserved verbatim),"The JD asks for a dedicated Technical Product Manager background for mobile and AI-enabled products, whereas the candidate's core domain is fintech digital lending and consumer platforms with some AI feature exposure.","feature, definition, coordination, mobile, aienabled, leadership, translate, vision, executable, plans, journeys, acceptance","Responsibilities 1. Own product planning, feature definition, roadmap creation, and delivery coordination for mobile and AIenabled products. 2. Work with leadership, engineering, design, QA, and business stakeholders to translate product vision into executable product plans. 3. Define user journeys, feature requirements, acceptance criteria, workflows, and product documentation. 4. Think from user, business, technology, delivery, and scalability perspectives while shaping product features. 5. D…"
no,,,55,Group Product Manager- GI Maxima,Abbott Laboratories,"Mumbai, Maharashtra",https://www.jobs.abbott/us/en/job/31157367/Group-Product-Manager-GI-Maxima?utm_campaign=google_jobs_apply&utm_source=google_jobs_apply&utm_medium=organic,38,30,72,competitive,0.48,2/4,"Marketing and sales strategy implementation, Sales forecasting and budgeting","[{""need"": ""Marketing and sales strategy implementation"", ""gain"": 5}, {""need"": ""Sales forecasting and budgeting"", ""gain"": 5}, {""need"": ""Monitor market trends"", ""gain"": 3}, {""need"": ""Consumer behavior analysis"", ""gain"": 3}, {""need"": ""Competitor activity analysis"", ""gain"": 3}]",,"{""skill_match"": 0.28, ""experience_fit"": 1.0, ""domain"": 0, ""education"": 1.0, ""achievement"": 0.8571, ""trajectory"": 1.0}",serpapi,aggregator,,,3 days ago,data/resumes/2026-08-05/Abbott_Laboratories_Group_Product_Manager_GI_Maxima/Mehul_Agarwal.docx,data/resumes/2026-08-05/Abbott_Laboratories_Group_Product_Manager_GI_Maxima/Mehul_Agarwal.pdf,"Product Manager with 4+ years of experience building digital lending products, driving market research, product development, and campaign strategies. Demonstrated success managing end-to-end product lifecycles, optimizing user funnels, and aligning cross-functional business and technical teams. Grounded in data analytics using tools like Google Analytics and CleverTap to monitor performance and evaluate user behavior.","[""• Led development and management of digital platforms (app and web) for the Personal Loan product, growing user engagement 27% and user acquisition 14%."", ""• Used Google Analytics and CleverTap to track user behaviour and KPIs, driving data-informed decisions that lifted conversion rates 23%."", ""• Map and optimize the end-to-end digital home loan funnel — from awareness and lead generation through login, sanction, and disbursal — identifying drop-off points and prioritizing fixes.""]","[{""original"": ""• Own product strategy for Home Loan digital acquisition, translating business and credit-policy requirements into scalable lead-generation and qualification systems."", ""rewritten"": ""• Manage product strategy for Home Loan digital acquisition, evaluating business and credit-policy requirements to implement scalable lead-generation and qualification systems.""}, {""original"": ""• Define requirements and drive execution of digital campaign infrastructure across search, social, and paid channels to generate high-quality home loan demand."", ""rewritten"": ""• Define requirements and oversee execution of digital advertising and campaign infrastructure across search, social, and paid channels to generate high-quality home loan demand.""}, {""original"": ""• Used Google Analytics and CleverTap to track user behaviour and KPIs, driving data-informed decisions that lifted conversion rates 23%."", ""rewritten"": ""• Monitor and analyze user behavior and KPIs using Google Analytics and CleverTap, driving data-informed decisions that lifted conversion rates 23%.""}, {""original"": ""• Performed in-depth market research for HOC's cloud kitchen operations; developed competitive pricing strategies and identified prime locations with high revenue potential."", ""rewritten"": ""• Conducted in-depth market research for HOC's cloud kitchen operations; set competitive pricing strategies and identified prime locations with high revenue potential.""}]","[""market research"", ""product development"", ""campaigns"", ""consumer behavior"", ""market trends""]","[""4+ years of experience"", ""Conduct market research"", ""Monitor consumer behavior and market trends"", ""Oversee product development and design""]","[""Prepare sales forecasts and budgets: CV shows performance marketing and campaign budget allocation in marketing/internship roles, but not full P&L sales forecasting for complex pharma products."", ""Liaise with production/R&D: CV shows cross-functional work with engineering, design, legal, business, and credit policy teams, but no direct pharma production or R&D liaising.""]","[""Pharmaceutical or GI (Gastrointestinal) product management experience"", ""Direct responsibility for setting prices and monitoring sales volume/revenues against sales forecasts for complex medical/pharma services""]","Hi, I am a Product Manager with 4+ years of experience leading digital platforms, market research, and campaign execution. My background includes driving user growth and analyzing consumer behavior with data tools. I would love to discuss how my product development and stakeholder management experience aligns with your team.",Summary rewritten for this JD; 4 bullet(s) reworded to JD vocabulary (metrics preserved verbatim); Bullets reprioritized in: Product Manager - Home Loan,"The job requires a pharmaceutical background with experience managing complex medical products, sales forecasting, and liaising with R&D and production, which the CV does not contain.","sales, monitor, product/service, main, implement, organization, products/services, meet, oversee, advertising, analyze, evaluate","MAIN PURPOSE OF THE ROLE

Implement a marketing and sales strategy for one or more of the organization's more complex, controversial, or strategically significant products/services in order to meet established sales or market share targets.



MAIN RESPONSIBILITIES

• Conduct market research, oversee product development and design, set prices, launch new products, oversee advertising campaigns, and monitor sales performance to effectively market assigned products/services.

• Monitor, analyze, and evaluate domestic and international market trends, consumer behavior and competitor activity to identify market opportunities for the product/service.

• Monitor, analyze, and evaluate product performance and customer feedback to generate new product ideas.

• Identify product/service changes to meet customer needs.

• Liaise with other areas of the organization (e.g., production, R&D) to implement these changes.

• Prepare sales forecasts and budgets.

• Monitor sales volume, revenues and costs against forecasts.

• Adapt plans to improve the sales performance of the product/service.

• Liaise with advertising and promotions specialists to design sales campaigns and sales collateral for the product/service that are effective and appropriate for the target audience.



QUALIFICATIONS

Education

Education Level

Major/Field of Study

or

Equivalent

Associates Degree (± 13 years)

Masters Degree (± 18 years)

in Engineering



Experience/Background

Experience

Experience Details

Minimum 4 years"
no,,,53,Program Manager,Happiest Resume,"Bangalore, Karnataka",https://www.adzuna.in/details/5828882205?utm_medium=api&utm_source=195aa6d0,38,62,47,borderline,0.19,0/3,"Program management, Sales enablement, Cross-functional operations","[{""need"": ""Program management"", ""gain"": 6}, {""need"": ""Sales enablement"", ""gain"": 6}, {""need"": ""Cross-functional operations"", ""gain"": 6}, {""need"": ""Sales effectiveness"", ""gain"": 2}, {""need"": ""Growth programs"", ""gain"": 2}]",,"{""skill_match"": 0.2727, ""experience_fit"": 0.85, ""domain"": 0, ""education"": 1.0, ""achievement"": 1, ""trajectory"": 1.0}",adzuna,aggregator,30000,1000000,2026-08-05T14:48:31Z,data/resumes/2026-08-05/Happiest_Resume_Program_Manager/Mehul_Agarwal.docx,data/resumes/2026-08-05/Happiest_Resume_Program_Manager/Mehul_Agarwal.pdf,"Product Manager with 4+ years building digital lending products, driving high-impact product roadmaps, lead generation, and partner integrations at Bajaj Finance. Proven track record of cross-functional execution, stakeholder management, and delivering complex digital platforms from strategy to deployment. Grounded in data and agile execution, operating across strategic and tactical layers to scale acquisition stacks and optimize funnel performance.","[""Served as primary liaison between technical and business stakeholders, driving alignment on requirements and project status throughout the delivery lifecycle."", ""Owned end-to-end delivery — from concept and design through development, testing, deployment, and post-launch support — ensuring seamless product releases."", ""Led product requirements for strategic NBFC and financial-institution partnerships, designing lead-exchange and commission workflows with legal, business, and tech teams.""]","[{""original"": ""Own product strategy for Home Loan digital acquisition, translating business and credit-policy requirements into scalable lead-generation and qualification systems."", ""rewritten"": ""Own product strategy for Home Loan digital acquisition, executing cross-functional initiatives to translate business and credit-policy requirements into scalable lead-generation and qualification systems.""}, {""original"": ""Served as primary liaison between technical and business stakeholders, driving alignment on requirements and project status throughout the delivery lifecycle."", ""rewritten"": ""Served as primary liaison between technical and cross-functional stakeholders, driving alignment on execution and project status throughout the delivery lifecycle.""}, {""original"": ""Owned end-to-end delivery — from concept and design through development, testing, deployment, and post-launch support — ensuring seamless product releases."", ""rewritten"": ""Owned end-to-end execution and delivery — from concept and design through development, testing, deployment, and post-launch support — ensuring seamless cross-functional product releases.""}]","[""cross-functional"", ""execution"", ""initiatives""]","[""Cross-functional operations and stakeholder management"", ""Strategy to delivery execution of products and initiatives""]","[""Growth programs and business transformation: The candidate has digital platform growth and acquisition experience, but lacks direct 'sales effectiveness and business transformation' program management experience.""]","[""Direct sales management or sales enablement program leadership""]","Hi, I lead digital acquisition platforms at Bajaj Finance, driving cross-functional product delivery from strategy to execution. My experience aligning technical and business stakeholders matches your Program Manager role. Let's connect!",Summary rewritten for this JD; 3 bullet(s) reworded to JD vocabulary (metrics preserved verbatim); Bullets reprioritized in: Product Manager - Home Loan,"The JD asks for direct experience in sales effectiveness, enablement, and business transformation programs, which is not present in the candidate's digital lending product management background.","sales, program, programs, seeking, execution-focused, high-impact, initiatives, cross-functional, effectiveness, transformation, organizational, goals","We are seeking a strategic and execution-focused Program Manager to lead high-impact initiatives across sales, business development, and cross-functional operations. This role will drive sales effectiveness, growth programs, and business transformation aligned with organizational goals. The ideal candidate will have a proven track record of designing and executing business and sales programs from strategy to delivery, with a focus on sales enablement, growth, and innovation. The Program Manager…"
no,,,52,Product Manager ( Data Platforms),meesho,"Bangalore, Karnataka",https://jobs.lever.co/meesho/3279b339-aad6-4522-80d4-2587693651cb,43,47,41,borderline,0.14,0/0,,"[{""need"": ""Experimentation"", ""gain"": 5}, {""need"": ""Segmentation"", ""gain"": 5}, {""need"": ""Payouts"", ""gain"": 5}, {""need"": ""Security"", ""gain"": 5}, {""need"": ""Reporting"", ""gain"": 5}]",,"{""skill_match"": 0.25, ""experience_fit"": 0.85, ""domain"": 0, ""education"": 1.0, ""achievement"": 1, ""trajectory"": 1.0}",lever,direct,,,1757928326734,data/resumes/2026-08-05/meesho_Product_Manager_Data_Platforms/Mehul_Agarwal.docx,data/resumes/2026-08-05/meesho_Product_Manager_Data_Platforms/Mehul_Agarwal.pdf,"Product Manager with 4+ years of experience building scalable platforms, data acquisition rules engines, and internal infrastructure at Bajaj Finance. Proven track record of collaborating across business, analytics, and engineering to deliver tools that enhance productivity and drive data-informed decisions. Strong background in translating complex technical requirements into high-impact digital products.","[""Design and ship the MCP (Minimum Credit Parameters) Master and Lead Allocation Master — a rules engine that pre-qualifies leads and routes them to the right lending partner based on credit profile, eligibility, and business rules."", ""Led development and management of digital platforms (app and web) for the Personal Loan product, growing user engagement 27% and user acquisition 14%."", ""Served as primary liaison between technical and business stakeholders, driving alignment on requirements and project status throughout the delivery lifecycle.""]","[{""original"": ""• Own product strategy for Home Loan digital acquisition, translating business and credit-policy requirements into scalable lead-generation and qualification systems."", ""rewritten"": ""• Own product strategy for Home Loan digital acquisition, translating cross-functional business requirements into scalable platforms and qualification systems.""}, {""original"": ""• Served as primary liaison between technical and business stakeholders, driving alignment on requirements and project status throughout the delivery lifecycle."", ""rewritten"": ""• Served as primary liaison between engineering, analytics, and business stakeholders, driving alignment on product requirements throughout the delivery lifecycle.""}, {""original"": ""• Wrote detailed product specifications and requirements in partnership with engineering teams to ensure aligned, on-time delivery."", ""rewritten"": ""• Wrote detailed product specifications and requirements in partnership with engineering teams to accelerate development cycles and ensure on-time delivery.""}, {""original"": ""• Used Google Analytics and CleverTap to track user behaviour and KPIs, driving data-informed decisions that lifted conversion rates 23%."", ""rewritten"": ""• Used analytics tools to track user behavior and KPIs, empowering cross-functional teams to make data-driven decisions that lifted conversion rates 23%.""}]","[""cross-functional collaboration"", ""data-driven decisions"", ""platforms"", ""scalability""]","[""Building scalable platforms and tools"", ""Enabling cross-functional collaboration with engineering, analytics, and business"", ""Driving initiatives independently in dynamic environments""]","[""Data acquisition and analytics tools: CV has experience with lead generation systems and analytics tools (Google Analytics, Looker Studio), but lacks direct experience building core data platform infrastructure for data science teams.""]","[""Direct experience working within a dedicated platform product team at an e-commerce or marketplace company like Meesho.""]","Hi, I'm a Product Manager with 4+ years of experience building scalable platforms, rules engines, and data-informed digital products at Bajaj Finance. I'd love to bring my expertise in cross-functional collaboration and platform development to the Platform Product team at Meesho.",Summary rewritten for this JD; 4 bullet(s) reworded to JD vocabulary (metrics preserved verbatim); Bullets reprioritized in: Product Manager - Home Loan,"The CV does not demonstrate direct experience working within a dedicated platform product team focused on internal data platforms, segmentation, and reporting infrastructure for data science teams.","meesho, functions, title, location, bangalore, backbone, ecosystem, empowering, science, enable, make, data-driven","Job title - Product Manager - Platforms
Location - Bangalore                                                                                                            
About the Team : The Platform Product team at Meesho is the backbone of our product ecosystem, empowering functions across product, business, analytics, tech, and data science. By building scalable platforms and tools, we enable teams to make data-driven decisions, accelerate development cycles, and enhance productivity. Our key focus areas include Data Acquisition, Analytics Tools, Experimentation, Segmentation, Payouts,  Security, Reporting and so on, which support critical functions of Meesho
About the Role : As a Platform Product Manager, you will own and drive one or more product charters within the Platform Product charter. Your role will be pivotal in enabling Meesho’s growth by ensuring seamless cross-functional collaboration and delivering impactful technical solutions. You will work closely with product managers, engineers, analysts, and data scientists across the organisation to turn complex ideas into actionable products.We’re looking for strategic thinkers passionate about building platforms that solve large-scale challenges. We want to hear from you if you are a self-starter, excel in driving initiatives independently, and thrive in dynamic environments."
no,,,52,Project Manager (A&D),Avistrat,"Bangalore, Karnataka",https://www.adzuna.in/land/ad/5827735784?se=TqcyfsGQ8RG_2t8OCQTK4g&utm_medium=api&utm_source=195aa6d0&v=B3E34A045AB778CF0AF7797B1AC17B5E913D002D,36,42,36,borderline,0.08,0/0,,"[{""need"": ""avistrat"", ""gain"": 2}, {""need"": ""engineering capability"", ""gain"": 2}, {""need"": ""capability partner"", ""gain"": 2}, {""need"": ""dynamic indian"", ""gain"": 2}, {""need"": ""indian aerospace"", ""gain"": 2}]",,"{""skill_match"": 0.2898, ""experience_fit"": 0.85, ""domain"": 0, ""education"": 1.0, ""achievement"": 0.8571, ""trajectory"": 1.0}",adzuna,aggregator,,,2026-08-04T17:44:53Z,data/resumes/2026-08-05/Avistrat_Project_Manager_A_D/Mehul_Agarwal.docx,data/resumes/2026-08-05/Avistrat_Project_Manager_A_D/Mehul_Agarwal.pdf,"Product Manager with 4+ years building digital lending products in fintech, currently owning the Home Loan digital acquisition stack at Bajaj Finance. Brings deep experience in cross-functional stakeholder management, shaping product roadmaps, and driving execution from concept to post-launch iteration. Grounded in data, uses analytics to validate decisions, optimize funnels, and prioritize product delivery.","[""Served as primary liaison between technical and business stakeholders, driving alignment on requirements and project status throughout the delivery lifecycle."", ""Wrote detailed product specifications and requirements in partnership with engineering teams to ensure aligned, on-time delivery."", ""Owned end-to-end delivery — from concept and design through development, testing, deployment, and post-launch support — ensuring seamless product releases.""]","[{""original"": ""Served as primary liaison between technical and business stakeholders, driving alignment on requirements and project status throughout the delivery lifecycle."", ""rewritten"": ""Collaborated as primary liaison between technical and business stakeholders, driving alignment on requirements and project status throughout the delivery lifecycle.""}, {""original"": ""Owned end-to-end delivery — from concept and design through development, testing, deployment, and post-launch support — ensuring seamless product releases."", ""rewritten"": ""Enabled cross-functional delivery — from concept and design through development, testing, deployment, and post-launch support — ensuring seamless product releases.""}]","[""Stakeholder Management"", ""Agile/Scrum"", ""SDLC""]","[""Cross-functional stakeholder collaboration and project execution"", ""End-to-end project and delivery management"", ""Working with engineering and design teams""]","[""Project management experience is strong in fintech/digital lending product delivery, but lacks the specific aerospace engineering or design capability partner industry background mentioned in the Avistrat posting.""]","[""Aerospace sector experience"", ""Engineering design capability partnering"", ""Work with startups and academia in engineering sectors""]","Hi, I saw Avistrat is recruiting for a Project Manager. With 4+ years leading end-to-end product delivery and cross-functional teams at Bajaj Finance, I bring strong project execution skills.",Summary rewritten for this JD; 2 bullet(s) reworded to JD vocabulary (metrics preserved verbatim); Bullets reprioritized in: Product Manager,The CV lacks any background in the aerospace sector or engineering design capability partnerships.,"avistrat, aerospace, companies, capability, dynamic, indian, sector, collaborate, startups, academia, enable, engineers","Avistrat is a design engineering capability partner of the dynamic Indian aerospace sector. We collaborate with aerospace companies, startups, and academia to enable engineers to actively contribute to all stages of design, from concept to detailed design, right from day one. We work in various models with companies. This search is part of our capacity building service wherein we are supporting our client in recruiting the right talent with the desired skill sets. This role is not with Avistrat…"
no,,,51,Require a Senior Performance Marketing Manager in Mumbai,TestHiring,"M A Marg, Mumbai",https://www.adzuna.in/details/5828376103?utm_medium=api&utm_source=195aa6d0,40,67,49,borderline,0.29,1/5,"paid media channels, performance across Meta, Google, and emerging platforms, customer acquisition and retention, data insights and analytics","[{""need"": ""paid media channels"", ""gain"": 5}, {""need"": ""performance across Meta, Google, and emerging platforms"", ""gain"": 5}, {""need"": ""customer acquisition and retention"", ""gain"": 5}, {""need"": ""data insights and analytics"", ""gain"": 5}, {""need"": ""cross-functional collaboration"", ""gain"": 3}]",,"{""skill_match"": 0.225, ""experience_fit"": 0.85, ""domain"": 0, ""education"": 1.0, ""achievement"": 1, ""trajectory"": 1.0}",adzuna,aggregator,,,2026-08-05T04:54:07Z,data/resumes/2026-08-05/TestHiring_Require_a_Senior_Performance_Marketing_M/Mehul_Agarwal.docx,data/resumes/2026-08-05/TestHiring_Require_a_Senior_Performance_Marketing_M/Mehul_Agarwal.pdf,"Product Manager with 4+ years of fintech experience specializing in digital acquisition and performance marketing campaigns across search, social, and paid channels. Brings strong data analytics expertise using Google Analytics, CleverTap, and Looker Studio to optimize lead funnels and acquisition ROI. Background includes managing digital marketing campaigns and acquisition funnels to drive user growth.","[""Define requirements and drive execution of digital campaign infrastructure across search, social, and paid channels to generate high-quality home loan demand."", ""Managed Instagram Ads and Facebook Ads campaigns, optimizing ad copy and targeting to reduce cost-per-click by 58% and increase ROI by 35%."", ""Used Google Analytics and CleverTap to track user behaviour and KPIs, driving data-informed decisions that lifted conversion rates 23%.""]","[{""original"": ""Managed Instagram Ads and Facebook Ads campaigns, optimizing ad copy and targeting to reduce cost-per-click by 58% and increase ROI by 35%."", ""rewritten"": ""Managed paid media campaigns including Instagram and Facebook Ads, optimizing ad copy and targeting to reduce cost-per-click by 58% and increase ROI by 35%.""}, {""original"": ""Define requirements and drive execution of digital campaign infrastructure across search, social, and paid channels to generate high-quality home loan demand."", ""rewritten"": ""Define requirements and drive the execution of paid media campaign infrastructure across search, social, and paid channels to focus on customer acquisition and high-quality home loan demand.""}]","[""Facebook/Google Ads"", ""Performance Marketing"", ""Lead Funnel Optimisation""]","[""Experience optimizing campaigns across social and paid channels like Facebook/Google Ads"", ""Data-driven analysis of campaign performance to refine strategy"", ""Cross-functional collaboration to align strategy with business goals""]","[""Paid media channels: CV lists Facebook/Google Ads and Instagram Ads, but lacks broader emerging platform experience mentioned in JD"", ""Campaign optimization: CV demonstrates performance marketing and ad campaign optimization, but does not explicitly mention building and scaling an in-house media engine""]","[""Senior Performance Marketing Manager title and specific focus on customer retention management"", ""Advanced attribution models experience"", ""Building and scaling an in-house media engine to reduce agency dependency""]","Hi, saw your Senior Performance Marketing Manager opening. At Bajaj Finance, I drive paid digital campaign infrastructure and optimization across channels. My background includes cutting cost-per-click by 58% and scaling acquisition funnels. Let's connect!",Summary rewritten for this JD; 2 bullet(s) reworded to JD vocabulary (metrics preserved verbatim); Bullets reprioritized in: Product Manager; Skill groups reordered (Domain & Growth first),"The job requires a dedicated Senior Performance Marketing Manager focused on customer retention and in-house media engine scaling, whereas the candidate's background is primarily in product management and digital lending platforms.","media, meta, emerging, execute, high-roi, focused, customer, retention, build, scale, in-house, agency","Own end-to-end performance across all paid media channels, including Meta, Google, and emerging platforms Design, execute, and optimize high-ROI campaigns focused on customer acquisition and retention Build and scale an in-house media engine to reduce agency dependency and improve campaign agility Analyze campaign performance using advanced attribution models and data insights to refine strategy Collaborate cross-functionally to align media strategy with broader business goals and product launc…"
no,,,49,Agency Growth Manager,Happiest Resume,"Mumbai, Maharashtra",https://www.adzuna.in/details/5828881849?utm_medium=api&utm_source=195aa6d0,46,41,34,weak,0.14,0/0,,"[{""need"": ""agency growth manager"", ""gain"": 2}, {""need"": ""west"", ""gain"": 2}, {""need"": ""south markets"", ""gain"": 2}, {""need"": ""ideal"", ""gain"": 2}, {""need"": ""media"", ""gain"": 2}]",,"{""skill_match"": 0.1842, ""experience_fit"": 0.85, ""domain"": 0, ""education"": 1.0, ""achievement"": 1, ""trajectory"": 1.0}",adzuna,aggregator,1400000,1800000,2026-08-05T14:48:23Z,,,,[],[],[],[],[],[],,,,"agency, seeking, experienced, west, south, markets, ideal, understanding, media, creative, services, models","We are seeking an experienced Agency Growth Manager to lead business growth in the West and South markets. The ideal candidate will have a strong understanding of digital marketing, performance marketing, media, creative services, and agency business models. This is a unique opportunity to build relationships with marketing decision-makers, create qualified opportunities, and contribute to business growth. The role is not traditional sales or telecalling, and the candidate should be comfortable…"
no,,,49,"Program Manager I, Line Haul Planning Team",Amazon.com,"Bengaluru, Karnataka",https://bebee.com/in/jobs/program-manager-i-line-haul-planning-team-amazoncom-bengaluru-karnataka--t7xk-788077053?utm_campaign=google_jobs_apply&utm_source=google_jobs_apply&utm_medium=organic,36,38,28,weak,0.05,0/0,,"[{""need"": ""program manager"", ""gain"": 2}, {""need"": ""line haul planning"", ""gain"": 2}, {""need"": ""description"", ""gain"": 2}, {""need"": ""take ownership"", ""gain"": 2}, {""need"": ""high-impact initiatives"", ""gain"": 2}]",,"{""skill_match"": 0.1014, ""experience_fit"": 1.0, ""domain"": 0, ""education"": 1.0, ""achievement"": 1, ""trajectory"": 1.0}",serpapi,aggregator,,,1 day ago,,,,[],[],[],[],[],[],,,,"initiatives, program, network, metrics, plans, take, execute, programs, complex, processes, cost, projects","DESCRIPTION
We're seeking a Program Manager to join our team and take ownership of high-impact initiatives that span product development, program execution and network performance. You'll work with a broad spectrum of stakeholders to execute programs that matter—simplifying complex processes, improving planning metrics, and driving cost efficiencies.
In this role, you'll apply your problem-solving skills and collaborative approach to tackle challenging projects that require creativity and innovation. You'll closely work with product teams, technical leaders, and operations partners to deliver measurable results. If you thrive in environments where you can take initiative, make things happen, and continuously find better ways of working, this is your opportunity to make a significant impact.
Key job responsibilities
1)Transform raw ideas into clear project documentation including project charters, statements of work, responsibility matrices, and implementation plans that drive alignment across stakeholders
2)Execute strategic programs and initiatives by establishing milestones, assigning responsibilities, and developing launch schedules to ensure timely delivery while identifying and resolving roadblocks


3)Collaborate with product teams on technical initiatives and operations teams to improve network performance, working backward from customer needs to define requirements and incorporate stakeholder context into project plans


4)Drive process improvements by analyzing data patterns, distinguishing between important and urgent priorities, and implementing solutions that simplify workflows and reduce costs


5)Monitor project health through success metrics and status reporting, ensuring the right information reaches the right audience at the right time while managing stakeholder communications and expectations A day in the life


You'll start your day collaborating with product teams on technical initiatives, diving into metrics to identify improvement opportunities"
no,,,48,Alliance & Partnership Manager,Vellstone,"Mumbai, Maharashtra",https://www.adzuna.in/land/ad/5827736038?se=_tbJZsGQ8RGVUs7AWUa7_A&utm_medium=api&utm_source=195aa6d0&v=B61DCBB5E0259E8FA7BCA25DE2733986950C46EB,38,35,34,weak,0.18,0/0,,"[{""need"": ""senior manager"", ""gain"": 2}, {""need"": ""manager alliances"", ""gain"": 2}, {""need"": ""nurturing"", ""gain"": 2}, {""need"": ""scaling existing"", ""gain"": 2}, {""need"": ""existing high-value"", ""gain"": 2}]",,"{""skill_match"": 0.0741, ""experience_fit"": 1.0, ""domain"": 0, ""education"": 1.0, ""achievement"": 1, ""trajectory"": 1.0}",adzuna,aggregator,,,2026-08-04T17:45:39Z,,,,[],[],[],[],[],[],,,,"alliances, title, location, postgraduate, degree, schedule, week, hiring, high-growth, saas, helps, organizations","Job Title: Alliances & Partnerships - Manager Location: Mumbai Experience: 4 to 6 years Qualification: Postgraduate degree / MBA preferred Work Schedule: 5-day work week We’re hiring a Alliances & Partnerships - Manager for a high-growth a SaaS platform that helps organizations manage compliance and governance. As the Senior Manager- Alliances & Partnerships, your responsibilities would be: Nurturing and scaling existing high-value alliances including the Big 4, ICSI, BCAS, and other key partne…"
no,,,48,Business Devolpment & Growth Manager,DMS DESIGNS,"Bengaluru, Karnataka",https://cutshort.io/job/Business-Devolpment-Growth-Manager-Bengaluru-Bangalore-DMS-DESIGNS-2Rhb0eng?utm_campaign=google_jobs_apply&utm_source=google_jobs_apply&utm_medium=organic,25,24,24,weak,0.02,0/0,,"[{""need"": ""business devolpment"", ""gain"": 1}, {""need"": ""devolpment growth"", ""gain"": 1}, {""need"": ""bengaluru"", ""gain"": 1}, {""need"": ""on-site"", ""gain"": 1}, {""need"": ""hybrid"", ""gain"": 1}]",,"{""skill_match"": 0.1548, ""experience_fit"": 0.85, ""domain"": 0, ""education"": 1.0, ""achievement"": 1, ""trajectory"": 1.0}",serpapi,aggregator,,,,,,,[],[],[],[],[],[],,,,"client, offline, sales, exhibitions, travel, lifestyle, fmcg, visits, structured, location, designs, apparel","Position: Business Development & Growth Manager

Location: Bengaluru (On-site / Hybrid with frequent travel)

Experience: 1- 3 years

For quicker shortlisting Fill out this form - https://forms.gle/qwDF1tdUyLbGkEQ46

About DMS Designs

DMS Designs is a Bengaluru-based full-service creative branding & marketing agency.

We specialize in fashion and lifestyle brands and are expanding into real-estate, apparel, FMCG, SaaS and more. With a stronghold in multiple cities across India and growing global clientele, we combine strategy, storytelling, and execution to deliver measurable growth.

We are looking for a dynamic BDM + Growth Generalist who can handle sales, client servicing, marketing support, and direct offline pitching.

Role Objective

To drive client acquisition and revenue growth by combining offline relationship-building (store visits, exhibitions, events) with structured business development (proposals, decks, follow-ups).

Key Responsibilities

Generate & close leads in jewellery + other industries.Conduct offline pitches at stores, exhibitions and/or client offices.Build and maintain a structured sales pipeline in CRM.Create & deliver tailored proposals with founders.Assist in drafting case studies, pitch decks, and client-facing content.Support WhatsApp/Email/LinkedIn campaigns for lead follow-up.Contribute to DMS’s visibility by preparing business content for social platforms.Sit in on onboarding meetings and ensure smooth client handovers.Identify new verticals: apparel, FMCG, lifestyle, SaaS.Build structured prospect lists for both online & offline targeting.Desired Skills & Qualities

Offline sales experience: exhibitions, store visits, client pitches.Strong networking & relationship-building abilities.Confident communicator (English + Telugu/Tamil/Kannada/Hindi preferred).Consultative selling approach with a strong closing mindset.Comfortable with travel for client meetings/exhibitions.Startup mindset: proactive, hands-on, flexible.Familiarity with "
no,,,47,Technology Product Manager AI & Data Strategy,Citi,Pune Maharashtra India,https://citi.wd5.myworkdayjobs.com/en-US/2/job/Pune-Maharashtra-India/Technology-Product-Manager-AI---Data-Strategy_26971338,32,26,68,competitive,0.68,1/8,"Solid Experience with Data pipelines, virtualization, analytics, Automation and management, process re-engineering and AI-led transformation projects, Ability to Represent customer needs to guide product development features, functionality, and overall competitiveness, Strong understanding of Finance processes and data flows, record to report, Accounting, reconciliation, regulatory reporting and close process, Familiarity with Financial products and asset classes, Strong working knowledge of Agentic AI/ML, LLM, A2A concepts, Ability to critically assess where AI adds value vs traditional rule-based automation, Strong experience and background with Data analysis, management and automation","[{""need"": ""Solid Experience with Data pipelines, virtualization, analytics, Automation and management, process re-engineering and AI-led transformation projects"", ""gain"": 3}, {""need"": ""Ability to Represent customer needs to guide product development features, functionality, and overall competitiveness"", ""gain"": 3}, {""need"": ""Strong understanding of Finance processes and data flows, record to report, Accounting, reconciliation, regulatory reporting and close process"", ""gain"": 3}, {""need"": ""Familiarity with Financial products and asset classes"", ""gain"": 3}, {""need"": ""Strong working knowledge of Agentic AI/ML, LLM, A2A concepts"", ""gain"": 3}]",,"{""skill_match"": 0.2542, ""experience_fit"": 0.6, ""domain"": 0, ""education"": 1.0, ""achievement"": 1, ""trajectory"": 1.0}",workday,direct,,,Posted 30+ Days Ago,data/resumes/2026-08-05/Citi_Technology_Product_Manager_AI_Data_Strat/Mehul_Agarwal.docx,data/resumes/2026-08-05/Citi_Technology_Product_Manager_AI_Data_Strat/Mehul_Agarwal.pdf,"Product Manager with 4+ years building digital lending products in fintech, currently owning the Home Loan digital acquisition stack and credit eligibility rules at Bajaj Finance. Experienced in stakeholder management, backlog grooming, and sprint planning with engineering and design teams across complex product lifecycles. Grounded in data analytics using Google Analytics, CleverTap, and Looker Studio to validate decisions, optimize funnels, and prioritize product roadmaps. Holds an MBA in Marketing & Strategy from the Delhi School of Economics and a B.Tech.","[""• Own product strategy for Home Loan digital acquisition, translating business and credit-policy requirements into scalable lead-generation and qualification systems."", ""• Design and ship the MCP (Minimum Credit Parameters) Master and Lead Allocation Master — a rules engine that pre-qualifies leads and routes them to the right lending partner based on credit profile, eligibility, and business rules."", ""• Map and optimize the end-to-end digital home loan funnel — from awareness and lead generation through login, sanction, and disbursal — identifying drop-off points and prioritizing fixes.""]","[{""original"": ""• Served as primary liaison between technical and business stakeholders, driving alignment on requirements and project status throughout the delivery lifecycle."", ""rewritten"": ""• Served as primary liaison between technical and business stakeholders, driving cross-functional collaboration and alignment on requirements and project status throughout the delivery lifecycle.""}, {""original"": ""• Wrote detailed product specifications and requirements in partnership with engineering teams to ensure aligned, on-time delivery."", ""rewritten"": ""• Wrote detailed product specifications and requirements in partnership with engineering teams to ensure aligned, on-time delivery and iterative product delivery.""}, {""original"": ""• Used Google Analytics and CleverTap to track user behaviour and KPIs, driving data-informed decisions that lifted conversion rates 23%."", ""rewritten"": ""• Used Google Analytics and CleverTap to track user behaviour and KPIs, drawing meaningful insights and driving data-informed decisions that lifted conversion rates 23%.""}, {""original"": ""• Led development and management of digital platforms (app and web) for the Personal Loan product, growing user engagement 27% and user acquisition 14%."", ""rewritten"": ""• Led development and management of digital platforms (app and web) for the Personal Loan product, driving product delivery and client experience while growing user engagement 27% and user acquisition 14%.""}]","[""Product Management"", ""Stakeholder Management"", ""Agile"", ""Data Analysis"", ""Product Roadmap"", ""Process Optimization""]","[""Product roadmap ownership and backlog management"", ""Agile environment execution (Scrum)"", ""Cross-functional collaboration with business and technology stakeholders"", ""Data analysis to document requirements and drive decisions""]","[""AI and automation capabilities: CV shows AI voice assist and Next Best Product engine / MCP rules engine, but lacks full 8+ years of experience in AI/ML systems"", ""Finance domain experience: CV is in fintech/digital lending, but lacks direct experience in traditional banking core finance operations like general ledger, record-to-report, or regulatory reporting for a bank""]","[""8+ years of product management experience (CV shows 4+ years)"", ""Direct experience with core bank finance processes, GL, reconciliation, and regulatory reporting"", ""Advanced hands-on SQL and Python engineering skills""]","Hi, I lead digital acquisition and rules engine products at Bajaj Finance, owning roadmaps and cross-functional delivery across credit policy and tech. I noticed your team focuses on scalable automation and data-driven product strategies. Would love to connect regarding this role.",Summary rewritten for this JD; 4 bullet(s) reworded to JD vocabulary (metrics preserved verbatim); Bullets reprioritized in: Product Manager - Home Loan,"The JD mandates 8+ years of product management experience and deep background in bank finance processes like record-to-report and reconciliation, whereas the CV shows 4+ years of experience in fintech digital lending.","citi, transformation, automation, processes, integration, risk, communication, and/or, financial, bank, regulatory, problems","Job Overview: Finance Technology at Citi is a catalyst for technology and process transformation, enabling Finance teams to replace manual, non-compliant workflows with scalable, automated, and simplified systems and processes across the bank. ​ Driving Innovation, efficiency and scalability through automation and Integration, these solutions enable Citi to comply with regulatory mandates and empower our businesses to achieve their goals, both current and long-term. As part of Finance technology, our products and initiatives adhere to Citi’s strategic architecture principles and support the end-to-end integration of multiple global functions within the bank including Finance, Risk, Treasury and Tax. About the Role: The Technology Product Management Analyst is a strategic professional who owns defining our overarching product strategy, spearheading business engagement and transformation and contributing to directional strategy for AI, integration and automation capabilities. It is a Techno-functional hands-on role with experience building products that solve real and pressing problems in highly complex and regulated environments. Key responsibility will be to define Product vision, strategy and roadmap, develop solution proposals, business cases, solution design and tactics in engagement with Business and Technology stakeholders. This role will be responsible for leading business process redesign, map existing and to-be processes for operational optimization, digital transformation initiatives. With Data at the heart of everything we do, this role will require strong data analytical skills, tracing lineage of data, and developing conceptual and logical data models. The role is expected to drive cross-functional collaboration and effective communication with business and technology partners, to guide, influence and convince others and lay the direction for Product development. Responsibilities: Ownership of the Product backlog and roadmap, strategy, outlining the visi"
no,,,47,Senior Product Manager - AI,GE Vernova,"Bangalore, Karnataka",https://www.adzuna.in/details/5828765950?utm_medium=api&utm_source=195aa6d0,46,52,34,weak,0.22,0/2,"GenAI product development, Cross-functional product execution","[{""need"": ""GenAI product development"", ""gain"": 12}, {""need"": ""Cross-functional product execution"", ""gain"": 12}, {""need"": ""GenAI"", ""gain"": 6}]",,"{""skill_match"": 0.1592, ""experience_fit"": 0.85, ""domain"": 0, ""education"": 1.0, ""achievement"": 0.8571, ""trajectory"": 1.0}",adzuna,aggregator,,,2026-08-05T10:55:24Z,data/resumes/2026-08-05/GE_Vernova_Senior_Product_Manager_AI/Mehul_Agarwal.docx,data/resumes/2026-08-05/GE_Vernova_Senior_Product_Manager_AI/Mehul_Agarwal.pdf,"Product Manager with 4+ years building digital lending products in fintech, currently owning the Home Loan digital acquisition stack at Bajaj Finance. Brings experience in translating business requirements into scalable digital systems and working on consumer AI features like GYDE AI Voice Assist. Grounded in data, uses analytics tools to validate decisions and prioritize product roadmaps across the delivery lifecycle.","[""Led end-to-end implementation of AI-driven voice assist within PL forms to guide users and reduce drop-offs, leading to a ~3.5% increase in PL Form-1 submissions."", ""Own product strategy for Home Loan digital acquisition, translating business and credit-policy requirements into scalable lead-generation and qualification systems."", ""Design and ship the MCP (Minimum Credit Parameters) Master and Lead Allocation Master — a rules engine that pre-qualifies leads and routes them to the right lending partner based on credit profile, eligibility, and business rules.""]","[{""original"": ""Led end-to-end implementation of AI-driven voice assist within PL forms to guide users and reduce drop-offs, leading to a ~3.5% increase in PL Form-1 submissions."", ""rewritten"": ""Led end-to-end implementation of AI-driven voice assist within PL forms to transform the user experience and reduce drop-offs, leading to a ~3.5% increase in PL Form-1 submissions.""}, {""original"": ""Own product strategy for Home Loan digital acquisition, translating business and credit-policy requirements into scalable lead-generation and qualification systems."", ""rewritten"": ""Own product strategy for Home Loan digital acquisition, building out digital products and translating business requirements to transform business processes.""}]","[""Product Management"", ""Product Road-mapping"", ""Agile/Scrum"", ""Stakeholder Management""]","[""Product Management and roadmap ownership"", ""Cross-functional collaboration with engineering and business stakeholders""]","[""AI-driven product experience: CV shows implementation of AI-driven voice assist for personal loans, but does not show enterprise-wide GenAI portfolio products as requested by the JD.""]","[""GenAI product portfolio management experience at an enterprise level"", ""Working specifically within GE Vernova or energy/industrial technology sectors""]","Hi, I lead digital acquisition and AI-driven feature products at Bajaj Finance, including implementing AI voice assist to optimize user funnels. I'd love to bring my product management and execution experience to GE Vernova's AI product team.",Summary rewritten for this JD; 1 bullet(s) reworded to JD vocabulary (metrics preserved verbatim); Bullets reprioritized in: Product Manager - Home Loan,"The JD asks for dedicated GenAI portfolio product management experience, whereas the candidate's background is in fintech digital lending with a single AI feature implementation.","genai, vernova, description, plays, crucial, genai-powered, transform, processes, essential, mission, pioneering, innovation","Job Description Summary The Product Manager for GenAI at GE Vernova plays a crucial role in the development and execution of GenAI-powered products that transform business processes. This role is essential to our mission of pioneering AI-driven innovation and enhancing user experiences across the enterprise. The Product Manager will work with across GE Vernova and with the GenAI Portfolio Manager to identify, prioritize and build out GenAI products. These products (several) focus on delivering …"
no,,,47,Product Owner,HealthEdge,"Bangalore, Karnataka",https://www.adzuna.in/details/5800776856?utm_medium=api&utm_source=195aa6d0,40,59,34,weak,0.22,0/2,"healthcare domain knowledge, Agile processes","[{""need"": ""healthcare domain knowledge"", ""gain"": 12}, {""need"": ""Agile processes"", ""gain"": 12}, {""need"": ""working closely with engineering teams"", ""gain"": 6}]",,"{""skill_match"": 0.15, ""experience_fit"": 0.85, ""domain"": 0, ""education"": 1.0, ""achievement"": 0.8571, ""trajectory"": 1.0}",adzuna,aggregator,,,2026-07-15T10:28:28Z,data/resumes/2026-08-05/HealthEdge_Product_Owner/Mehul_Agarwal.docx,data/resumes/2026-08-05/HealthEdge_Product_Owner/Mehul_Agarwal.pdf,"Product Manager with 4+ years building digital lending products in fintech, currently owning the Home Loan digital acquisition stack at Bajaj Finance. Experienced in translating business requirements into clear, actionable user stories and working closely with engineering teams in Agile/Scrum environments. Previously owned the Personal Loan digital platform end-to-end, managing sprint planning, backlog grooming, and specs with Engineering and Design. Grounded in data, uses Google Analytics, CleverTap, and Looker Studio to validate decisions and prioritize the roadmap.","[""Served as primary liaison between technical and business stakeholders, driving alignment on requirements and project status throughout the delivery lifecycle."", ""Wrote detailed product specifications and requirements in partnership with engineering teams to ensure aligned, on-time delivery."", ""Owned end-to-end delivery — from concept and design through development, testing, deployment, and post-launch support — ensuring seamless product releases.""]","[{""original"": ""• Own product strategy for Home Loan digital acquisition, translating business and credit-policy requirements into scalable lead-generation and qualification systems."", ""rewritten"": ""• Own product strategy for Home Loan digital acquisition, translating business and credit-policy needs into scalable lead-generation and qualification systems and features.""}, {""original"": ""• Led development and management of digital platforms (app and web) for the Personal Loan product, growing user engagement 27% and user acquisition 14%."", ""rewritten"": ""• Led development and management of digital platforms (app and web) for the Personal Loan product, delivering platform enhancements and features, growing user engagement 27% and user acquisition 14%.""}, {""original"": ""• Define requirements and drive execution of digital campaign infrastructure across search, social, and paid channels to generate high-quality home loan demand."", ""rewritten"": ""• Define requirements and drive execution of digital campaign infrastructure enhancements across search, social, and paid channels to generate high-quality home loan demand.""}]","[""Agile/Scrum"", ""Stakeholder Management"", ""SDLC""]","[""Translating business and stakeholder needs into clear, actionable requirements and working with engineering teams"", ""Agile process and delivery management experience""]","[""Execution-focused product delivery experience is present through managing end-to-end SDLC and specs, but lacks explicit Product Owner title experience"", ""Delivering features and enhancements is supported by digital platform work, but not specifically within healthcare claims platforms""]","[""Healthcare domain knowledge"", ""Healthcare claims administration platform experience""]","Hi, I bring 4+ years of product management experience translating business needs into detailed technical requirements and partnering closely with engineering teams for timely delivery. My background includes end-to-end digital platform ownership and cross-functional execution in fast-paced environments. I'd love to discuss how my product delivery experience aligns with HealthEdge.",Summary rewritten for this JD; 3 bullet(s) reworded to JD vocabulary (metrics preserved verbatim),The CV lacks healthcare domain knowledge and experience with healthcare claims administration platforms.,"owner, healthcare, basic, seeking, detail-oriented, execution-focused, features, enhancements, claims, responsible, needs, clear","Product Owner BASIC SUMMARY: We are seeking a detail-oriented and execution-focused Product Owner to support the delivery of features and enhancements within our healthcare claims administration platform. This role is responsible for translating business and stakeholder needs into clear, actionable user stories and working closely with engineering teams to ensure timely , high-quality delivery. The ideal candidate brings healthcare domain knowledge, understands Agile processes, and is comfortab…"
no,,,47,Manager – Industry Partnerships & Strategic Programs,Data Security Council of India,"Bangalore, Karnataka",https://www.adzuna.in/land/ad/5827736011?se=_tbJZsGQ8RGVUs7AWUa7_A&utm_medium=api&utm_source=195aa6d0&v=E57D312F1AB4CB2BB46A43226BDB0BEF47B8559E,30,47,25,weak,0.08,0/0,,"[{""need"": ""manager industry"", ""gain"": 2}, {""need"": ""industry partnerships"", ""gain"": 2}, {""need"": ""strategic programs"", ""gain"": 2}, {""need"": ""lead dsci initiatives"", ""gain"": 2}, {""need"": ""gcc"", ""gain"": 2}]",,"{""skill_match"": 0.1667, ""experience_fit"": 0.85, ""domain"": 0, ""education"": 1.0, ""achievement"": 0.8571, ""trajectory"": 1.0}",adzuna,aggregator,,,2026-08-04T17:45:39Z,,,,[],[],[],[],[],[],,,,"industry, cyber, security, initiatives, trusted, dsci, semiconductor, automotive, segments, relationship, clients, advisor","Responsibilities : Lead DSCI initiatives for GCC, Semiconductor and Automotive industry segments. Building a trusted relationship with clients as a Trusted Advisor for Cyber Security from the perspective of products, solutions, services, practices and innovation. Though leadership through content development of customer-specific cyber security roadmaps. Create forums, events, communities, initiatives to engage with stakeholder in cyber security industry. Effective Networking with industry leade…"
no,,,47,Product Manager-Employee Benefits (Group Insurance),Edme Insurance Brokers,"Mumbai, Maharashtra",https://in.linkedin.com/jobs/view/product-manager-employee-benefits-group-insurance-at-edme-insurance-brokers-4447349751?utm_campaign=google_jobs_apply&utm_source=google_jobs_apply&utm_medium=organic,35,40,59,borderline,0.55,0/12,"conduct user research, requirement-gathering, admins, employees, internal broking/operations, identify pain points, opportunitiesbuild, group insurance, insurance product, product structures, sum insured, family floaters","[{""need"": ""conduct user research"", ""gain"": 1}, {""need"": ""requirement-gathering"", ""gain"": 1}, {""need"": ""admins"", ""gain"": 1}, {""need"": ""employees"", ""gain"": 1}, {""need"": ""internal broking/operations"", ""gain"": 1}]",,"{""skill_match"": 0.0824, ""experience_fit"": 1.0, ""domain"": 0, ""education"": 1.0, ""achievement"": 0.8571, ""trajectory"": 1.0}",serpapi,aggregator,,,6 hours ago,,,,[],[],[],[],[],[],,,,"employee, benefits, claims, insurance, client, enrollment, flexible, benefit, admins, employees, features, clear","We at Edme Insurance Brokers are looking for a suitable candidate for the position of Product Manager for B2B segment




Location: Mumbai

Department: Product Management 

Reports To: CTO




Interested candidates can share resumes to neetu.b@edmeinsurance.com




About the Role

We are looking for a Product Manager to own the Employee Benefits Insurance platform, with a strong focus on Group Insurance products (Group Health, Group Life, Group Accident, and Flexible Benefit Plans). This role is responsible for the end-to-end product experience for HR admins and employees at client organizations — from enrollment through claims to renewal — and works closely with the Associate Product Manager, Engineering, Design, and cross-functional teams (Claims, Operations, Sales) to deliver a best-in-class benefits experience.




Key Responsibilities

Product Ownership

Own the product roadmap and backlog for the Employee Benefits platform, with Group Insurance as the core focus areaDefine and prioritize features across the full employee benefits lifecycle: enrollment, dependent/life-event endorsements, benefits utilization, claims, and annual renewalsTranslate business and client (HR/employer) requirements into clear, well-scoped product requirements and user storiesOwn the product for both end users — employees (self-service enrollment, claims tracking, digital ID cards, policy documents) and HR admins (census management, bulk endorsements, reporting, employee query resolution)Discovery & Requirements

Conduct user research and requirement-gathering with HR admins, employees, and internal broking/operations teams to identify pain points and opportunitiesBuild a working understanding of Group Insurance product structures (sum insured, family floaters, riders, waiting periods, portability, flexible benefit design) to make informed product decisionsValidate concepts and specs with stakeholders before development, ensuring alignment with insurer capabilities and regulatory requi"
no,,,47,Netcore Cloud -  Partnerships Manager,Netcore Cloud Private Limited,"Bengaluru, Karnataka (+1 other)",https://www.iimjobs.com/j/netcore-cloud-partnerships-manager-1691205?utm_campaign=google_jobs_apply&utm_source=google_jobs_apply&utm_medium=organic,37,46,65,competitive,0.64,2/12,"5-10, end-to-end saas, saas strategic, alliances, mandatory, hands-on exposure, partner onboarding, enablement, driving revenue, revenue through","[{""need"": ""5-10"", ""gain"": 1}, {""need"": ""end-to-end saas"", ""gain"": 1}, {""need"": ""saas strategic"", ""gain"": 1}, {""need"": ""alliances"", ""gain"": 1}, {""need"": ""mandatory"", ""gain"": 1}]",Unverifiable mandatory gate — confirm manually: licence/certification,"{""skill_match"": 0.1592, ""experience_fit"": 0.78, ""domain"": 0, ""education"": 1.0, ""achievement"": 1, ""trajectory"": 1.0}",serpapi,aggregator,,,,,,,[],[],[],[],[],[],,,,"saas, alliances, hyperscalers, mandatory, co-sell, co-selling, netcore, proven, isvs, international, hands-on, enablement","Job Location - Mumbai / Bengaluru (On-site)

About the Role:

- Netcore Cloud is looking for a partnerships professional with a proven expertise and strong SaaS background to drive strategic alliances with Hyperscalers (AWS, Azure, GCP) and ISVs across MENA / International market.

- This role is strictly for candidates with hands-on SaaS + Hyperscaler (GCP, AWS, Azure) partnership experience.

Must have :

- 5-10 years of experience in managing end-to-end SaaS Strategic Partnerships / Alliances (mandatory) hands-on exposure to partner onboarding, enablement, and driving revenue through partnerships.

- Must-have 2+ years relevant experience working with Hyperscalers (AWS / Azure / GCP) (mandatory) should have managed co-sell motions, Marketplace processes, or worked with cloud partner teams across any International market.

- Proven track record in joint GTM, co-selling, and integration-led partnerships (mandatory) should have contributed to pipeline/revenue through partner-led deals.

This role is NOT for:

- IT services, consulting, or non-SaaS backgrounds

- Purely marketing tie-ups, vendor partnerships, or channel sales

What You'll Do:

- Own and expand strategic partnerships with AWS, Azure, GCP, and key ISVs - drive growth, alignment, and business potential within major cloud and software ecosystems.

- Build strong relationships with partner teams to drive joint GTM and co-sell initiatives - work closely with partner managers to plan and execute collaborative programs.

- Collaborate with Sales, Product, Marketing, and Engineering to turn partnerships into revenue - ensure alliances translate into pipeline impact, deal support, and measurable business outcomes.

- Lead development and execution of cloud-native integrations and co-sell motions - oversee integration roadmaps, technical alignment, and enablement required for successful co-selling.

Why Netcore Cloud?

- Leader in AI-powered customer engagement & experience

- Trusted by 5,000+ global brands, i"
no,,,46,Business Analyst,Happiest Resume,"Mumbai, Maharashtra",https://www.adzuna.in/details/5828879931?utm_medium=api&utm_source=195aa6d0,37,17,27,weak,0.14,0/0,,"[{""need"": ""business analyst"", ""gain"": 3}, {""need"": ""highly"", ""gain"": 3}, {""need"": ""ideal"", ""gain"": 3}, {""need"": ""analyze"", ""gain"": 3}, {""need"": ""improve existing systems"", ""gain"": 3}]",,"{""skill_match"": 0.1109, ""experience_fit"": 0.85, ""domain"": 0, ""education"": 1.0, ""achievement"": 1, ""trajectory"": 1.0}",adzuna,aggregator,600000,700000,2026-08-05T14:47:38Z,,,,[],[],[],[],[],[],,,,"analyst, ideal, needs, seeking, highly, skilled, understanding, processes, analyze, improve, existing, closely",We are seeking a highly skilled Business Analyst to join our team. The ideal candidate will have a strong understanding of business processes and be able to analyze and improve existing systems. The Business Analyst will work closely with stakeholders to identify business needs and develop solutions to meet those needs. This is a fantastic opportunity for a motivated and detail-oriented individual to make a real impact on our organization. The Business Analyst will be responsible for: The ideal…
no,,,45,Require a Marketplace Growth Manager in Mumbai,TestHiring,"M A Marg, Mumbai",https://www.adzuna.in/details/5828376118?utm_medium=api&utm_source=195aa6d0,37,59,22,weak,0.08,0/0,,"[{""need"": ""marketplace growth manager"", ""gain"": 2}, {""need"": ""mumbai"", ""gain"": 2}, {""need"": ""optimize revenue performance"", ""gain"": 2}, {""need"": ""amazon"", ""gain"": 2}, {""need"": ""myntra"", ""gain"": 2}]",,"{""skill_match"": 0.0758, ""experience_fit"": 0.85, ""domain"": 0, ""education"": 1.0, ""achievement"": 1, ""trajectory"": 1.0}",adzuna,aggregator,,,2026-08-05T04:54:07Z,,,,[],[],[],[],[],[],,,,"amazon, myntra, firstcry, marketplaces, remains, intact, inventory, listing, analyze, clean, fragmented, uncover","Own and optimize revenue performance across Amazon, Myntra, and FirstCry marketplaces Ensure CM2 remains intact through strategic pricing, inventory, and listing management Analyze and clean fragmented SKU data to uncover trends, inefficiencies, and opportunities Translate data insights into clear, actionable strategies and execution plans Lead, mentor, and manage the marketplace team from planning to delivery Monitor KPIs and performance metrics to drive continuous improvement Requirements Min…"
no,,,44,Product Manager-Retail SME (LAP),IDFC FIRST Bank,"Mumbai, Maharashtra",https://in.linkedin.com/jobs/view/product-manager-retail-sme-lap-at-idfc-first-bank-4448567354?utm_campaign=google_jobs_apply&utm_source=google_jobs_apply&utm_medium=organic,41,47,39,borderline,0.39,0/3,"Loan Against Property (LAP) business experience, Strategic thinking and analytical skills, Collaboration and communication skills","[{""need"": ""Loan Against Property (LAP) business experience"", ""gain"": 8}, {""need"": ""Strategic thinking and analytical skills"", ""gain"": 8}, {""need"": ""Collaboration and communication skills"", ""gain"": 8}, {""need"": ""Leadership and mentoring"", ""gain"": 4}, {""need"": ""Customer-centric mindset"", ""gain"": 4}]",,"{""skill_match"": 0, ""experience_fit"": 0.78, ""domain"": 0.25, ""education"": 1.0, ""achievement"": 1, ""trajectory"": 1.0}",serpapi,aggregator,,,16 hours ago,data/resumes/2026-08-05/IDFC_FIRST_Bank_Product_Manager_Retail_SME_LAP/Mehul_Agarwal.docx,data/resumes/2026-08-05/IDFC_FIRST_Bank_Product_Manager_Retail_SME_LAP/Mehul_Agarwal.pdf,"Product Manager with 4+ years building digital lending products in fintech, currently owning the Home Loan digital acquisition stack at Bajaj Finance including partner integrations and lead allocation engines. Previously owned the Personal Loan digital platform end-to-end, partnering with engineering, design, and credit policy teams. Grounded in data, using analytics tools to validate decisions and optimize digital funnels.","[""• Own product strategy for Home Loan digital acquisition, translating business and credit-policy requirements into scalable lead-generation and qualification systems."", ""• Lead product requirements for strategic NBFC and financial-institution partnerships, designing lead-exchange and commission workflows with legal, business, and tech teams."", ""• Design and ship the MCP (Minimum Credit Parameters) Master and Lead Allocation Master — a rules engine that pre-qualifies leads and routes them to the right lending partner based on credit profile, eligibility, and business rules.""]","[{""original"": ""• Own product strategy for Home Loan digital acquisition, translating business and credit-policy requirements into scalable lead-generation and qualification systems."", ""rewritten"": ""• Own product strategy for Home Loan digital acquisition, translating business and credit-policy requirements into scalable lead-generation and qualification systems in collaboration with cross-functional teams.""}, {""original"": ""• Lead product requirements for strategic NBFC and financial-institution partnerships, designing lead-exchange and commission workflows with legal, business, and tech teams."", ""rewritten"": ""• Lead product requirements for strategic NBFC and financial-institution partnerships, establishing workflows with legal, business, and tech teams to expand portfolio reach.""}]","[""collaboration"", ""portfolio"", ""operational""]","[""Partnering with technology and digital teams to facilitate process improvements and digital enablement"", ""Building and nurturing strategic partnerships across brands and channel/product partners"", ""Cross-functional collaboration with business, policy, operations, and technology teams""]","[""Managing online partner journeys and customer experience: demonstrated in digital platform and lending-partner integration work, but specifically for personal and home loans rather than Loan Against Property (LAP)""]","[""Minimum of 5 years in the Loan Against Property (LAP) business"", ""Loan business P&L ownership""]","Hi, I lead digital lending platforms and partner integrations at Bajaj Finance, owning lead allocation engines and acquisition funnels. My experience scaling digital lending products aligns with your product initiatives.",Summary rewritten for this JD; 2 bullet(s) reworded to JD vocabulary (metrics preserved verbatim); Bullets reprioritized in: Product Manager - Home Loan,"The job explicitly requires a minimum of 5 years in the Loan Against Property (LAP) business, whereas the candidate has 4+ years in fintech digital lending across personal and home loans.","customer, processes, against, property, expand, brands, culture, collaboration, volume, innovation, operational, portfolio","Job Requirements

About the Role

The Senior Product Manager – Loan Against Property (LAP) is responsible for scaling up the LAP business by developing compelling value propositions to expand products, channels, segments, and customer base. The role focuses on delivering banking solutions in a cost-efficient and technology-effective manner. It involves establishing robust interfaces with strategic partners and brands to boost business volumes across geographies. The role also includes building teams, systems, processes, and a culture conducive to scalable and consistent delivery. Collaboration with Retail Assets teams including Business Heads, Business Analytics, Digital Marketing & Transformation, Policies, Operations, Collections, and Technology is essential.

Key Responsibilities

Primary Responsibilities

Lead the LAP business to expand volume and profitability of products and portfolio.Guide product distribution to ensure volume scale-up as per defined targets.Own the loan business P&L and drive cost-effective operations.Partner with Technology and Digital teams to facilitate process improvements and innovation, enhancing operational efficiency and customer experience.Build and nurture strategic partnerships across brands and channel/product partners to increase portfolio penetration.Monitor portfolio performance and quality, providing recommendations for course correction to Product and Sales teams.Collaborate with Business Analytics to identify LAP business potential and prepare for external market conditions.Lead ideation of standardized processes to ensure smooth LAP business operations.

Secondary Responsibilities

Manage and improve the online partner journey and customer experience to differentiate the bank from competitors.Evaluate feasibility of new initiatives in offerings, channels, and processes, ensuring implementation to enhance operational efficiency.Collaborate with other departments to deliver best-in-class products and services to customers.

"
no,,,44,Program Manager,Eaton Corporation,"Bangalore, Karnataka",https://www.adzuna.in/details/5805829482?utm_medium=api&utm_source=195aa6d0,37,43,23,weak,0.14,0/0,,"[{""need"": ""program manager"", ""gain"": 1}, {""need"": ""bangalore site"", ""gain"": 1}, {""need"": ""site program"", ""gain"": 1}, {""need"": ""leading integrated project"", ""gain"": 1}, {""need"": ""successfully execute"", ""gain"": 1}]",,"{""skill_match"": 0.0833, ""experience_fit"": 0.85, ""domain"": 0, ""education"": 1.0, ""achievement"": 0.8571, ""trajectory"": 1.0}",adzuna,aggregator,,,2026-07-18T10:44:13Z,,,,[],[],[],[],[],[],,,,"projects, bangalore, site, program, responsible, integrated, execute, according, eaton, prolaunch, effective, guidance","What you'll do: The Bangalore Site Program Manager will be responsible for leading Integrated Project Teams to successfully execute projects according to the Eaton PROLaunch Process through effective guidance, product development, customer satisfaction, efficient resource allocation and reliable reporting to leadership. This includes Transitions Projects (STP), New Product Introductions (NPI) and/or critical business projects and their budget allocations. -Manages the Profit and Loss of New Pro…"
