applied,applied_on,match_feedback,score,title,company,location,url,frozen_score,legacy_score,percentile,band,jd_difficulty,must_coverage,missing_must,top_gaps,score_flags,sub_scores,company_tier,company_basis,company_evidence,source,apply_channel,salary_min,salary_max,updated_at,resume_docx,resume_pdf,tailored_summary,bullets_to_lead_with,rewritten_bullets,keywords_to_add_if_true,fit_exact,fit_partial,fit_gaps,outreach_note,change_log,honest_gap_note,missing_keywords,exp_verdict,exp_confidence,exp_required,exp_why,description_snippet
no,,,68,Product Manager - Car/Auto Loan,Impeccable HR Consulting,"Gurugram, Haryana",https://www.iimjobs.com/j/product-manager-car-auto-loan-1711077?utm_campaign=google_jobs_apply&utm_source=google_jobs_apply&utm_medium=organic,66,79,95,strong,0.59,3/5,"Auto Finance experience, Analytical and commercial acumen","[{""need"": ""Auto Finance experience"", ""gain"": 6}, {""need"": ""Analytical and commercial acumen"", ""gain"": 6}, {""need"": ""Product development"", ""gain"": 3}, {""need"": ""Policy formulation"", ""gain"": 3}, {""need"": ""Experience working with OEMs and dealer ecosystems"", ""gain"": 2}]",,"{""skill_match"": 0.5236, ""experience_fit"": 0.615, ""domain"": 1, ""education"": 1.0, ""achievement"": 1, ""trajectory"": 1.0}",unknown,unknown,,serpapi,aggregator,,,,data/resumes/2026-09-13/Impeccable_HR_Consulting_Product_Manager_Car_Auto_Loan/Mehul_Agarwal.docx,data/resumes/2026-09-13/Impeccable_HR_Consulting_Product_Manager_Car_Auto_Loan/Mehul_Agarwal.pdf,"Product manager with 4+ years across digital product, growth, and partnerships in consumer lending at Bajaj Finance. Experienced in owning end-to-end digital lending journeys, managing lead allocation and distribution networks, and working with cross-functional pods across multiple functions. Brings expertise in product lifecycle management, conversion optimisation, and stakeholder collaboration.","[""Own the business side of digital acquisition for the mortgage portfolio (Home Loans, LAP, Balance Transfer, Top-up), carrying the disbursal number for an online channel at ~₹100 Cr/month (~₹1,200 Cr annualised), up from ~₹80 Cr, against a full-year mandate of ~₹1,500 Cr."", ""Designed and shipped the MCP (Minimum Credit Parameters) Master and Lead Allocation Master — a two-sided matching engine that scores ~90,000 leads/month against each partner’s credit criteria and routes every lead to its best-fit lender, lifting lead-to-login conversion 40% and lead-to-disbursal from 0.5% to 0.7% at a ~40% approval rate and 50% match rate."", ""Owned the Personal Loan digital platform (app and web) at ~15 lakh Form-1 submissions/month, turning business and credit requirements into shipped capability while the channel scaled from ~₹400 Cr to ~₹1,100 Cr in monthly disbursals through a period of sector-wide tightening in consumer credit.""]","[{""original"": ""Rebuilt the application journey with UI/UX — cutting drop-off 40% and completion time 15%, lifting completed applications 30% and automating 22% more of the journey end-to-end through straight-through processing."", ""rewritten"": ""Enhanced digital lending journeys and application workflows with UI/UX — cutting drop-off 40% and completion time 15%, lifting completed applications 30% and automating 22% more of the journey end-to-end through straight-through processing.""}, {""original"": ""Define the capability roadmap and requirements for the channel as its business owner — translating the disbursal target into product, policy, and partner asks for Technology, Credit, and Legal to build against."", ""rewritten"": ""Formulated product strategy and requirements for the channel as its business owner — translating targets into product, policy, and partner asks for Technology, Credit, and Legal to build against.""}, {""original"": ""Part of a ~20-member cross-functional pod (product, engineering, growth, CX, analytics) with 2 direct reports, aligning 10 functions — Business, Sales, Call Centre, Credit Policy, Risk, Legal, Compliance, IT, CX, and Marketing."", ""rewritten"": ""Collaborated across Business, Sales, Risk, Credit, Operations, Compliance, and Technology teams as part of a ~20-member cross-functional pod with 2 direct reports.""}]","[""Product Management"", ""Product Lifecycle Management"", ""Product Strategy"", ""Roadmapping"", ""Stakeholder Management"", ""Customer Journey Mapping"", ""Go-to-Market Strategy"", ""Digital Lending""]","[""Product lifecycle management"", ""Digital lending journey enhancement"", ""Stakeholder management across business, risk, credit, and technology teams""]","[""Product strategy: CV demonstrates product management and strategy in consumer lending (Personal Loans and Mortgages), but lacks specific Auto Finance domain experience."", ""Pricing and policy formulation: CV shows work on lending criteria, commissions, and matching engines, but not auto finance pricing structures or dealer subvention programs.""]","[""8-12 years of experience in Product Management (CV has 4+ years)"", ""Specific experience in Auto Finance, car loans, EV financing, or working directly with OEMs and the dealer ecosystem""]","Hi, I lead digital lending products at Bajaj Finance, owning online acquisition channels and cross-functional journeys scaling to ~₹100 Cr/month. While my experience is in retail consumer lending rather than auto finance, I bring strong expertise in building digital onboarding flows, lending partnerships, and credit matching engines. I'd love to discuss how my product execution experience applies to your retail auto finance goals.",Summary rewritten for this JD; 2 bullet(s) reworded to JD vocabulary (metrics preserved verbatim); Skill items resequenced toward JD mentions,The CV does not demonstrate experience in Auto Finance or working with automotive OEMs and dealer ecosystems.,"development, dealer, profitability, auto, develop, programs, schemes, conduct, frameworks, monitor, performance, governance",stretch,stated,8-12,asks for 8-12 years vs your 4,"Hiring for a NBFC:

Retail Product Manager  Auto Finance:

Location: Gurgaon

Experience: 812 Years

CTC: 26 lacs

Education: MBA / PGDM (Finance, Marketing, Strategy)

About the Role:

We are looking for a Retail Product Manager to lead product strategy, product development, pricing, policy formulation, and digital journey enhancement for retail automobile finance products. The role will be responsible for end-to-end ownership of retail lending products and value-added customer propositions across the dealer ecosystem.

Key Responsibilities:

1. Product Strategy & Development:

- Develop and manage retail finance products including New Car Loans, Used Car Loans, Refinance Products, Top-up Loans, EV Financing, Buyback Programs, and Balloon Schemes.

- Conduct market research and competitor benchmarking.

- Identify customer needs and product opportunities.

- Launch innovative retail finance solutions.

2. Pricing & Profitability Management:

- Design pricing structures and interest rate frameworks.

- Develop promotional schemes and subvention programs.

- Monitor product profitability and portfolio performance.

- Recommend product enhancements based on market trends.

3. Policy & Product Governance:

- Prepare business cases and approval notes.

- Formulate product policies and eligibility frameworks.

- Ensure regulatory compliance and governance.

4. Dealer & Business Support:

- Partner with sales teams to drive product penetration.

- Support dealer adoption of retail finance products.

- Conduct product training and communication initiatives.

5. Digital Product Development:

- Work with technology teams to enhance digital lending journeys.

- Improve onboarding, credit decisioning, KYC, and loan processing workflows.

- Drive digitization and customer experience improvements.

6. Stakeholder Management:

- Collaborate with OEMs, Sales, Risk, Credit, Operations, Compliance, and Technology teams.

- Act as Product SPOC across business functions.

7. Product A"
no,,,68,Growth and Partnerships Manager,Summit Works Technology,"Bangalore, Karnataka",https://www.adzuna.in/land/ad/5880953497?se=7jSToUuv8RGhe8--YZ_w9w&utm_medium=api&utm_source=195aa6d0&v=84F4E7068B0874752092BBDB0BA991CC225BC6A1,46,69,78,competitive,0.14,0/0,,[],,"{""skill_match"": 1, ""experience_fit"": 0.85, ""domain"": 0, ""education"": 1.0, ""achievement"": 1, ""trajectory"": 1.0}",unknown,unknown,,adzuna,aggregator,,,2026-09-12T17:21:23Z,data/resumes/2026-09-13/Summit_Works_Technology_Growth_and_Partnerships_Manager/Mehul_Agarwal.docx,data/resumes/2026-09-13/Summit_Works_Technology_Growth_and_Partnerships_Manager/Mehul_Agarwal.pdf,"Product manager with 4+ years across digital product, growth, and strategic partnerships, currently scaling consumer lending portfolios at Bajaj Finance. Experienced in finding and building strategic partnerships, running paid acquisition, optimizing funnel conversion, and turning commercial relationships into measurable growth and revenue. Skilled in cross-functional leadership, GTM strategy, stakeholder management, and data-driven optimization across digital platforms.","[""Grew the live partner network from 4 to 6 lenders (2 more in build), negotiating lead-exchange and commission economics with Legal, Business, and Technology so a single customer can be matched against multiple partners’ criteria and monetised through distribution."", ""Lifted conversion 23% and user acquisition 14% by instrumenting the journey in Google Analytics and CleverTap, isolating the cohorts that dropped, and sequencing fixes by revenue impact rather than ticket count."", ""Ran paid acquisition end-to-end — restructuring Meta (Facebook and Instagram) campaigns across copy, targeting, and budget allocation to cut cost-per-click 58% and improve return on ad spend 35%.""]","[{""original"": ""Grew the live partner network from 4 to 6 lenders (2 more in build), negotiating lead-exchange and commission economics with Legal, Business, and Technology so a single customer can be matched against multiple partners’ criteria and monetised through distribution."", ""rewritten"": ""Building strategic partnerships and alliances, grew the live partner network from 4 to 6 lenders (2 more in build), negotiating lead-exchange and commission economics with Legal, Business, and Technology so a single customer can be matched against multiple partners’ criteria and monetised through distribution.""}, {""original"": ""Ran paid acquisition end-to-end — restructuring Meta (Facebook and Instagram) campaigns across copy, targeting, and budget allocation to cut cost-per-click 58% and improve return on ad spend 35%."", ""rewritten"": ""Driving customer acquisition and growth, ran paid acquisition end-to-end — restructuring Meta (Facebook and Instagram) campaigns across copy, targeting, and budget allocation to cut cost-per-click 58% and improve return on ad spend 35%.""}, {""original"": ""Built the go-to-market strategy for a packaged-foods launch and ran the pre-launch campaign across creatives, landing page, and budget allocation."", ""rewritten"": ""Executed go-to-market strategy for a packaged-foods launch and ran the pre-launch campaign across creatives, landing page, and budget allocation to create distribution opportunities.""}]","[""Strategic Partnerships"", ""Go-to-Market Strategy"", ""Growth"", ""Funnel Optimisation"", ""Stakeholder Management""]","[""Growth and partnerships experience"", ""Stakeholder and commercial management"", ""Funnel and conversion optimisation""]","[""Finding users and organizations: demonstrated via lead generation and digital acquisition, though not explicitly in B2B context"", ""Creating distribution opportunities: demonstrated via scaling partner networks and digital lending distribution channels""]","[""Specific experience operating in Bangalore or Mumbai locations based on CV contact info"", ""Explicitly titled Growth and Partnerships Manager role""]","Hi, I saw your Growth & Partnerships Manager role and thought my background leading digital growth and partnerships at Bajaj Finance would be relevant. I currently manage a 6-lender partner network and scale digital acquisition. Would love to connect.","Summary rewritten for this JD; 3 bullet(s) reworded to JD vocabulary (metrics preserved verbatim); Bullets reprioritized in: Product Manager - Personal Loans; Skill groups reordered (Business, Growth & Partnerships first)",The job description is truncated and does not specify exact years of experience or technical prerequisites beyond growth and partnerships responsibilities.,"location, bangalore, type, full-time, finding, right, users, organizations, creating, opportunities, those, relationships",unknown,unknown,,no experience requirement found in the available text,"Location: Bangalore and Mumbai Type: Full-time Reports to: Leadership About the Role We’re looking for a Growth & Partnerships Manager to own the commercial side of the business — finding the right users, organizations, and partners, creating distribution opportunities, and turning those relationships into measurable growth and revenue. This is a highly entrepreneurial role. You will not simply manage marketing campaigns or partnerships handed to you. You will be expected to identify opportunit…"
no,,,57,Paytm - Product Analyst,Paytm,"Noida, Uttar Pradesh (+1 other)",https://www.iimjobs.com/j/paytm-product-analyst-1698450?utm_campaign=google_jobs_apply&utm_source=google_jobs_apply&utm_medium=organic,53,57,65,competitive,0.31,1/3,"Strong understanding of credit lifecycle and lending unit economics, High ownership mindset and bias for execution","[{""need"": ""Strong understanding of credit lifecycle and lending unit economics"", ""gain"": 6}, {""need"": ""High ownership mindset and bias for execution"", ""gain"": 6}, {""need"": ""Dashboard building"", ""gain"": 3}, {""need"": ""Underwriting rules"", ""gain"": 3}, {""need"": ""Release monitoring"", ""gain"": 3}]",,"{""skill_match"": 0.347, ""experience_fit"": 1.0, ""domain"": 0.75, ""education"": 1.0, ""achievement"": 1, ""trajectory"": 1.0}",adjacent,allowlist,'Paytm' is on the company allowlist under 'payments_merchant_solutions',serpapi,aggregator,,,,data/resumes/2026-09-13/Paytm_Paytm_Product_Analyst/Mehul_Agarwal.docx,data/resumes/2026-09-13/Paytm_Paytm_Product_Analyst/Mehul_Agarwal.pdf,"Product manager with 4+ years of experience across digital product, growth, and lending at Bajaj Finance, bringing deep expertise in lending funnels, acquisition, and portfolio performance. Proven track record in designing lead allocation engines, optimizing end-to-end credit application journeys, and instrumenting data-driven tracking to lift conversion rates. Brings strong analytical execution, cross-functional leadership, and a high-ownership mindset within fast-paced B2C fintech environments.","[""Lifted conversion 23% and user acquisition 14% by instrumenting the journey in Google Analytics and CleverTap, isolating the cohorts that dropped, and sequencing fixes by revenue impact rather than ticket count."", ""Designed and shipped the MCP (Minimum Credit Parameters) Master and Lead Allocation Master — a two-sided matching engine that scores ~90,000 leads/month against each partner’s credit criteria and routes every lead to its best-fit lender, lifting lead-to-login conversion 40% and lead-to-disbursal from 0.5% to 0.7% at a ~40% approval rate and 50% match rate."", ""Rebuilt the application journey with UI/UX — cutting drop-off 40% and completion time 15%, lifting completed applications 30% and automating 22% more of the journey end-to-end through straight-through processing.""]","[{""original"": ""Lifted conversion 23% and user acquisition 14% by instrumenting the journey in Google Analytics and CleverTap, isolating the cohorts that dropped, and sequencing fixes by revenue impact rather than ticket count."", ""rewritten"": ""Conducted funnel analytics and cohort analysis, lifting conversion 23% and user acquisition 14% by instrumenting the journey in Google Analytics and CleverTap, isolating the cohorts that dropped, and sequencing fixes by revenue impact rather than ticket count.""}, {""original"": ""Designed and shipped the MCP (Minimum Credit Parameters) Master and Lead Allocation Master — a two-sided matching engine that scores ~90,000 leads/month against each partner’s credit criteria and routes every lead to its best-fit lender, lifting lead-to-login conversion 40% and lead-to-disbursal from 0.5% to 0.7% at a ~40% approval rate and 50% match rate."", ""rewritten"": ""Designed and shipped the MCP (Minimum Credit Parameters) Master and Lead Allocation Master — a matching engine evaluating ~90,000 leads/month against underwriting rules and routing them, lifting lead-to-login conversion 40% and lead-to-disbursal from 0.5% to 0.7% at a ~40% approval rate and 50% match rate.""}, {""original"": ""Made the call to optimise for qualified demand over raw lead volume, accepting lower lead counts — feeding qualification outcomes back into campaign targeting to cut cost per lead 33%, from ~₹1,350 to ~₹900."", ""rewritten"": ""Optimized lending acquisition funnels for qualified demand over raw lead volume, accepting lower lead counts — feeding qualification outcomes back into campaign targeting to cut cost per lead 33%, from ~₹1,350 to ~₹900.""}]","[""SQL"", ""Google Analytics"", ""CleverTap"", ""A/B Testing"", ""Funnel conversion rates"", ""Disbursal growth"", ""Time-to-disbursal""]","[""Experience in lending and credit lifecycle"", ""Funnel conversion optimization and cohort analysis"", ""High ownership mindset and execution bias in a fast-paced B2C fintech environment""]","[""Product analytics and dashboard building — the CV demonstrates extensive funnel optimization and analytics using Google Analytics, CleverTap, and Looker Studio, but does not explicitly name Python/R for modeling.""]","[""Python/R proficiency for modeling is not mentioned in the CV.""]","Hi, I lead digital lending products and funnels at Bajaj Finance, scaling consumer lending journeys and building credit matching engines. I'd love to bring my high-ownership mindset and analytics experience to Paytm's lending product team.",Summary rewritten for this JD; 3 bullet(s) reworded to JD vocabulary (metrics preserved verbatim); Bullets reprioritized in: Product Manager - Personal Loans; Skill groups reordered (Data & Tools first),The CV does not demonstrate experience with Python or R for modeling.,"paytm, payments, analyst, mobile, financial, businesses, servicing, opportunities, ownership, execution, dashboards, tracking",good_fit,stated,5-7,"asks for 5-7 years, you have 4","Paytm - Product Analyst (5-7 yrs)




About Paytm Group :




Paytm is India's leading mobile payments and financial services distribution company. Pioneer of the mobile QR payments revolution in India, Paytm builds technologies that help small businesses with payments and commerce. Paytms mission is to serve half a billion Indians and bring them to the mainstream economy with the help of technology.




Role Overview :




We are looking for a high-agency Product Analyst to join the Lending product team at Paytm. This role sits at the intersection of analytics, product management, technology, and product operations. You will drive data-backed decision-making across lending funnels across acquisition and servicing, identify opportunities for impact, and take operational ownership of selected product workstreams to improve execution velocity and free up PM bandwidth. This is a high-impact role with direct influence on revenue and customer experience.




Key Responsibilities :




Product Analytics & Insights




- Own end-to-end funnel analytics for lending products (financial securities).




- Build dashboards tracking key product metrics.




- Conduct cohort analysis across user segments and their performance.- Design and evaluate A/B tests (pricing, UI flows, underwriting rules).




- Create decision frameworks for feature prioritization backed by data.




Product Operations




- Own release monitoring and post-release performance tracking.




- Manage experiment rollouts and ensure clean measurement.




Key Metrics :




- Funnel conversion rates




- Servicing and experience




- Disbursal growth




- Time-to-disbursal




- Pricing & experimentation.




Expectations :




- 2 to 6 years of experience in Product Analytics, preferably with a background in Lending.


- Strong SQL proficiency (mandatory).




- Experience with Python/R for modeling preferred.




- Strong understanding of credit lifecycle and lending unit economics.




- Experience bui"
no,,,53,Product Analyst - Deputy Manager - Lending (Noida),Nameless,"Noida, Uttar Pradesh",https://www.shine.com/jobs/product-analyst-deputy-manager-lending-noida/nameless/19502929?utm_campaign=google_jobs_apply&utm_source=google_jobs_apply&utm_medium=organic,46,42,65,competitive,0.44,5/6,Data and statistical analysis,"[{""need"": ""Data and statistical analysis"", ""gain"": 5}, {""need"": ""Business insights"", ""gain"": 2}, {""need"": ""Strategic and operational implications"", ""gain"": 2}, {""need"": ""Data reporting and dashboards"", ""gain"": 2}, {""need"": ""Critical thinking"", ""gain"": 2}]",,"{""skill_match"": 0.4159, ""experience_fit"": 1.0, ""domain"": 0.5, ""education"": 1.0, ""achievement"": 1, ""trajectory"": 1.0}",unknown,unknown,,serpapi,aggregator,,,17 days ago,data/resumes/2026-09-13/Nameless_Product_Analyst_Deputy_Manager_Lending_N/Mehul_Agarwal.docx,data/resumes/2026-09-13/Nameless_Product_Analyst_Deputy_Manager_Lending_N/Mehul_Agarwal.pdf,"Product manager with 4+ years of experience across digital product, growth, and partnerships in consumer lending at Bajaj Finance, India's largest retail NBFC. Proven track record of deriving business insights from data, optimising funnels, and driving business-level metrics such as disbursal growth and conversion rates. Skilled in stakeholder management, SQL, Google Analytics, and building matching engines and data-driven frameworks to improve business performance.","[""Lifted conversion 23% and user acquisition 14% by instrumenting the journey in Google Analytics and CleverTap, isolating the cohorts that dropped, and sequencing fixes by revenue impact rather than ticket count."", ""Designed and shipped the MCP (Minimum Credit Parameters) Master and Lead Allocation Master — a two-sided matching engine that scores ~90,000 leads/month against each partner’s credit criteria and routes every lead to its best-fit lender, lifting lead-to-login conversion 40% and lead-to-disbursal from 0.5% to 0.7% at a ~40% approval rate and 50% match rate."", ""Made the call to optimise for qualified demand over raw lead volume, accepting lower lead counts — feeding qualification outcomes back into campaign targeting to cut cost per lead 33%, from ~₹1,350 to ~₹900.""]","[{""original"": ""Lifted conversion 23% and user acquisition 14% by instrumenting the journey in Google Analytics and CleverTap, isolating the cohorts that dropped, and sequencing fixes by revenue impact rather than ticket count."", ""rewritten"": ""Derived business insights and analyzed data from multiple angles to lift conversion 23% and user acquisition 14% by instrumenting the journey in Google Analytics and CleverTap, isolating dropping cohorts, and sequencing fixes by revenue impact.""}, {""original"": ""Designed and shipped the MCP (Minimum Credit Parameters) Master and Lead Allocation Master — a two-sided matching engine that scores ~90,000 leads/month against each partner’s credit criteria and routes every lead to its best-fit lender, lifting lead-to-login conversion 40% and lead-to-disbursal from 0.5% to 0.7% at a ~40% approval rate and 50% match rate."", ""rewritten"": ""Designed and shipped data-driven decisioning tools including the MCP Master and Lead Allocation Master to analyze and score ~90,000 leads/month, driving a 40% lift in lead-to-login conversion and improving lead-to-disbursal from 0.5% to 0.7%.""}, {""original"": ""Made the call to optimise for qualified demand over raw lead volume, accepting lower lead counts — feeding qualification outcomes back into campaign targeting to cut cost per lead 33%, from ~₹1,350 to ~₹900."", ""rewritten"": ""Analyzed performance trends to optimize for qualified demand over raw lead volume, feeding qualification outcomes back into campaign targeting to cut cost per lead 33% from ~₹1,350 to ~₹900.""}]","[""SQL"", ""Google Analytics"", ""MS Excel"", ""Stakeholder Management"", ""Data Analysis""]","[""Derive business insights from data with a focus on driving business level metrics"", ""Ability to interact and convince business stakeholders"", ""Analyze data from multiple angles, looking for trends that highlight areas of concerns or opportunities"", ""Proven work experience on MS Excel, Google analytics, SQL""]","[""Have 4-6 years experience working on data analytics and business intelligence (CV has 4+ years across digital product, growth, and partnerships with strong analytics usage, but is primarily a product management background rather than a dedicated BI/analyst role)"", ""B2C consumer internet product companies preferred (CV shows experience at Bajaj Finance, an NBFC/financial services company, rather than a consumer internet tech company)""]","[""Engineering academic background with specialisation in data science (CV shows a B.Tech in an unspecified branch from Manipal Institute of Technology and an MBA in International Business from Delhi School of Economics)""]","Hi, I saw the Business Analyst role and bring 4+ years of data and product experience at Bajaj Finance, where I used SQL and Google Analytics to optimize funnels and drive business metrics. I’d love to bring my expertise in data-driven decision making to your team.",Summary rewritten for this JD; 2 bullet(s) reworded to JD vocabulary (metrics preserved verbatim); Bullets reprioritized in: Product Manager - Home Loans; Skill groups reordered (Data & Tools first); Skill items resequenced toward JD mentions,"The job description specifically requires an engineering academic background with specialisation in data science, whereas the candidate holds a B.Tech and an MBA in International Business.","analyst, paytm, financial, merchants, deliver, understanding, needs, services, payments, consumers, platforms, half",good_fit,stated,4-6,"asks for 4-6 years, you have 4","Role: Business Analyst - Deputy Manager - Lending

About Us: Paytm is India's leading financial services company that offers full-stack payments & financial solutions to consumers, offline merchants and online platforms. The company is on a mission to bring half a billion Indians into the mainstream economy through payments, commerce, banking, investments, and financial services. One97 Communications Limited that owns the brand Paytm is founded by Vijay Shekhar Sharma.

About the team: Being one of the largest payment platforms in the country, we aim to not only ensure a seamless experience, but also a delightful journey for our customers. We strive to enrich the customer experience by making every transaction transparent, honest, and hassle-free.

The app product team ensures to deliver an outstanding user experience to the Paytm Customers by understanding the user, discerning their use patterns, and designing an app that meets their user's needs.

About the Role: Business analyst focuses on data, statistical analysis and reporting to help investigate and analyze business performance, provide insights, and drive recommendations to improve performance.

Expectations/ Requirements:

1. Derive business insights from data with a focus on driving business level metrics.

2. Ability to interact and convince business stakeholders.

3. Developing insightful analysis about business and their strategic and operational implications.

4. Partner with stakeholders at all levels to establish current and ongoing data support and reporting needs.

5. Analyze data from multiple angles, looking for trends that highlight areas of concerns or opportunities.

6. Design, create and deliver data reports, dashboards, extract and/or deliver presentations to strategic questions.

7. Identifying data needs and driving data quality improvement projects.

Key Skills Required:

1.Ideally have 4-6 years experience working on data analytics and business intelligence. Candidates from b2c consumer "
no,,,49,JSW One Finance - Senior Product Manager - Lending Systems,JSW Steel,"Mumbai, Maharashtra",https://www.iimjobs.com/j/jsw-one-finance-senior-product-manager-lending-systems-1717449?utm_campaign=google_jobs_apply&utm_source=google_jobs_apply&utm_medium=organic,55,52,64,competitive,0.56,2/7,"Hands-on experience implementing LMS (Loan Management System), Experience managing third-party vendors and system integrators, Understanding of loan lifecycle: disbursement, interest calculation, prepayment, foreclosure, NPA, collections, accounting, Experience working with APIs, system integrations, and data workflows, Documentation skills (BRD, PRD, user stories, workflows)","[{""need"": ""Hands-on experience implementing LMS (Loan Management System)"", ""gain"": 5}, {""need"": ""Experience managing third-party vendors and system integrators"", ""gain"": 5}, {""need"": ""Understanding of loan lifecycle: disbursement, interest calculation, prepayment, foreclosure, NPA, collections, accounting"", ""gain"": 5}, {""need"": ""Experience working with APIs, system integrations, and data workflows"", ""gain"": 5}, {""need"": ""Documentation skills (BRD, PRD, user stories, workflows)"", ""gain"": 5}]",,"{""skill_match"": 0.1839, ""experience_fit"": 0.615, ""domain"": 1, ""education"": 1.0, ""achievement"": 1, ""trajectory"": 1.0}",unknown,unknown,,serpapi,aggregator,,,,data/resumes/2026-09-13/JSW_Steel_JSW_One_Finance_Senior_Product_Manager_L/Mehul_Agarwal.docx,data/resumes/2026-09-13/JSW_Steel_JSW_One_Finance_Senior_Product_Manager_L/Mehul_Agarwal.pdf,"Product manager with 4+ years of experience across digital product, lending partnerships, and platform growth at Bajaj Finance. Built scalable lending architectures including the MCP Master and Lead Allocation Master routing 90,000 leads/month across a multi-partner network. Proven background translating complex credit and business requirements into technical execution, API-driven integrations, and automated workflows across large cross-functional teams.","[""Designed and shipped the MCP (Minimum Credit Parameters) Master and Lead Allocation Master — a two-sided matching engine that scores ~90,000 leads/month against each partner’s credit criteria and routes every lead to its best-fit lender, lifting lead-to-login conversion 40% and lead-to-disbursal from 0.5% to 0.7% at a ~40% approval rate and 50% match rate."", ""Owned the Personal Loan digital platform (app and web) at ~15 lakh Form-1 submissions/month, turning business and credit requirements into shipped capability while the channel scaled from ~₹400 Cr to ~₹1,100 Cr in monthly disbursals through a period of sector-wide tightening in consumer credit."", ""Part of a ~20-member cross-functional pod (product, engineering, growth, CX, analytics) with 2 direct reports, aligning 10 functions — Business, Sales, Call Centre, Credit Policy, Risk, Legal, Compliance, IT, CX, and Marketing.""]","[{""original"": ""Ran the full product lifecycle for platform releases — requirement intake, PRDs, design, build, QA, deployment, and post-launch iteration — as the primary interface between business stakeholders and Engineering on scope, trade-offs, and release status."", ""rewritten"": ""Executed end-to-end product lifecycle management for platform releases — requirement intake, PRDs, design, build, QA, deployment, and post-launch iteration — collaborating closely with engineering and cross-functional stakeholders on scope, trade-offs, and release execution.""}, {""original"": ""Define the capability roadmap and requirements for the channel as its business owner — translating the disbursal target into product, policy, and partner asks for Technology, Credit, and Legal to build against."", ""rewritten"": ""Defined product capability roadmaps and requirements as business owner — translating business targets into detailed functional specifications, policies, and system integration requests for Technology, Credit, and Legal.""}, {""original"": ""Grew the live partner network from 4 to 6 lenders (2 more in build), negotiating lead-exchange and commission economics with Legal, Business, and Technology so a single customer can be matched against multiple partners’ criteria and monetised through distribution."", ""rewritten"": ""Expanded the live partner network from 4 to 6 lenders (2 more in build), managing third-party relationships, integrations, and lead-exchange economics across Legal, Business, and Technology to enable multi-partner matching and distribution.""}]","[""APIs"", ""Workflows"", ""Execution"", ""Ownership"", ""Governance"", ""System Integrations""]","[""End-to-end product ownership and PRD/BRD creation"", ""Cross-functional stakeholder management across credit, risk, legal, compliance, and technology"", ""Secured lending experience (Home Loans, LAP, Balance Transfer, Top-up)""]","[""Vendor and partner integration management: CV shows managing a 6-lender network and third-party integrations, but does not explicitly detail third-party LMS/LOS vendor implementations."", ""APIs and data workflows: CV demonstrates building matching engines and digital platforms, but lacks explicit documentation of API specification ownership for lending systems.""]","[""8+ years in Product Management (CV shows 4+ years total experience)"", ""Hands-on experience implementing Loan Management Systems (LMS) and Collections systems""]","Hi JSW One Finance team, I build scalable lending platforms at Bajaj Finance, scaling digital loan channels from ₹400 Cr to ₹1,100 Cr and engineering automated matching engines handling 90,000 leads/month. I'd love to bring my end-to-end product ownership experience to your lending systems team. Let's connect!",Summary rewritten for this JD; 3 bullet(s) reworded to JD vocabulary (metrics preserved verbatim); Bullets reprioritized in: Product Manager - Home Loans; Skill items resequenced toward JD mentions,The CV does not demonstrate 8+ years of product management experience or hands-on implementation of Loan Management Systems (LMS) and Collections systems.,"system, implementation, collections, accounting, ownership, vendor, platforms, vendors, workflows, apis, execution, governance",stretch,stated,8+,asks for 8+ years vs your 4,"About JSW One Finance:

JSW One Finance is a digital-first NBFC and part of the JSW Group, focused on transforming MSME lending in India. We are building a scalable, compliant, and technology-driven lending ecosystem across Origination, Underwriting, Loan Management, and Collections.

Role Overview:

We are looking for a hands-on, techno-functional Senior Product Manager who can operate at the intersection of business and technology. This role requires strong ownership of end-to-end system implementation, vendor management, and stakeholder alignment across lending platforms. The ideal candidate has successfully implemented LMS/LOS systems, managed external vendors, and driven large-scale product rollouts in NBFCs, banks, or fintech environments. This is not a strategy-only role - we need someone who can go deep into workflows, APIs, data structures, integrations, and execution.

Key Responsibilities:

1. End-to-End Product Ownership:

- Own the complete product lifecycle: discovery - BRD/PRD - solution design - sprint execution - UAT - Go-live - post-live stabilization.

- Lead implementation and optimization of LMS and Collections systems (mandatory experience).

- Support integrations across LOS, CRM, Accounting, Payment gateways, Bureau, and other third-party systems.

2. Vendor & Implementation Management:

- Lead end-to-end vendor evaluation, selection, implementation, and governance.

- Drive delivery with external system vendors (LMS/LOS/Collections) and integration partners.

- Own scope management, change requests, release planning, and SLA tracking.

- Ensure implementation timelines are met without compromising system quality.

3. Techno-Functional Execution:

- Translate business requirements into detailed functional and technical documentation.

- Define APIs, data flows, system architecture interactions, and integration logic.

- Work closely with engineering teams on sprint planning, solution reviews, and defect resolution.

- Participate actively in "
no,,,49,Product Manager- Trade Finance (MSME),Ujjivan Small Finance Bank,"Bengaluru, Karnataka",https://in.linkedin.com/jobs/view/product-manager-trade-finance-msme-at-ujjivan-small-finance-bank-4464609837?utm_campaign=google_jobs_apply&utm_source=google_jobs_apply&utm_medium=organic,53,65,57,borderline,0.46,1/3,"Establish the Bank's Letter of Credit (LC) business and scale the existing Bank Guarantee (BG) business, Develop LC & BG product propositions, policy and process frameworks, pricing inputs, channel activation plans and customer acquisition strategy","[{""need"": ""Establish the Bank's Letter of Credit (LC) business and scale the existing Bank Guarantee (BG) business"", ""gain"": 8}, {""need"": ""Develop LC & BG product propositions, policy and process frameworks, pricing inputs, channel activation plans and customer acquisition strategy"", ""gain"": 8}, {""need"": ""Channel Activation"", ""gain"": 4}, {""need"": ""Hands-on exposure to LC / BG issuance, documentation, operations, credit coordination and customer solutioning"", ""gain"": 2}]",,"{""skill_match"": 0.4297, ""experience_fit"": 0.66, ""domain"": 0.5, ""education"": 1.0, ""achievement"": 1, ""trajectory"": 1.0}",unknown,unknown,,serpapi,aggregator,,,5 days ago,data/resumes/2026-09-13/Ujjivan_Small_Finance_Bank_Product_Manager_Trade_Finance_MSME/Mehul_Agarwal.docx,data/resumes/2026-09-13/Ujjivan_Small_Finance_Bank_Product_Manager_Trade_Finance_MSME/Mehul_Agarwal.pdf,"Product manager with 4+ years of experience across digital product, growth, and partnerships, including 3+ years in consumer lending and mortgage portfolios at Bajaj Finance. Proven track record in driving cross-functional execution across credit, risk, legal, compliance, and technology teams to scale lending products and build matching engines. Experienced in developing digital customer journeys, strategic partnerships, and funnel optimization to manage high-volume disbursals.","[""Own the business side of digital acquisition for the mortgage portfolio (Home Loans, LAP, Balance Transfer, Top-up), carrying the disbursal number for an online channel at ~₹100 Cr/month (~₹1,200 Cr annualised), up from ~₹80 Cr, against a full-year mandate of ~₹1,500 Cr."", ""Designed and shipped the MCP (Minimum Credit Parameters) Master and Lead Allocation Master — a two-sided matching engine that scores ~90,000 leads/month against each partner’s credit criteria and routes every lead to its best-fit lender, lifting lead-to-login conversion 40% and lead-to-disbursal from 0.5% to 0.7% at a ~40% approval rate and 50% match rate."", ""Part of a ~20-member cross-functional pod (product, engineering, growth, CX, analytics) with 2 direct reports, aligning 10 functions — Business, Sales, Call Centre, Credit Policy, Risk, Legal, Compliance, IT, CX, and Marketing.""]","[{""original"": ""Own the business side of digital acquisition for the mortgage portfolio (Home Loans, LAP, Balance Transfer, Top-up), carrying the disbursal number for an online channel at ~₹100 Cr/month (~₹1,200 Cr annualised), up from ~₹80 Cr, against a full-year mandate of ~₹1,500 Cr."", ""rewritten"": ""Driving business growth and portfolio performance for digital acquisition in the mortgage portfolio, carrying the disbursal number for an online channel at ~₹100 Cr/month (~₹1,200 Cr annualised), up from ~₹80 Cr, against a full-year mandate of ~₹1,500 Cr.""}, {""original"": ""Rebuilt the application journey with UI/UX — cutting drop-off 40% and completion time 15%, lifting completed applications 30% and automating 22% more of the journey end-to-end through straight-through processing."", ""rewritten"": ""Enabling digital journeys by rebuilding the application journey with UI/UX — cutting drop-off 40% and completion time 15%, lifting completed applications 30% and automating 22% more of the journey end-to-end through straight-through processing.""}, {""original"": ""Grew the live partner network from 4 to 6 lenders (2 more in build), negotiating lead-exchange and commission economics with Legal, Business, and Technology so a single customer can be matched against multiple partners’ criteria and monetised through distribution."", ""rewritten"": ""Building strategic partnerships and managing commission economics across a growing partner network, ensuring seamless cross-functional execution with Legal, Business, and Technology.""}, {""original"": ""Define the capability roadmap and requirements for the channel as its business owner — translating the disbursal target into product, policy, and partner asks for Technology, Credit, and Legal to build against."", ""rewritten"": ""Defining the capability roadmap and product requirements as a business owner, working closely with Credit, Risk, Operations, Legal, and Technology for seamless implementation.""}]","[""cross-functional execution"", ""partnerships"", ""product management""]","[""Product management experience across lending/financial services"", ""Cross-functional execution with Credit, Risk, Operations, Legal, Compliance, and Technology teams"", ""Building digital customer journeys and improving turnaround time / process efficiency""]","[""Channel activation and partnerships: CV demonstrates building partner networks and strategic alliances, but not specifically through branch banking, wholesale banking, or DSAs for trade finance"", ""Product development: CV shows strong digital lending and loan product lifecycle management, but lacks specific Trade Finance, Letter of Credit (LC), or Bank Guarantee (BG) product experience""]","[""Experience in Trade Finance, Letter of Credit (LC) business, or Bank Guarantee (BG) scaling"", ""7 to 10 years of experience (CV has 4+ years)""]","Hi, I lead digital lending products and portfolio growth at Bajaj Finance, managing multi-crore disbursals and cross-functional journeys with Credit, Risk, and Tech. I'd love to bring my product management and partnership expertise to Ujjivan's MSME and banking initiatives.",Summary rewritten for this JD; 3 bullet(s) reworded to JD vocabulary (metrics preserved verbatim); Bullets reprioritized in: Product Manager - Home Loans,"The CV does not demonstrate direct experience in Trade Finance, Letter of Credit (LC), or Bank Guarantee (BG) operations and issuance.","banking, bank, existing, msme, letter, guarantee, developing, income, journeys, turnaround, branch, trade",stretch,stated,7-10,asks for 7-10 years vs your 4,"ROLE PURPOSE & OBJECTIVE:

To establish the Bank's Letter of Credit (LC) business and scale the existing Bank Guarantee (BG) business by developing products, activating channels, building partnerships, enabling digital capabilities, and driving business growth and fee income.Establish the Bank's Letter of Credit (LC) business and scale the existing Bank Guarantee (BG) business.Drive fee and commission income by developing LC & BG product propositions, policy and process frameworks, pricing inputs, channel activation plans and customer acquisition strategy.Enable digital journeys, faster turnaround time, strong compliance governance and cross- functional execution with Credit, Risk, Operations, Legal, Compliance and Technology teams.Launch and build the Bank's LC business, including product, policy, process and go-to- market strategy.Drive growth and penetration of the existing BG business across MSME, Commercial and Branch Banking channels.Develop business through Branch Banking, Wholesale Banking, MSME, DSAs and strategic partners.Enhance product features, pricing and customer value proposition for LC & BG.Build digital customer journeys and simplify processes to improve turnaround time.Train and enable sales teams, branches and relationship managers to drive LC & BG business.Work closely with Credit, Risk, Operations, Legal and Technology for seamless implementation. Monitor business performance, profitability, fee income, portfolio quality andrecommend continuous improvements.


Educational Qualifications:




Graduate in Commerce / Finance / Business / Economics or related discipline. MBA / PGDM in Finance, Banking, International Business or Trade Finance preferred.


Experience:

7 to 10 years of experience in Banking / NBFC / Trade Finance / Transaction Banking / LC & BG Operations / MSME Banking / Commercial Banking / Product Management. Hands-on exposure to LC / BG issuance, documentation, operations, credit coordination and customer solutioning will be pref"
no,,,47,Lender Partnership Manager,moneycontrol.com,"Mumbai, Maharashtra",https://www.adzuna.in/land/ad/5880953353?se=7jSToUuv8RGhe8--YZ_w9w&utm_medium=api&utm_source=195aa6d0&v=AC4471DD3DB7370965BD6BE1BDA56576C45496AA,62,79,40,borderline,0.3,0/4,"Identify, evaluate, and onboard new lending, financial, and strategic partners, Build and manage strong relationships with banks, NBFCs, fintechs, merchants, and ecosystem partners, Own the end-to-end partnership lifecycle from prospecting and negotiations to contracting, onboarding, integration, and launch, Define partnership models, commercials, pricing, and business terms","[{""need"": ""Identify, evaluate, and onboard new lending, financial, and strategic partners"", ""gain"": 7}, {""need"": ""Build and manage strong relationships with banks, NBFCs, fintechs, merchants, and ecosystem partners"", ""gain"": 7}, {""need"": ""Own the end-to-end partnership lifecycle from prospecting and negotiations to contracting, onboarding, integration, and launch"", ""gain"": 7}, {""need"": ""Define partnership models, commercials, pricing, and business terms"", ""gain"": 7}, {""need"": ""Negotiations"", ""gain"": 4}]",,"{""skill_match"": 0.2143, ""experience_fit"": 0.85, ""domain"": 0.75, ""education"": 1.0, ""achievement"": 1, ""trajectory"": 1.0}",unknown,unknown,,adzuna,aggregator,,,2026-09-12T17:21:17Z,data/resumes/2026-09-13/moneycontrol_com_Lender_Partnership_Manager/Mehul_Agarwal.docx,data/resumes/2026-09-13/moneycontrol_com_Lender_Partnership_Manager/Mehul_Agarwal.pdf,"Product manager with 4+ years across digital product, growth, and partnerships, specializing in digital lending and strategic alliances at Bajaj Finance. Proven track record of owning end-to-end partnership lifecycles, negotiating lead-exchange and commission economics, and scaling a live partner network from 4 to 6 lenders. Experienced in designing multi-partner matching engines and managing cross-functional ecosystems across 10 functions.","[""Grew the live partner network from 4 to 6 lenders (2 more in build), negotiating lead-exchange and commission economics with Legal, Business, and Technology so a single customer can be matched against multiple partners’ criteria and monetised through distribution."", ""Designed and shipped the MCP (Minimum Credit Parameters) Master and Lead Allocation Master — a two-sided matching engine that scores ~90,000 leads/month against each partner’s credit criteria and routes every lead to its best-fit lender, lifting lead-to-login conversion 40% and lead-to-disbursal from 0.5% to 0.7% at a ~40% approval rate and 50% match rate."", ""Own the business side of digital acquisition for the mortgage portfolio (Home Loans, LAP, Balance Transfer, Top-up), carrying the disbursal number for an online channel at ~₹100 Cr/month (~₹1,200 Cr annualised), up from ~₹80 Cr, against a full-year mandate of ~₹1,500 Cr.""]","[{""original"": ""Grew the live partner network from 4 to 6 lenders (2 more in build), negotiating lead-exchange and commission economics with Legal, Business, and Technology so a single customer can be matched against multiple partners’ criteria and monetised through distribution."", ""rewritten"": ""Built and managed the live partner network, growing it from 4 to 6 lenders (2 more in build) by negotiating lead-exchange and commission economics with Legal, Business, and Technology to enable multi-partner matching and monetization.""}, {""original"": ""Designed and shipped the MCP (Minimum Credit Parameters) Master and Lead Allocation Master — a two-sided matching engine that scores ~90,000 leads/month against each partner’s credit criteria and routes every lead to its best-fit lender, lifting lead-to-login conversion 40% and lead-to-disbursal from 0.5% to 0.7% at a ~40% approval rate and 50% match rate."", ""rewritten"": ""Evaluated and onboarded credit criteria into a two-sided matching engine (MCP Master and Lead Allocation Master) scoring ~90,000 leads/month and routing them across the partner network, lifting lead-to-login conversion 40% and lead-to-disbursal from 0.5% to 0.7%.""}]","[""partnership"", ""manage"", ""relationships"", ""nbfcs"", ""ecosystem""]","[""Managing lending partner relationships and networks"", ""End-to-end partnership lifecycle management including onboarding and integration"", ""Defining partnership models, commercials, pricing, and business terms""]","[""Identifying and evaluating new partners: CV shows growing an existing network from 4 to 6 lenders and building matching engines, but prospecting external merchants/fintechs is less emphasized.""]","[""Direct outreach and business development targeting merchants, banks, and broad fintech ecosystems outside the mortgage and lending platforms already managed.""]","Hi, I manage lending partnerships at Bajaj Finance where I grew our live lender network from 4 to 6 partners and designed our multi-partner matching engine. I'd love to bring my end-to-end partnership experience to Moneycontrol's lender partnership role.","Summary rewritten for this JD; 1 bullet(s) reworded to JD vocabulary (metrics preserved verbatim); Bullets reprioritized in: Product Manager - Home Loans; Skill groups reordered (Business, Growth & Partnerships first)","The job asks for prospecting and onboarding across a broad merchant and banking ecosystem, whereas the CV's partnership experience is specifically focused on mortgage and lending-partner networks within Bajaj Finance.","partnership, identify, evaluate, onboard, financial, manage, relationships, banks, nbfcs, fintechs, merchants, ecosystem",unknown,unknown,,no experience requirement found in the available text,"Key Responsibilities Identify, evaluate, and onboard new lending, financial, and strategic partners to drive business growth. Build and manage strong relationships with banks, NBFCs, fintechs, merchants, and ecosystem partners . Own the end-to-end partnership lifecycle — from prospecting and negotiations to contracting, onboarding, integration, and launch. Define partnership models, commercials, pricing, and business terms aligned with organizational objectives. Drive business volumes, revenue,…"
no,,,44,"Senior Business Analyst, Islamic Banking",IN1 Finastra Software Solutions (India) Private Limited,"Bengaluru, Karnataka",https://finastra.wd3.myworkdayjobs.com/en-US/FINC/job/Senior-Product-Manager_REQ0125_0032893-1?utm_campaign=google_jobs_apply&utm_source=google_jobs_apply&utm_medium=organic,45,42,45,borderline,0.46,2/10,"Product Ownership, Islamic Banking, Shariah-compliant structures, Financing workflows, Deposits, Profit calculation and distribution, Pool management, BRDs, user stories, acceptance criteria, workflow diagrams, functional specifications, and test scenarios","[{""need"": ""Product Ownership"", ""gain"": 3}, {""need"": ""Islamic Banking"", ""gain"": 3}, {""need"": ""Shariah-compliant structures"", ""gain"": 3}, {""need"": ""Financing workflows"", ""gain"": 3}, {""need"": ""Deposits"", ""gain"": 3}]",,"{""skill_match"": 0.1519, ""experience_fit"": 0.85, ""domain"": 0.75, ""education"": 1.0, ""achievement"": 1, ""trajectory"": 1.0}",unknown,unknown,,serpapi,aggregator,,,24 days ago,data/resumes/2026-09-13/IN1_Finastra_Software_Solutions_India_Pr_Senior_Business_Analyst_Islamic_Banking/Mehul_Agarwal.docx,data/resumes/2026-09-13/IN1_Finastra_Software_Solutions_India_Pr_Senior_Business_Analyst_Islamic_Banking/Mehul_Agarwal.pdf,"Product manager with over 4 years of experience across digital product, growth, and partnerships in consumer lending at Bajaj Finance. Proven expertise in defining requirement roadmaps, managing functional delivery, and collaborating with cross-functional pods spanning engineering, risk, legal, compliance, and analytics. Experienced in translating complex business rules, requirements, and compliance structures into shipped software capabilities and scalable platform workflows. Brings a strong background in Agile product management, feature requirement definition, stakeholder management, and release validation.","[""Defined the capability roadmap and requirements for the channel as its business owner — translating the disbursal target into product, policy, and partner asks for Technology, Credit, and Legal to build against."", ""Part of a ~20-member cross-functional pod (product, engineering, growth, CX, analytics) with 2 direct reports, aligning 10 functions — Business, Sales, Call Centre, Credit Policy, Risk, Legal, Compliance, IT, CX, and Marketing."", ""Ran the full product lifecycle for platform releases — requirement intake, PRDs, design, build, QA, deployment, and post-launch iteration — as the primary interface between business stakeholders and Engineering on scope, trade-offs, and release status.""]","[{""original"": ""Defined the capability roadmap and requirements for the channel as its business owner — translating the disbursal target into product, policy, and partner asks for Technology, Credit, and Legal to build against."", ""rewritten"": ""Defined product capability roadmaps and functional requirements, translating targets into technical, policy, and partner solution specifications for engineering, QA, and compliance teams.""}, {""original"": ""Ran the full product lifecycle for platform releases — requirement intake, PRDs, design, build, QA, deployment, and post-launch iteration — as the primary interface between business stakeholders and Engineering on scope, trade-offs, and release status."", ""rewritten"": ""Managed the full product lifecycle across requirement intake, functional specifications, design, build, QA, deployment, and post-launch iteration, bridging business stakeholders and engineering teams.""}, {""original"": ""Designed and shipped the MCP (Minimum Credit Parameters) Master and Lead Allocation Master — a two-sided matching engine that scores ~90,000 leads/month against each partner’s credit criteria and routes every lead to its best-fit lender, lifting lead-to-login conversion 40% and lead-to-disbursal from 0.5% to 0.7% at a ~40% approval rate and 50% match rate."", ""rewritten"": ""Designed and shipped matching engines applying credit criteria and business rules to score ~90,000 leads/month, automating routing workflows, validation rules, and exception handling to lift conversions.""}, {""original"": ""Rebuilt the application journey with UI/UX — cutting drop-off 40% and completion time 15%, lifting completed applications 30% and automating 22% more of the journey end-to-end through straight-through processing."", ""rewritten"": ""Rebuilt digital user journeys and workflows to improve completion rates and automate financing processes end-to-end through straight-through processing.""}]","[""functional"", ""support"", ""solutions"", ""global""]","[""Product ownership and Agile delivery experience across requirement intake, user stories, PRDs, QA, and release validation"", ""Cross-functional stakeholder management across engineering, QA, compliance, legal, and business teams"", ""Designing complex business rules, workflow automation, and structured system behaviors""]","[""Core banking and lending platform experience: CV has strong digital lending, NBFC platform, and loan origination experience, but lacks exposure to core banking systems."", ""Business analysis and requirements documentation: CV shows BRDs, PRDs, and requirements gathering, but not formal enterprise business analyst artifacts for banking software.""]","[""No background or domain knowledge in Islamic banking, Shariah principles, Murabaha, Ijarah, Mudarabah, Musharakah, Tawarruq, Wakala, or Islamic pool management and profit distribution."", ""No experience with Finastra software solutions or Islamic core banking platforms.""]","Hi, I saw the Senior Business Analyst role for Islamic Banking at Finastra. With 4+ years defining product requirements, workflows, and rule engines for lending platforms at Bajaj Finance, I'd love to connect and discuss how my functional experience translates.",Summary rewritten for this JD; 2 bullet(s) reworded to JD vocabulary (metrics preserved verbatim); Bullets reprioritized in: Product Manager - Home Loans; Skill items resequenced toward JD mentions,"The CV contains no experience in Islamic banking, Shariah-compliant financial structures, or Finastra software solutions.","banking, islamic, finastra, support, functional, opportunities, regulatory, career, global, solutions, employee, initiatives",good_fit,inferred,6-10,"asks for 6-10 years, you have 4","Who are we? At Finastra, we’re a global leader in financial services software, dedicated to expanding access to financial services and shaping what’s next for the industry. Our technology powers mission‑critical solutions across Lending, Payments and Universal Banking, supporting over 7,000 customers, including 80% of the world’s top 50 banks, in more than 110 countries. Disclaimer: Finastra has signed an agreement to sell its Universal Banking business to Pollen Street Capital, with completion expected end 2026 / early 2027, subject to consultation and customary closing conditions. Upon completion, this role is expected to transition to the standalone Universal Banking business, creating opportunities to support its future growth and success. Senior Business Analyst – Islamic Banking We are seeking a Senior Business Analyst – Islamic Banking to act as the domain expert and product ownership partner for Islamic core banking capabilities. The role will translate Islamic banking business needs, Shariah principles, and regulatory requirements into clear, delivery-ready requirements for engineering teams. Working closely with Product Management, Engineering, Architecture, QA, Implementation, Compliance, and client-facing teams, this role will define and validate Shariah-aligned solutions across Islamic financing, deposits, pool management, profit calculation, distribution, accounting, controls, and regulatory reporting. Key Responsibilities Own and refine the functional backlog for Islamic banking capabilities, converting roadmap priorities, client needs, regulatory changes, and Shariah requirements into user stories, business rules, workflows, acceptance criteria, and functional specifications. Act as the product ownership partner for Engineering, clarifying requirements, resolving functional questions, supporting prioritization trade-offs, and ensuring the delivery team understands the business problem, expected behaviour, and customer value. Provide Islamic banking s"
no,,,40,Senior Business Analyst / SME – Commercial Lending,Intellect Design Arena Ltd,"Mumbai, Maharashtra",https://getmereferred.com/in/job-listing/senior-business-analyst-sme-commercial-lending-intellect-design-arena-ltd-inmhmumbai-5-to-10-years-experience-4c9fde08-b6a5-4f64-b750-3f3d2732c331?utm_campaign=google_jobs_apply&utm_source=google_jobs_apply&utm_medium=organic,47,44,45,borderline,0.6,1/5,"Commercial / SME Lending domain expertise, Loan Origination, Loan Management, Underwriting, Servicing, and Delinquency Handling, Ability to conduct client workshops and interact with business & technology teams, Agile and Waterfall delivery experience","[{""need"": ""Commercial / SME Lending domain expertise"", ""gain"": 7}, {""need"": ""Loan Origination, Loan Management, Underwriting, Servicing, and Delinquency Handling"", ""gain"": 7}, {""need"": ""Ability to conduct client workshops and interact with business & technology teams"", ""gain"": 7}, {""need"": ""Agile and Waterfall delivery experience"", ""gain"": 7}, {""need"": ""Communication"", ""gain"": 3}]",,"{""skill_match"": 0.1429, ""experience_fit"": 0.615, ""domain"": 0.75, ""education"": 1.0, ""achievement"": 1, ""trajectory"": 1.0}",unknown,unknown,,serpapi,aggregator,,,,data/resumes/2026-09-13/Intellect_Design_Arena_Ltd_Senior_Business_Analyst_SME_Commercial_L/Mehul_Agarwal.docx,data/resumes/2026-09-13/Intellect_Design_Arena_Ltd_Senior_Business_Analyst_SME_Commercial_L/Mehul_Agarwal.pdf,"Product manager with 4+ years across digital lending, product lifecycles, and stakeholder management at Bajaj Finance. Experienced in requirement gathering, building business rules engines, and managing cross-functional delivery pods across 10 functions. Proven track record of translating business and credit requirements into shipped capability and scalable lending journeys.","[""Defined the capability roadmap and requirements for the channel as its business owner — translating the disbursal target into product, policy, and partner asks for Technology, Credit, and Legal to build against."", ""Designed and shipped the MCP (Minimum Credit Parameters) Master and Lead Allocation Master — a two-sided matching engine that scores ~90,000 leads/month against each partner’s credit criteria and routes every lead to its best-fit lender, lifting lead-to-login conversion 40% and lead-to-disbursal from 0.5% to 0.7% at a ~40% approval rate and 50% match rate."", ""Run the full product lifecycle for platform releases — requirement intake, PRDs, design, build, QA, deployment, and post-launch iteration — as the primary interface between business stakeholders and Engineering on scope, trade-offs, and release status.""]","[{""original"": ""Define the capability roadmap and requirements for the channel as its business owner — translating the disbursal target into product, policy, and partner asks for Technology, Credit, and Legal to build against."", ""rewritten"": ""Collaborate with business and technical teams to understand and translate requirements into scalable solutions, defining the capability roadmap and requirements as channel business owner.""}, {""original"": ""Part of a ~20-member cross-functional pod (product, engineering, growth, CX, analytics) with 2 direct reports, aligning 10 functions — Business, Sales, Call Centre, Credit Policy, Risk, Legal, Compliance, IT, CX, and Marketing."", ""rewritten"": ""Managed stakeholder communication and alignment across a ~20-member cross-functional pod and 10 functions including Business, Credit Policy, Risk, Legal, Compliance, and IT.""}, {""original"": ""Run the full product lifecycle for platform releases — requirement intake, PRDs, design, build, QA, deployment, and post-launch iteration — as the primary interface between business stakeholders and Engineering on scope, trade-offs, and release status."", ""rewritten"": ""Executed end-to-end product lifecycle management for platform releases — requirement intake, PRDs, design, build, QA, deployment, and iteration — acting as primary interface between stakeholders and technical teams.""}]","[""Requirement Gathering"", ""Stakeholder Management"", ""Agile"", ""Process Analysis""]","[""Requirement gathering and BRDs/PRDs"", ""Stakeholder management"", ""Agile delivery environments"", ""Problem-solving skills""]","[""Lending domain expertise: CV shows retail consumer lending (Personal Loans and Home Loans/mortgages) at Bajaj Finance rather than enterprise commercial/SME lending software systems."", ""End-to-end Lending Lifecycle Management: CV demonstrates origination, lead allocation, and matching, but does not explicitly mention enterprise Loan Origination Systems (LOS), Loan Management Systems (LMS), servicing, or delinquency handling.""]","[""8+ years experience in Commercial / SME Lending domain"", ""Experience with enterprise lending transformation programs"", ""Direct experience working with JIRA, Confluence, BlueWorks, Lucid Chart, and MS Visio""]","Hi, I saw the Senior Business Analyst / SME role at Intellect Design Arena. With 3+ years in consumer lending at Bajaj Finance, I have experience in requirement gathering, product lifecycles, and cross-functional stakeholder management. Would love to connect about how my background aligns.",Summary rewritten for this JD; 2 bullet(s) reworded to JD vocabulary (metrics preserved verbatim); Bullets reprioritized in: Product Manager - Home Loans; Skill items resequenced toward JD mentions,"The JD specifically requires 8+ years of experience in Commercial / SME Lending and enterprise lending transformation programs, whereas the candidate has 4+ years of total experience primarily focused on consumer lending.","expertise, understanding, project, closely, enterprise-scale, transformation, servicing, underwriting, delinquency, functional, banking, fintech",good_fit,inferred,6-10,"asks for 6-10 years, you have 4","We are looking for a highly experienced Commercial Lending SME / Senior Business Analyst with strong expertise in SME Lending and end-to-end Lending Lifecycle Management.The ideal candidate should bring strong lending domain expertise, stakeholder management capability, and experience working closely with business, product, and technology teams on enterprise-scale lending transformation programs.This role requires a strong understanding of Loan Origination Systems (LOS), Loan Management Systems (LMS), servicing, underwriting, delinquency handling, and commercial lending workflows.What You Will DoBring strong functional expertise in Commercial / SME Lending gained through prior banking or FinTech experience.Guide, mentor, and support Business Analysts throughout the project lifecycle.Collaborate with business users and technical teams to understand and translate functional requirements into scalable solutions.Document business requirements, workflows, BRDs, User Stories, and process flows using tools such as JIRA, Confluence, BlueWorks, Lucid Chart, and MS Visio.Work closely with Solution Architects to analyze requirements and design enterprise-grade lending solutions.Support QA teams by reviewing test cases and validating business scenarios.Participate in Client UAT discussions and support successful implementation.Lead client workshops, stakeholder discussions, and requirement-gathering sessions.Identify process gaps, business pain points, and recommend practical, scalable solutions.Ensure Requirement Traceability Matrix (RTM) and project documentation are maintained effectively.Prepare project artifacts including SOPs, User Guides, workflows, and process documentation.Required Skills & Experience8+ Strong experience in Commercial / SME Lending domain.Good understanding of Loan Origination, Loan Management, Underwriting, Servicing, and Delinquency Handling.Experience in requirement gathering, stakeholder management, and business process analysis.Ability to conduct "
no,,,38,Product Manager - Emerging Asset Financing,IDFC FIRST Bank,"Mumbai, Maharashtra",https://careers.idfcfirst.bank.in/in/en/job/P-213302/Product-Manager-Emerging-Asset-Financing?utm_campaign=google_jobs_apply&utm_source=google_jobs_apply&utm_medium=organic,46,43,32,weak,0.49,0/5,"structured finance, corporate banking, project finance, financial modelling, credit appraisal processes","[{""need"": ""structured finance"", ""gain"": 6}, {""need"": ""corporate banking"", ""gain"": 6}, {""need"": ""project finance"", ""gain"": 6}, {""need"": ""financial modelling"", ""gain"": 6}, {""need"": ""credit appraisal processes"", ""gain"": 6}]",,"{""skill_match"": 0, ""experience_fit"": 1.0, ""domain"": 0.75, ""education"": 1.0, ""achievement"": 1, ""trajectory"": 1.0}",unknown,unknown,,serpapi,aggregator,,,24 days ago,data/resumes/2026-09-13/IDFC_FIRST_Bank_Product_Manager_Emerging_Asset_Financing/Mehul_Agarwal.docx,data/resumes/2026-09-13/IDFC_FIRST_Bank_Product_Manager_Emerging_Asset_Financing/Mehul_Agarwal.pdf,"Product manager with 4+ years of experience across digital product, growth, and partnerships, including 3+ years in consumer lending and mortgage portfolios at Bajaj Finance. Owns business outcomes and digital acquisition for a mortgage portfolio carrying ~₹100 Cr/month disbursals against a ~₹1,500 Cr annual mandate. Brings expertise in cross-functional stakeholder management, credit criteria, and managing end-to-end product lifecycles.","[""Own the business side of digital acquisition for the mortgage portfolio (Home Loans, LAP, Balance Transfer, Top-up), carrying the disbursal number for an online channel at ~₹100 Cr/month (~₹1,200 Cr annualised), up from ~₹80 Cr, against a full-year mandate of ~₹1,500 Cr."", ""Designed and shipped the MCP (Minimum Credit Parameters) Master and Lead Allocation Master — a two-sided matching engine that scores ~90,000 leads/month against each partner’s credit criteria and routes every lead to its best-fit lender, lifting lead-to-login conversion 40% and lead-to-disbursal from 0.5% to 0.7% at a ~40% approval rate and 50% match rate."", ""Part of a ~20-member cross-functional pod (product, engineering, growth, CX, analytics) with 2 direct reports, aligning 10 functions — Business, Sales, Call Centre, Credit Policy, Risk, Legal, Compliance, IT, CX, and Marketing.""]","[{""original"": ""Own the business side of digital acquisition for the mortgage portfolio (Home Loans, LAP, Balance Transfer, Top-up), carrying the disbursal number for an online channel at ~₹100 Cr/month (~₹1,200 Cr annualised), up from ~₹80 Cr, against a full-year mandate of ~₹1,500 Cr."", ""rewritten"": ""Manage the business side of digital acquisition for the mortgage portfolio, carrying the disbursal number for an online channel at ~₹100 Cr/month (~₹1,200 Cr annualised), up from ~₹80 Cr, against a full-year mandate of ~₹1,500 Cr.""}, {""original"": ""Define the capability roadmap and requirements for the channel as its business owner — translating the disbursal target into product, policy, and partner asks for Technology, Credit, and Legal to build against."", ""rewritten"": ""Define the capability roadmap and requirements as a business owner, translating disbursal targets into product, policy, and partner requirements for execution.""}]","[""Product Management"", ""Stakeholder Management"", ""Go-to-Market Strategy""]","[""4+ years of professional experience"", ""MBA degree"", ""Experience in NBFC / lending domain""]","[""Lending portfolio management and credit processes: CV shows retail and mortgage lending at an NBFC, but does not explicitly demonstrate wholesale banking or corporate structured finance transactions.""]","[""Wholesale banking, corporate banking client coverage, and structured finance deal execution"", ""Preparation of credit appraisal memos/models/term sheets for corporate structured finance"", ""Professional degree in CA or CFA, or MBA Finance specifically""]","Hi, I saw the Product Manager - Emerging Asset Financing role and wanted to connect. With 4+ years in digital product, growth, and mortgage portfolio management at Bajaj Finance, I bring strong experience in credit parameters, lending portfolios, and cross-functional execution.","Summary rewritten for this JD; 2 bullet(s) reworded to JD vocabulary (metrics preserved verbatim); Bullets reprioritized in: Product Manager - Home Loans; Skill groups reordered (Business, Growth & Partnerships first)","The CV does not demonstrate experience in wholesale banking, corporate banking, or structured finance deal execution.","structured, solutions, financing, banking, corporate, clients, bespoke, support, transactions, structuring, pitch, degree",good_fit,stated,4-8,"asks for 4-8 years, you have 4","Job Requirements 
Role/ Job Title: Product Manager-Emerging Asset Financing

Business: Wholesale Banking

Function/ Department: Credit Syndication

Job Purpose:

Emerging Assets Financing sits within the Wholesale Banking division and is a newly established team focused on supporting the structured and tailored financing requirements of Corporate Banking clients. The team specializes in designing innovative lending solutions and creating bespoke structures to meet complex client needs.

The role would support the Product Lead in designing and executing structured finance transactions across sectors. The role involves assisting in structuring innovative & bespoke lending solutions for the Bank’s clients.

Roles & Responsibilities:

The role involves managing the entire lifecycle of an exposure, from initial structuring and deal negotiation to obtaining credit approvals, executing transactions, and ongoing monitoring throughout the life of the deal.

•    Work with Product Lead and Coverage RMs to pitch for bespoke lending solutions to corporate clients seeking such solutions

•    Prepare client presentations and pitch materials for structured finance solutions.

•    Assist in analyzing client requirements to support development of tailored financing structures.

•    Preparation of credit appraisal memos / models / term sheets etc and negotiation of transaction-related documentation etc

•    Monitor ongoing deals, track covenants, and highlight emerging risks.

•    Support development of new structured lending products for corporate clients

•    Assist in preparing client presentations and pitch materials

•    Growth in structured lending portfolio within approved risk parameters

•    Timely and high-quality execution of transactions

•    Client satisfaction and repeat business

•    Innovation in structuring solutions for diverse client needs

Qualifications:

Graduate Degree, Post Graduate Degree - MBA Finance, Professional Degree - CA or CFA

Years of Expe"
no,,,33,Business Analyst- Corporate/ Commercial lending Operation,Mizuho,"Navi Mumbai, Maharashtra",https://www.jobaaj.com/job/mizuho-business-analyst-corporate-commercial-lending-operation-navi-mumbai-maharashtra-5-to-7-years-876787?utm_campaign=google_jobs_apply&utm_source=google_jobs_apply&utm_medium=organic,44,43,43,borderline,0.8,1/10,"business analyst experience in corporate or commercial lending, prepare and maintain business requirement documents (brd), functional requirement documents (frd) and use case specification, end to end process reviews, identify inefficiencies and aligned with regulatory and operational standards, handling the full lending operation process, including doc verification, data entry, compliance checks, lending disbursement, collaborate with stakeholder to capture and documents requirement related to credit facilities origination, bilateral and syndication lending and settlement operations, understanding of credit lifecycle of bilateral loans and syndicate loan corporate lending systems (eg FIS, ACBS, LOANIQ, NCINO), experience in regulatory compliance, liaise with it business users and cross functional teams, lead user acceptance testing (uat) including scenario creation issue tracking and resolution","[{""need"": ""business analyst experience in corporate or commercial lending"", ""gain"": 4}, {""need"": ""prepare and maintain business requirement documents (brd), functional requirement documents (frd) and use case specification"", ""gain"": 4}, {""need"": ""end to end process reviews, identify inefficiencies and aligned with regulatory and operational standards"", ""gain"": 4}, {""need"": ""handling the full lending operation process, including doc verification, data entry, compliance checks, lending disbursement"", ""gain"": 4}, {""need"": ""collaborate with stakeholder to capture and documents requirement related to credit facilities origination, bilateral and syndication lending and settlement operations"", ""gain"": 4}]",,"{""skill_match"": 0.0711, ""experience_fit"": 0.468, ""domain"": 0.75, ""education"": 1.0, ""achievement"": 1, ""trajectory"": 1.0}",unknown,unknown,,serpapi,aggregator,,,,data/resumes/2026-09-13/Mizuho_Business_Analyst_Corporate_Commercial_le/Mehul_Agarwal.docx,data/resumes/2026-09-13/Mizuho_Business_Analyst_Corporate_Commercial_le/Mehul_Agarwal.pdf,"Product manager with 4+ years of experience across digital lending, product lifecycles, and stakeholder management at Bajaj Finance. Experienced in defining product requirements, BRDs, and managing cross-functional delivery across consumer lending portfolios. Holds a B.Tech and an MBA from the Delhi School of Economics.","[""Define the capability roadmap and requirements for the channel as its business owner — translating the disbursal target into product, policy, and partner asks for Technology, Credit, and Legal to build against."", ""Part of a ~20-member cross-functional pod (product, engineering, growth, CX, analytics) with 2 direct reports, aligning 10 functions — Business, Sales, Call Centre, Credit Policy, Risk, Legal, Compliance, IT, CX, and Marketing."", ""Ran the full product lifecycle for platform releases — requirement intake, PRDs, design, build, QA, deployment, and post-launch iteration — as the primary interface between business stakeholders and Engineering on scope, trade-offs, and release status.""]","[{""original"": ""Define the capability roadmap and requirements for the channel as its business owner — translating the disbursal target into product, policy, and partner asks for Technology, Credit, and Legal to build against."", ""rewritten"": ""Defined product requirements and capability roadmaps as a business owner, translating targets into requirement documents for cross-functional delivery across Technology, Credit, and Legal.""}, {""original"": ""Ran the full product lifecycle for platform releases — requirement intake, PRDs, design, build, QA, deployment, and post-launch iteration — as the primary interface between business stakeholders and Engineering on scope, trade-offs, and release status."", ""rewritten"": ""Managed the full product lifecycle for platform releases from requirement intake and BRDs/PRDs to UAT support, deployment, and post-launch iteration while collaborating with stakeholders.""}]","[""Stakeholder Management"", ""Requirement Gathering"", ""BRDs/PRDs"", ""Agile/Scrum"", ""Cross-functional Teams""]","[""Stakeholder management and communication across functions"", ""Requirement gathering, BRD preparation, and workflow design"", ""Cross-functional team collaboration and project delivery support""]","[""Business analysis experience: candidate has 4+ years in product management and digital lending rather than 15-20 years total experience and 5+ years specifically in corporate/commercial lending operations requested by the JD."", ""Testing support: candidate mentions product QA and release cycles, but specific UAT test case creation and issue management for commercial lending systems is not explicitly detailed.""]","[""Total experience of 15-20 years with a minimum of 5 years in corporate or commercial lending operations, bilateral/syndication lending, and settlement operations"", ""Hands-on experience with specific corporate lending systems such as FIS, ACBS, LOANIQ, or NCINO"", ""Current location in Mumbai within 20 kilometers from central or harbour line""]","Hi, I saw the Business Analyst role at Mizuho Global Services. With 4+ years owning digital lending journeys, requirements gathering, and cross-functional stakeholder management at Bajaj Finance, I bring strong product and operational delivery experience. I'd love to discuss how my background fits your team.",Summary rewritten for this JD; 2 bullet(s) reworded to JD vocabulary (metrics preserved verbatim); Bullets reprioritized in: Product Manager - Home Loans; Skill items resequenced toward JD mentions,"The candidate lacks the required 15-20 years of total experience, 5+ years specifically in corporate/commercial lending operations and bilateral/syndication lending, and expertise in corporate lending systems like LoanIQ or ACBS.","operation, mizuho, provide, support, project, corporate, related, analyst, planning, global, which, banks",good_fit,stated,5+,"asks for 5+ years, you have 4","Mizuho Global Services Pvt Ltd (MGS) is a subsidiary company of Mizuho Bank, Ltd, which is one of the largest banks or so called Mega Banks of Japan. MGS was established in the year 2020 as part of Mizuhos long-term strategy of creating a captive global processing center for remotely handling banking and IT related operations of Mizuho Banks domestic and overseas offices and Mizuhos group companies across the globe.At Mizuho we are committed to a culture that is driven by ethical values and supports diversity in all its forms for its talent pool. Direction of MGSs development is paved by its three key pillars, which are Mutual Respect, Discipline and Transparency, which are set as the baseline of every process and operation carried out at MGS.Whats in it for youo Immense exposure and learningo Excellent career growtho Company of highly passionate leaders and mentorso Ability to build things from scratchKnow more about MGS: -https://www.mizuhogroup.com/asia-pacific/mizuho-global-services Position:- vice president- Business Analyst commercial lending operation Shift :- General shift work from office No of vacancy: - 1 Key Responsibilities: Planning & Promotion as BAo Business requirement validation with use cases in the prototyping phaseo Establish and introduce new work procedures and/ or workaroundso Planning and promotion of user tasks from BAs perspectiveo Conduct study to analyse system effectiveness and cycle timeo Provide training to local and overseas userso Provide support in User Acceptance Testingo Liaise with End Users, Vendors and Head Office in migration and other project taskso Assist in the preparation of System and Operation manualso Provide support in User Acceptance Testing (including Test Case Creation and IssueManagement)o Conduct Client Impact Analysis and Support Customer Notification Management & Reportingo Support the Team as a Subject Expert in the management of Lending related IT Projectso Facilitate in system function and workflow designo M"
no,,,29,Senior Product Manager,Right Hire,"Bangalore, Karnataka",https://www.adzuna.in/details/5880845477?utm_medium=api&utm_source=195aa6d0,46,39,4,weak,0.08,0/0,,"[{""need"": ""senior product"", ""gain"": 2}, {""need"": ""manager senior"", ""gain"": 2}, {""need"": ""b2b saas location"", ""gain"": 2}, {""need"": ""bengaluru"", ""gain"": 2}, {""need"": ""office"", ""gain"": 2}]",,"{""skill_match"": 0.3029, ""experience_fit"": 0.85, ""domain"": 0, ""education"": 1.0, ""achievement"": 1, ""trajectory"": 1.0}",unknown,unknown,,adzuna,aggregator,,,2026-09-12T16:12:16Z,,,,[],[],[],[],[],[],,,,"leadsquared, businesses, manage, leads, interactions, senior, saas, location, bengaluru, mode, office, department",good_fit,stated,5+,"asks for 5+ years, you have 4","Senior Product Manager – AI / B2B SaaS Location: Bengaluru Work Mode: Work from Office Experience: 5 years Department: Product Management About LeadSquared LeadSquared is a leading Sales CRM for high-velocity revenue teams, helping businesses manage leads, sales processes, customer interactions, marketing, and revenue workflows at scale. We serve businesses where large sales teams manage high volumes of leads and customer interactions, making speed, prioritisation, automation, and effective sal…"
no,,,27,Credit & Business Analyst,Syngenta,"Pune, Maharashtra",https://www.jobaaj.com/job/syngenta-credit-business-analyst-pune-2-to-4-years-22491?utm_campaign=google_jobs_apply&utm_source=google_jobs_apply&utm_medium=organic,35,30,16,weak,0.58,1/12,"matter, vital, safely feeding, world, taking care, planet.to learn, visit, www.syngenta.com, www.good-growth-plandescriptionrole purpose, credit business analyst, credit limits","[{""need"": ""matter"", ""gain"": 2}, {""need"": ""vital"", ""gain"": 2}, {""need"": ""safely feeding"", ""gain"": 2}, {""need"": ""world"", ""gain"": 2}, {""need"": ""taking care"", ""gain"": 2}]",,"{""skill_match"": 0.0753, ""experience_fit"": 1.0, ""domain"": 0.25, ""education"": 1.0, ""achievement"": 1, ""trajectory"": 1.0}",unknown,unknown,,serpapi,aggregator,,,,,,,[],[],[],[],[],[],,,,"syngenta, world, financial, agriculture, support, limit, internal, reporting, leading, crop, ambition, safely",good_fit,stated,2-4,"asks for 2-4 years, you have 4","About Syngenta: Syngenta is one of the world’s leading agriculture innovation company (Part of 23 Billion USD Syngenta Group this is the 2020 no. so we remove it). Syngenta Crop Protection and Syngenta Seeds are part of Syngenta Group, one of the world’s leading agriculture companies. Our ambition is to help safely feed the world while taking care of the planet. We aim to improve the sustainability, quality and safety of agriculture with world class science and innovative crop solutions. Our technologies enable millions of farmers around the world to make better use of limited agricultural resources. A diverse workforce and an inclusive workplace environment are enablers of our ambition to be the most collaborative and trusted team in agriculture. Our employees reflect the diversity of our customers, the markets where we operate and the communities which we serve. No matter what your position, you will have a vital role in safely feeding the world and taking care of our planet.To learn more visit: www.syngenta.com and www.good-growth-planDescriptionROLE PURPOSE:Credit & Business analyst is responsible to assign the credit limits for the customers, mitigate credit risks, customer account management, data driven analytics to support business decision and growth.Partner with stakeholders across separate business verticals to support on the credit management requirements for business delivery.Good understanding of industry outlook, financial analysis, emerging trends in digital spaceACCOUNTABILITIESReviewing the credit limit requests for existing & new customers, assessing the creditworthiness, performing financial analysis and recommending for approvals as per DOACredit monitoring of the large customer base, execute collection strategies as per the policy, close co-ordination with the sales team to understand the customer’s credit limit requirement and support for the monthly & annual sales budget by adequately mitigating the credit risksReponsible for customer account"
no,,,26,Partnership Manager - Bangalore,Keka HR,"Bangalore, Karnataka",https://www.adzuna.in/land/ad/5880950684?se=7jSToUuv8RGhe8--YZ_w9w&utm_medium=api&utm_source=195aa6d0&v=925717A87ED0507147FC78443626D3FBB88B0167,37,41,2,weak,0.08,0/0,,"[{""need"": ""bangalore title"", ""gain"": 2}, {""need"": ""title partnership"", ""gain"": 2}, {""need"": ""manager location-bangalore"", ""gain"": 2}, {""need"": ""keka"", ""gain"": 2}, {""need"": ""partner organization keka"", ""gain"": 2}]",,"{""skill_match"": 0.2329, ""experience_fit"": 0.85, ""domain"": 0, ""education"": 1.0, ""achievement"": 1, ""trajectory"": 1.0}",unknown,unknown,,adzuna,aggregator,,,2026-09-12T17:19:21Z,,,,[],[],[],[],[],[],,,,"keka, organization, payroll, title, partnership, location-bangalore, fastest-growing, modern, hr-tech, companies, serving, businesses",unknown,unknown,,no experience requirement found in the available text,"Title- Partnership Manager Location-Bangalore About Keka & the Partner Organization Keka is one of India's fastest-growing modern HR-tech companies, serving 10,000 businesses across HR, payroll, performance, hiring and finance. The Keka Partner Organization is a strategic growth lever — operating a partner ecosystem across distributors, resellers, technology / ISV partners, and referral partners (CAs, HR consultants, payroll bureaus, advisors) Role Summary The Partner Manager owns a named book …"
no,,,26,City Growth Manager,SWIGGY,"Bengaluru, KA, in",https://jobs.smartrecruiters.com/swiggy/6000000001400034,36,40,5,weak,0.24,0/0,,"[{""need"": ""city growth"", ""gain"": 2}, {""need"": ""manager swiggy"", ""gain"": 2}, {""need"": ""leading on-demand"", ""gain"": 2}, {""need"": ""on-demand delivery"", ""gain"": 2}, {""need"": ""tech-first approach"", ""gain"": 2}]",,"{""skill_match"": 0.2008, ""experience_fit"": 1.0, ""domain"": 0, ""education"": 1.0, ""achievement"": 1, ""trajectory"": 1.0}",unknown,unknown,,smartrecruiters,aggregator,,,2026-09-12T16:01:47.081Z,,,,[],[],[],[],[],[],,,,"approach, swiggy, leading, on-demand, convenience, innovation, food, insights, tech-first, logistics, solution-first, demands",good_fit,stated,4-5,"asks for 4-5 years, you have 4","Swiggy is India’s leading on-demand delivery platform with a tech-first approach to logistics and a solution-first approach to consumer demands. With a presence in 500+ cities across India, partnerships with hundreds of thousands of restaurants, an employee base of over 5000, a 2 lakh+ strong independent fleet of Delivery Executives, we deliver unparalleled convenience driven by continuous innovation. Built on the back of robust ML technology and fuelled by terabytes of data processed every day, Swiggy offers a fast, seamless and reliable delivery experience for millions of customers across India. From starting out as a hyperlocal food delivery service in 2014, to becoming India’s leading on-demand convenience platform today, our capabilities result not only in lightning-fast delivery for customers, but also in a productive and fulfilling experience for our employees. Key Responsibilities: Research, Innovation, and Analysis: Conduct comprehensive research to identify trends, customer needs, and monetization landscape to share deep insights. Analyze complex data sets to provide strategic insights and actionable recommendations Data Analytics: Executive Reporting Prepare and present reports and presentations to keep the food leadership team informed on progress. Maintain detailed records of project milestones, deliverables, and timelines to ensure transparency and accountability. Cross-functional Collaboration: Work closely with other departments (e.g., product, marketing, operations, finance) to ensure alignment and successful implementation of initiatives. -Education: Bachelor's Degree -Experience: 4-5 years in relevant e-commerce or management consulting firms -Technical Skills: High proficiency in data analysis (Excel/Gsheet, SQL) -Soft Skills: Strong problem-solving abilities, street-smart approach, and effective stakeholder management. We are an equal opportunity employer and all qualified applicants will receive consideration for employment without regard to ra"
no,,,25,Senior Technical Product Manager,Weekday AI,"Bangalore, Karnataka",https://www.adzuna.in/details/5880854489?utm_medium=api&utm_source=195aa6d0,46,49,2,weak,0.08,0/0,,"[{""need"": ""senior technical"", ""gain"": 2}, {""need"": ""technical product"", ""gain"": 2}, {""need"": ""weekday"", ""gain"": 2}, {""need"": ""clients salary range"", ""gain"": 2}, {""need"": ""inr"", ""gain"": 2}]",,"{""skill_match"": 0.2261, ""experience_fit"": 0.85, ""domain"": 0, ""education"": 1.0, ""achievement"": 1, ""trajectory"": 1.0}",unknown,unknown,,adzuna,aggregator,,,2026-09-12T16:13:37Z,,,,[],[],[],[],[],[],,,,"weekday, clients, salary, range, location, bengaluru, jobtype, full-time, experienced, highly, driven, senior",good_fit,stated,4+,"asks for 4+ years, you have 4","This role is for one of Weekday’s clients Salary range: Rs 6000000 - Rs 15000000 (ie INR 60 - 150 LPA) Min Experience: 4 years Location: Bengaluru JobType: full-time We are looking for an experienced and highly driven Senior Technical Product Manager to lead the strategy, development, and delivery of innovative technology products. The ideal candidate will have a strong background in software engineering and product management , with the ability to bridge the gap between business objectives, cu…"
no,,,25,Lead Business Analyst Credit Risk Bengaluru (India),Société Générale,"Bengaluru, Karnataka",https://www.shine.com/jobs/lead-business-analyst-credit-risk-bengaluru-india/societe-generale/19298377?utm_campaign=google_jobs_apply&utm_source=google_jobs_apply&utm_medium=organic,33,29,7,weak,0.36,0/4,"monitor progress, progress taking, taking appropriate, appropriate actions","[{""need"": ""monitor progress"", ""gain"": 3}, {""need"": ""progress taking"", ""gain"": 3}, {""need"": ""taking appropriate"", ""gain"": 3}, {""need"": ""appropriate actions"", ""gain"": 3}, {""need"": ""business analyst"", ""gain"": 1}]",,"{""skill_match"": 0.1547, ""experience_fit"": 0.85, ""domain"": 0.25, ""education"": 1.0, ""achievement"": 1, ""trajectory"": 1.0}",unknown,unknown,,serpapi,aggregator,,,,,,,[],[],[],[],[],[],,,,"functional, demonstrate, coordination, create, cft/rrr, global, efficiency, existing, processes, support, production, promote",over_senior,inferred,8-14,"title implies roughly 8-14 years (centre ~11y), above your 8-year ceiling — inferred from wording, not stated in the posting","Responsibilities   
Perform Business Analyst activities in the teams of CFT/RRRin GSC IN for BU/SUs   
Demonstrate advance level of functional and domain expertise.   
Seamless coordination with key stakeholders on functional domains and partnering with POs to create Synergy.   
Align & implement CFT & CFT/RRR OKRs, as applicable, thereby realizing global CFT, GSC CF & GSC goals.   
Create a detailed business analysis by outlining problems, opportunities, and solutions.   
Accurate and consistent delivery of committed artifacts by being attentive to detail and adhering to agile development methodologies.   
Develop current testing scenarios by enhancing the efficiency of existing processes.   
Optimize the existing business processes by meeting expectations of stakeholders.   
Provide L3 functional support to application end users and production support teams.   
Ensure adequate documentation of delivered artefacts.   
Define project catalogue in coordination with stakeholders for upcoming Production releases.   
Promote a culture of Agility, Client centricity, Efficiency, Commitment & Innovation with an Open mindset.   
Drive, contribute efficiencies & continuous improvement initiatives; monitor progress & taking appropriate actions when required.   
Lead, participate to global CFT/RRR Transformation programs.   
Ideate, seek & collate feedback on GSC and/or CFT/CRE strategy from team members, biz partners, stakeholders; Convert them into actions and communicate the same   
Demonstrate equality when dealing with peers, managers, team members & other stakeholders .   
Ensure realization of CSR related objectives that includes diversity, citizenship programs, CSR by design by engaging teams.   
Embody culture of OneCFT & be a model to promote it amongst peers, staff & stakeholders at large.   
Effective interpersonal skills in a multi-cultural team workplace .   
Strong stakeholder engagement & influencing skills in a matrix organization.   
Solid analytical skills w"
no,,,25,FS-RISK CONSULTING-FSRM - Basel III Business Analyst _CSTC-SENIOR,EY,"Chennai, Tamil Nadu",https://in.linkedin.com/jobs/view/fs-risk-consulting-fsrm-basel-iii-business-analyst-cstc-senior-at-ey-4458406936?utm_campaign=google_jobs_apply&utm_source=google_jobs_apply&utm_medium=organic,31,28,17,weak,0.66,1/12,"detailed implementation planning, governance, project management, raid, action trackers, decision logs, senior stakeholder updates, b3p roadmap.refresh, basel iii proposal, erba gap assessment, modified","[{""need"": ""detailed implementation planning"", ""gain"": 2}, {""need"": ""governance"", ""gain"": 2}, {""need"": ""project management"", ""gain"": 2}, {""need"": ""raid"", ""gain"": 2}, {""need"": ""action trackers"", ""gain"": 2}]",,"{""skill_match"": 0.0929, ""experience_fit"": 0.804, ""domain"": 0.25, ""education"": 1.0, ""achievement"": 1, ""trajectory"": 1.0}",unknown,unknown,,serpapi,aggregator,,,16 days ago,,,,[],[],[],[],[],[],,,,"capital, regulatory, basel, reporting, controls, support, operational, erba, documentation, financial, banks, project",good_fit,stated,5+,"asks for 5+ years, you have 4","At EY, you’ll have the chance to build a career as unique as you are, with the global scale, support, inclusive culture and technology to become the best version of you. And we’re counting on your unique voice and perspective to help EY become even better, too. Join us and build an exceptional experience for yourself, and a better working world for all.

Risk Consulting – Financial Services Risk Management (FSRM) – Basel III Business Analyst – Manager/Senior

Description

EY's Financial Services Office (FSO) is a unique, industry-focused business unit that provides a broad range of integrated services that leverage deep industry experience with strong functional capability and product knowledge. FSO practice provides integrated consulting services to financial institutions and other capital markets participants, including commercial banks, investment banks, broker-dealers, asset managers (traditional and alternative), insurance and energy trading companies, and the Corporate Treasury functions of leading Fortune 500 Companies. The service offerings provided by the FSO Consulting include: market, credit and operational risk management, regulatory consulting, quantitative consulting, structured finance transaction, actuarial consulting, technology enablement, risk and security, program consulting, and process & controls.

Within EY’s Business Consulting Practice, the Financial Services Risk Management (FSRM) group provides solutions that can help FSO clients to identify, measure, manage and monitor the market (trading book), credit (banking book), operational, and regulatory risks associated with their trading, asset-liability management, capital management and other capital markets activities.

Within FSRM, the CSTC team assists across end-to-end aspects of Capital management, BASEL, credit risk and Stress testing related activities:



Key role involves producing critical deliverables to the senior management and regulators including EMEIA, US and APAC entities’ cre"
no,,,24,SAP Business Analyst-OTC,Cognex Corporation,"Noida, Ghaziabad",https://www.adzuna.in/land/ad/5880952020?se=bMnXpEuv8RG3Lq9Uw1ss_Q&utm_medium=api&utm_source=195aa6d0&v=587C6416F2E0CEA7B275AC90B7E14290CD66B440,34,20,2,weak,0.12,0/0,,"[{""need"": ""sap business analyst-otc"", ""gain"": 2}, {""need"": ""description"", ""gain"": 2}, {""need"": ""motivated"", ""gain"": 2}, {""need"": ""detail-oriented junior"", ""gain"": 2}, {""need"": ""junior business"", ""gain"": 2}]",,"{""skill_match"": 0.1561, ""experience_fit"": 1.0, ""domain"": 0, ""education"": 1.0, ""achievement"": 1, ""trajectory"": 1.0}",unknown,unknown,,adzuna,aggregator,,,2026-09-12T17:20:10Z,,,,[],[],[],[],[],[],,,,"processes, description, seeking, motivated, detail-oriented, junior, analyst, specializing, order, cash, ideal, hands-on",good_fit,stated,2-3,"asks for 2-3 years, you have 4","Job Description We are seeking a motivated and detail-oriented Junior Business Analyst specializing in SAP Order to Cash (OTC) processes. The ideal candidate will have 2–3 years of hands-on SAP experience and a foundational understanding of OTC and basic Finance processes. This role will work closely with senior analysts, IT teams, and business stakeholders to support the design, configuration, and optimization of SAP solutions. This is an excellent opportunity for someone looking to grow their…"
no,,,24,Agency Growth Manager,one75mbhrm pvt ltd,"Delhi, India",https://www.adzuna.in/details/5880855379?utm_medium=api&utm_source=195aa6d0,35,43,2,weak,0.08,0/0,,"[{""need"": ""agency growth"", ""gain"": 2}, {""need"": ""manager key"", ""gain"": 2}, {""need"": ""generate qualified meetings"", ""gain"": 2}, {""need"": ""marketing decision-makers"", ""gain"": 2}, {""need"": ""build relationships"", ""gain"": 2}]",,"{""skill_match"": 0.2008, ""experience_fit"": 0.85, ""domain"": 0, ""education"": 1.0, ""achievement"": 1, ""trajectory"": 1.0}",unknown,unknown,,adzuna,aggregator,,,2026-09-12T16:13:44Z,,,,[],[],[],[],[],[],,,,"opportunities, maintain, generate, meetings, decision-makers, relationships, brand, marketers, heads, leaders, prospect, linkedin",unknown,unknown,,no experience requirement found in the available text,"KEY RESPONSIBILITIES Generate qualified meetings with marketing decision-makers. Build relationships with brand marketers, digital heads, and marketing leaders. Prospect new business opportunities through LinkedIn, networking, referrals, and outreach. Build and maintain a healthy pipeline of opportunities. Support founders in converting opportunities into proposals and revenue. Attend industry events and represent ThinkROI. Maintain CRM, lead tracking, and opportunity reporting. IDEAL CANDIDATE…"
no,,,23,Product Owner,Aditi Tech Consulting Private Limited,"Bangalore, Karnataka",https://www.adzuna.in/details/5882108601?utm_medium=api&utm_source=195aa6d0,36,46,5,weak,0.38,2/6,"plan client, client templates, templates migration, timelines while","[{""need"": ""plan client"", ""gain"": 3}, {""need"": ""client templates"", ""gain"": 3}, {""need"": ""templates migration"", ""gain"": 3}, {""need"": ""timelines while"", ""gain"": 3}, {""need"": ""product owner summary"", ""gain"": 1}]",,"{""skill_match"": 0.1797, ""experience_fit"": 0.85, ""domain"": 0, ""education"": 1.0, ""achievement"": 1, ""trajectory"": 1.0}",unknown,unknown,,adzuna,aggregator,,,2026-09-13T07:42:16Z,,,,[],[],[],[],[],[],,,,"templates, migration, ensuring, involves, managing, cash, payment, file, format, accuracy, operational, continuity",unknown,unknown,,no experience requirement found in the available text,"Summary: The role involves managing client templates migration in Cash Digital Channel and Payment File Format, ensuring accuracy and operational continuity. The position requires technical support provision, risk identification, and collaboration with internal stakeholders to resolve issues before client impact. Responsibilities: Plan client templates migration to meet required timelines while ensuring no client impact. Leverage automated tools to set up new CDF templates for each client, test…"
no,,,21,Senior Product Manager,Nanonets,"Bangalore, Karnataka",https://www.adzuna.in/details/5881206852?utm_medium=api&utm_source=195aa6d0,38,46,1,weak,0.08,0/0,,"[{""need"": ""nanonets nanonets agents"", ""gain"": 2}, {""need"": ""complex business processes"", ""gain"": 2}, {""need"": ""ranked"", ""gain"": 2}, {""need"": ""unstructured data"", ""gain"": 2}, {""need"": ""accounts payable"", ""gain"": 2}]",,"{""skill_match"": 0.1508, ""experience_fit"": 0.85, ""domain"": 0, ""education"": 1.0, ""achievement"": 1, ""trajectory"": 1.0}",unknown,unknown,,adzuna,aggregator,,,2026-09-12T22:18:56Z,,,,[],[],[],[],[],[],,,,"nanonets, agents, complex, processes, understanding, unstructured, applying, accounts, payable, order, chain, handle",good_fit,inferred,6-10,"asks for 6-10 years, you have 4","About Nanonets Nanonets agents are built for complex business processes. Ranked 1 in understanding unstructured data and applying business rules in processes like accounts payable, order management, and supply chain. Nanonets agents handle the exceptions other tools miss, reducing processing time by 94% and delivering clean data to SAP, Salesforce, or any system of record. That's why global enterprises reach for Nanonets when workflows are complex and accuracy is non-negotiable. Learn more abou…"
no,,,20,Senior Technical Product Manager - Modernization,Appian,"Chennai, Tamil Nadu",https://www.adzuna.in/details/5678261628?utm_medium=api&utm_source=195aa6d0,30,26,1,weak,0.14,0/0,,"[{""need"": ""senior technical"", ""gain"": 2}, {""need"": ""technical product"", ""gain"": 2}, {""need"": ""modernization"", ""gain"": 2}, {""need"": ""appian"", ""gain"": 2}, {""need"": ""values"", ""gain"": 2}]",,"{""skill_match"": 0.125, ""experience_fit"": 0.85, ""domain"": 0, ""education"": 1.0, ""achievement"": 1, ""trajectory"": 1.0}",unknown,unknown,,adzuna,aggregator,,,2026-03-26T01:38:01Z,,,,[],[],[],[],[],[],,,,"appian, here, values, intensity, excellence, high, standards, ensuring, everything, done, care, quality",good_fit,inferred,6-10,"asks for 6-10 years, you have 4","Here at Appian, our values of Intensity and Excellence define who we are. We set high standards and live up to them, ensuring that everything we do is done with care and quality. We approach every challenge with ambition and commitment, holding ourselves and each other accountable to achieve the best results. When you join Appian, you’ll be part of a passionate team dedicated to accomplishing hard things, together. Transform complex technical challenges into innovative, powerful solutions and o…"
no,,,19,Industry Partnership Manager,Indian School of Business,"Hyderabad, Telangana",https://www.adzuna.in/land/ad/5880951905?se=7jSToUuv8RGhe8--YZ_w9w&utm_medium=api&utm_source=195aa6d0&v=0BC9A8E0FC49FB8E48AE113A6A91154A99DDC1E3,28,25,1,weak,0.08,0/0,,"[{""need"": ""industry partnership manager"", ""gain"": 2}, {""need"": ""title"", ""gain"": 2}, {""need"": ""industry partnerships"", ""gain"": 2}, {""need"": ""experiential learning"", ""gain"": 2}, {""need"": ""pgp suite location"", ""gain"": 2}]",,"{""skill_match"": 0.1175, ""experience_fit"": 0.85, ""domain"": 0, ""education"": 1.0, ""achievement"": 1, ""trajectory"": 1.0}",unknown,unknown,,adzuna,aggregator,,,2026-09-12T17:19:58Z,,,,[],[],[],[],[],[],,,,"learning, experiential, title, industry, function, suite, location, hyderabad, position, director, band, context",unknown,unknown,,no experience requirement found in the available text,"Job Title: Industry Partnerships - Manager Function: Experiential Learning (EL) for the PGP Suite Location: Hyderabad Reports to position: Director – The LAB Band: A3 Job Context The Office for Experiential Learning (Learning through Action in Business) at the ISB (hereon referred to as The LAB) aims to revolutionize business education by integrating hands-on, real-world experiences into the curriculum. The LAB’s vision is to empower students with the practical skills, innovative mindset, and s…"
no,,,19,AWS Partnership Manager,2070Health,"Bangalore, Karnataka",https://www.adzuna.in/details/5880853836?utm_medium=api&utm_source=195aa6d0,28,38,5,weak,0.51,1/10,"aws partnership manager, health, runs, engagement, aws partner managers, solutions, every associated program, managed, contiinex","[{""need"": ""aws partnership manager"", ""gain"": 3}, {""need"": ""health"", ""gain"": 3}, {""need"": ""runs"", ""gain"": 3}, {""need"": ""engagement"", ""gain"": 3}, {""need"": ""aws partner managers"", ""gain"": 3}]",,"{""skill_match"": 0.1143, ""experience_fit"": 0.85, ""domain"": 0, ""education"": 1.0, ""achievement"": 1, ""trajectory"": 1.0}",unknown,unknown,,adzuna,aggregator,,,2026-09-12T16:13:33Z,,,,[],[],[],[],[],[],,,,"engagement, contiinex, active, track, health, responsible, runs, managers, solutions, associated, program, managed",unknown,unknown,,no experience requirement found in the available text,"THIS ROLE IS NOT WITH 2070 HEALTH This role will be responsible to runs day to day engagement with AWS partner managers and solutions teams, ensure every Associated program requirement are met and managed for Contiinex. Some of the active engagement today are: 1. An active pipeline driving Sales through Marketplace and ISV programs 2. Service track built around delivery and co-sell motions with AWS teams for our Contiinex consumption driver in AWS 3. Software track engagement Requirements Roles…"
no,,,19,AWS Partnership Manager,xponentiate,"Bangalore, Karnataka",https://www.adzuna.in/details/5880853783?utm_medium=api&utm_source=195aa6d0,27,38,5,weak,0.51,1/9,"aws partnership manager, runs, engagement, aws partner managers, solutions, every associated program, managed, contiinex","[{""need"": ""aws partnership manager"", ""gain"": 3}, {""need"": ""runs"", ""gain"": 3}, {""need"": ""engagement"", ""gain"": 3}, {""need"": ""aws partner managers"", ""gain"": 3}, {""need"": ""solutions"", ""gain"": 3}]",,"{""skill_match"": 0.1176, ""experience_fit"": 0.85, ""domain"": 0, ""education"": 1.0, ""achievement"": 1, ""trajectory"": 1.0}",unknown,unknown,,adzuna,aggregator,,,2026-09-12T16:13:33Z,,,,[],[],[],[],[],[],,,,"engagement, program, contiinex, active, track, responsible, runs, managers, solutions, associated, managed, some",unknown,unknown,,no experience requirement found in the available text,"This role will be responsible to runs day to day engagement with AWS partner managers and solutions teams, ensure every Associated program requirement are met and managed for Contiinex. Some of the active engagement today are: 1. An active pipeline driving Sales through Marketplace and ISV programs 2. Service track built around delivery and co-sell motions with AWS teams for our Contiinex consumption driver in AWS 3. Software track engagement Requirements Roles & Responsibilities: • Program man…"
no,,,19,Senior Business Analyst,Moody's,"Bangalore, Karnataka",https://www.adzuna.in/land/ad/5858537883?se=bMnXpEuv8RG3Lq9Uw1ss_Q&utm_medium=api&utm_source=195aa6d0&v=EF4B377D2EE0DE27A6E844E96CAD089295D1D417,25,20,1,weak,0.14,0/0,,"[{""need"": ""senior business analyst"", ""gain"": 2}, {""need"": ""moody"", ""gain"": 2}, {""need"": ""inclusive employer"", ""gain"": 2}, {""need"": ""mygwork"", ""gain"": 2}, {""need"": ""largest global platform"", ""gain"": 2}]",,"{""skill_match"": 0.1175, ""experience_fit"": 0.85, ""domain"": 0, ""education"": 1.0, ""achievement"": 1, ""trajectory"": 1.0}",unknown,unknown,,adzuna,aggregator,,,2026-08-27T22:16:54Z,,,,[],[],[],[],[],[],,,,"moody, inclusive, employer, mygwork, global, lgbtq, community, please, contact, recruiter, directly, unite",good_fit,inferred,6-10,"asks for 6-10 years, you have 4","This job is with Moody's, an inclusive employer and a member of myGwork – the largest global platform for the LGBTQ business community. Please do not contact the recruiter directly. At Moody's, we unite the brightest minds to turn today’s risks into tomorrow’s opportunities. We do this by striving to create an inclusive environment where everyone feels welcome to be who they are—with the freedom to exchange ideas, think innovatively, and listen to each other and customers in meaningful ways. Mo…"
no,,,17,Product Owner/Business Analyst (Hybrid),RX Global,"Chennai, Tamil Nadu",https://www.adzuna.in/land/ad/5881877316?se=RBYwkUuv8RG3Lq9Uw1ss_Q&utm_medium=api&utm_source=195aa6d0&v=A106C84B0619408D87041F284197EC1E1E385693,28,30,1,weak,0.08,0/0,,"[{""need"": ""product owner/business analyst"", ""gain"": 2}, {""need"": ""hybrid"", ""gain"": 2}, {""need"": ""global"", ""gain"": 2}, {""need"": ""inclusive employer"", ""gain"": 2}, {""need"": ""mygwork"", ""gain"": 2}]",,"{""skill_match"": 0.0791, ""experience_fit"": 0.85, ""domain"": 0, ""education"": 1.0, ""achievement"": 1, ""trajectory"": 1.0}",unknown,unknown,,adzuna,aggregator,,,2026-09-13T04:24:18Z,,,,[],[],[],[],[],[],,,,"global, inclusive, employer, mygwork, lgbtq, community, please, contact, recruiter, directly, aims, create",unknown,unknown,,no experience requirement found in the available text,"This job is with RX Global, an inclusive employer and a member of myGwork – the largest global platform for the LGBTQ business community. Please do not contact the recruiter directly. About Team: RX Global aims to create unforgettable experiences for attendees and exhibitors through organizing events. Innovation, creativity, and collaboration drive the company to offer exceptional services to clients. About the role: The Product Owner/Business Analyst is a hands on, outcome focused product role…"
