applied,applied_on,match_feedback,score,title,company,location,url,frozen_score,legacy_score,percentile,band,jd_difficulty,must_coverage,missing_must,top_gaps,score_flags,sub_scores,source,apply_channel,salary_min,salary_max,updated_at,resume_docx,resume_pdf,tailored_summary,bullets_to_lead_with,rewritten_bullets,keywords_to_add_if_true,fit_exact,fit_partial,fit_gaps,outreach_note,change_log,honest_gap_note,missing_keywords,exp_verdict,exp_confidence,exp_required,exp_why,description_snippet
no,,,69,Project Manager,Vibescapes - Nature Retreats,"Mulshi, Pune",https://www.adzuna.in/land/ad/5845683472?se=uqOlD7ma8RGyIdVC-Du-Yg&utm_medium=api&utm_source=195aa6d0&v=505B21A1B57768F3D49AD3D85ED53D52CE0570EB,40,52,87,strong,0.3,2/2,,"[{""need"": ""leadership"", ""gain"": 5}, {""need"": ""team coordination"", ""gain"": 5}]",,"{""skill_match"": 0.7143, ""experience_fit"": 0.85, ""domain"": 0, ""education"": 1.0, ""achievement"": 0.8571, ""trajectory"": 1.0}",adzuna,aggregator,,,2026-08-18T05:08:46Z,data/resumes/2026-08-18/Vibescapes_Nature_Retreats_Project_Manager/Mehul_Agarwal.docx,data/resumes/2026-08-18/Vibescapes_Nature_Retreats_Project_Manager/Mehul_Agarwal.pdf,"Product Manager with 4+ years of experience managing end-to-end delivery of digital platforms, taking products from concept and design through development, testing, deployment, and post-launch support. Proven track record of leading cross-functional teams, driving execution, and ensuring on-time project delivery while managing project requirements. Brings strong stakeholder management, roadmap ownership, and hands-on execution skills developed across multiple fintech and digital product initiatives at Bajaj Finance.","[""Owned end-to-end delivery — from concept and design through development, testing, deployment, and post-launch support — ensuring seamless product releases."", ""Served as primary liaison between technical and business stakeholders, driving alignment on requirements and project status throughout the delivery lifecycle."", ""Led development and management of digital platforms (app and web) for the Personal Loan product, growing user engagement 27% and user acquisition 14%.""]","[{""original"": ""Owned end-to-end delivery — from concept and design through development, testing, deployment, and post-launch support — ensuring seamless product releases."", ""rewritten"": ""Managed end-to-end project execution — taking initiatives from concept and planning through development, testing, deployment, and handover while keeping timelines and delivery on track.""}, {""original"": ""Served as primary liaison between technical and business stakeholders, driving alignment on requirements and project status throughout the delivery lifecycle."", ""rewritten"": ""Acted as primary lead for cross-functional alignment, coordinating teams and managing project status from initial planning through execution to ensure control over delivery.""}, {""original"": ""Wrote detailed product specifications and requirements in partnership with engineering teams to ensure aligned, on-time delivery."", ""rewritten"": ""Created detailed project specifications and requirements in partnership with engineering teams to ensure structured planning and on-time execution.""}]","[""Project Management"", ""End-to-End Execution"", ""Stakeholder Management"", ""Planning"", ""Team Leadership""]","[""End-to-end project planning and execution"", ""Cross-functional team leadership and stakeholder alignment"", ""Managing projects from planning through execution and handover""]","[""Keeping timelines, budgets, and teams under control (demonstrated strong delivery management and cross-functional coordination, but budget management is not explicitly mentioned on the CV)""]","[""Hospitality industry experience"", ""Physical construction or property development project management""]","Hi, I saw your Project Manager opening in Mulshi. With 4+ years leading end-to-end product delivery, cross-functional teams, and complex project lifecycles from planning through deployment at Bajaj Finance, I'd love to bring my execution experience to Vibescapes.",Summary rewritten for this JD; 3 bullet(s) reworded to JD vocabulary (metrics preserved verbatim),"The job requires physical hospitality property development experience in Mulshi, whereas the candidate's background is entirely in digital fintech platforms and product management.","vibescapes, hospitality, mulshi, take, house, maharashtra, expanding, experienced, ownership, hands-on, leadership, someone",unknown,unknown,,no experience requirement found in the available text,"Vibescapes Hospitality House | Mulshi, Maharashtra Vibescapes is expanding, and we’re looking for an experienced Project Manager to take ownership of a new hospitality development project in Mulshi. This is a hands-on leadership role for someone who can take a project from planning through execution and handover while keeping timelines, budgets, quality and teams firmly under control. What You’ll Be Responsible For * End-to-end project planning and execution * Creating and managing the master p…"
no,,,59,"Senior Business Execution Consultant-AI Product owner, Loan Servicing products",Wells Fargo,"Bengaluru, India",https://wf.wd1.myworkdayjobs.com/en-US/WellsFargoJobs/job/Bengaluru-India/Senior-Business-Execution-Consultant-AI-Product-owner--Loan-Servicing-products_R-567662-1,40,39,61,competitive,0.18,1/1,,"[{""need"": ""Support functions or operations"", ""gain"": 2}, {""need"": ""Large scale strategic initiatives"", ""gain"": 2}, {""need"": ""Pipeline management"", ""gain"": 2}, {""need"": ""Research business, operational, and strategic initiatives"", ""gain"": 2}, {""need"": ""Analytical skills"", ""gain"": 2}]",,"{""skill_match"": 0.1538, ""experience_fit"": 1.0, ""domain"": 0.5, ""education"": 1.0, ""achievement"": 1, ""trajectory"": 1.0}",workday,direct,,,Posted Today,data/resumes/2026-08-18/Wells_Fargo_Senior_Business_Execution_Consultant_AI_/Mehul_Agarwal.docx,data/resumes/2026-08-18/Wells_Fargo_Senior_Business_Execution_Consultant_AI_/Mehul_Agarwal.pdf,"Product Manager with 4+ years of experience building digital lending products, driving strategic initiatives, and executing requirements across engineering, design, and business teams. Proven track record leading digital platform development, implementing rules engines, and defining lead allocation workflows. Experienced in collaborating with cross-functional partners and translating business needs into scalable digital infrastructure.","[""Own product strategy for Home Loan digital acquisition, translating business and credit-policy requirements into scalable lead-generation and qualification systems."", ""Served as primary liaison between technical and business stakeholders, driving alignment on requirements and project status throughout the delivery lifecycle."", ""Led product requirements for strategic NBFC and financial-institution partnerships, designing lead-exchange and commission workflows with legal, business, and tech teams.""]","[{""original"": ""• Own product strategy for Home Loan digital acquisition, translating business and credit-policy requirements into scalable lead-generation and qualification systems."", ""rewritten"": ""• Led strategic initiatives and execution for digital acquisition, translating business and policy requirements into scalable lead-generation and qualification systems.""}, {""original"": ""• Served as primary liaison between technical and business stakeholders, driving alignment on requirements and project status throughout the delivery lifecycle."", ""rewritten"": ""• Collaborated and consulted with cross-functional business partners, driving alignment on requirements and project status throughout the delivery lifecycle.""}, {""original"": ""• Design and ship the MCP (Minimum Credit Parameters) Master and Lead Allocation Master — a rules engine that pre-qualifies leads and routes them to the right lending partner based on credit profile, eligibility, and business rules."", ""rewritten"": ""• Designed and shipped operational rules engines that pre-qualify and route leads based on credit profile, eligibility, and business rules to ensure efficiency and quality.""}, {""original"": ""• Led product requirements for strategic NBFC and financial-institution partnerships, designing lead-exchange and commission workflows with legal, business, and tech teams."", ""rewritten"": ""• Led execution of programs and strategic initiatives with cross-functional business partners, designing operational workflows with legal, business, and tech teams.""}]","[""strategic initiatives"", ""business execution"", ""stakeholder management"", ""cross-functional partners"", ""operations""]","[""4+ years of work experience"", ""Ability to research and execute moderately complex business, operational, and strategic initiatives"", ""Collaboration and consultation with cross-functional business partners and team leaders""]","[""Business execution and project planning experience: CV shows PM experience including roadmap planning, execution, and stakeholder alignment, but not formal enterprise business execution consulting.""]","[""Direct loan servicing operations and AI initiative governance specifically within Wells Fargo or banking-specific operations"", ""Observe to Agent (O2A) led AI initiatives or loan servicing product ownership""]","Hi, I saw the Senior Business Execution Consultant role and wanted to connect. With 4+ years leading digital platform execution and strategic product initiatives at Bajaj Finance, I have extensive experience coordinating cross-functional teams and building operational workflows. I would love to bring my execution background to Wells Fargo.",Summary rewritten for this JD; 4 bullet(s) reworded to JD vocabulary (metrics preserved verbatim),The CV does not demonstrate experience with loan servicing products or Observe to Agent (O2A) led AI initiatives.,"risk, wells, fargo, initiatives, applicants, programs, compliance, disabilities, drug, operational, leadership, customer",good_fit,inferred,6-10,"asks for 6-10 years, you have 4","About this role: Wells Fargo is seeking a Senior Business Execution Consultant. In this role, you will: Lead support functions or operations for multiple business groups and contribute to large scale strategic initiatives Ensure efficiency, quality, cost effectiveness of solutions, and pipeline management relating to assigned operations Research moderately complex business, operational, and strategic initiatives that require analytical skills, basic knowledge of organizational strategy and Business Execution, and understanding of international business Work independently to make recommendations for support function by providing support and leadership Assist in the planning and execution of a variety of programs and initiatives that may include risk mitigation, efficiency, and customer experience Collaborate and consult with team leaders in developing project plans, policies and procedures Provide leadership in management of relationships and implementation of programs, services, and initiatives with cross functional business partners Required Qualifications: 4&#43; years of Business Execution, Implementation, or Strategic Planning experience, or equivalent demonstrated through one or a combination of the following: work experience, training, military experience, education. Desired Qualifications: Role will focus on establishing governance, track usage and success metrics, support O2A (Observe to Agent) led AI initiatives across Wholesale Ops and define KPIs to measure adoption, efficiency, and risk reduction through AI transformation initiatives. Posting End Date: 20 Aug 2026 *Job posting may come down early due to volume of applicants. We Value Equal Opportunity Wells Fargo is an equal opportunity employer. All qualified applicants will receive consideration for employment without regard to race, color, religion, sex, sexual orientation, gender identity, national origin, disability, status as a protected veteran, or any other legally protected characteristic. Emplo"
no,,,58,Project Manager,SuperQ Technologies India Pvt Ltd,"Bangalore, Karnataka",https://www.adzuna.in/land/ad/5841754897?se=uqOlD7ma8RGyIdVC-Du-Yg&utm_medium=api&utm_source=195aa6d0&v=F9317082DCBF9D8BC887DF09BE2C84D777F62329,41,62,55,borderline,0.14,1/2,cross-functional program leadership,"[{""need"": ""cross-functional program leadership"", ""gain"": 8}, {""need"": ""prototyping"", ""gain"": 4}, {""need"": ""superconducting materials"", ""gain"": 3}, {""need"": ""magnet systems"", ""gain"": 3}, {""need"": ""cryogenic technologies"", ""gain"": 3}]",,"{""skill_match"": 0.4344, ""experience_fit"": 0.85, ""domain"": 0, ""education"": 1.0, ""achievement"": 0.8571, ""trajectory"": 1.0}",adzuna,aggregator,,,2026-08-14T16:34:04Z,data/resumes/2026-08-18/SuperQ_Technologies_India_Pvt_Ltd_Project_Manager/Mehul_Agarwal.docx,data/resumes/2026-08-18/SuperQ_Technologies_India_Pvt_Ltd_Project_Manager/Mehul_Agarwal.pdf,"Product Manager with 4+ years of experience managing complex digital products and multi-stakeholder technical projects from concept to deployment. Brings a strong track record of cross-functional collaboration, driving end-to-end delivery with engineering, design, legal, and business teams. Grounded in data and rigorous execution, experienced in aligning teams to deliver scalable systems on time.","[""Served as primary liaison between technical and business stakeholders, driving alignment on requirements and project status throughout the delivery lifecycle."", ""Owned end-to-end delivery — from concept and design through development, testing, deployment, and post-launch support — ensuring seamless product releases."", ""Wrote detailed product specifications and requirements in partnership with engineering teams to ensure aligned, on-time delivery.""]","[{""original"": ""Served as primary liaison between technical and business stakeholders, driving alignment on requirements and project status throughout the delivery lifecycle."", ""rewritten"": ""Served as primary cross-functional liaison between technical and business stakeholders, driving alignment on requirements and project status throughout the delivery lifecycle.""}, {""original"": ""Owned end-to-end delivery — from concept and design through development, testing, deployment, and post-launch support — ensuring seamless product releases."", ""rewritten"": ""Drove cross-functional programs end-to-end — from concept and design through development, testing, deployment, and post-launch support — ensuring seamless product releases.""}]","[""cross-functional"", ""projects"", ""delivery"", ""deployment""]","[""Cross-functional coordination"", ""Driving projects from concept through testing and deployment"", ""Stakeholder management and delivery execution""]","[""Project management experience (demonstrated in fintech/digital lending rather than hardware, magnet systems, or cryogenics)""]","[""Superconducting materials"", ""Magnet systems"", ""Cryogenic technologies"", ""Hardware or materials science domain expertise""]","Hi, I saw the Project Manager opening and wanted to connect. I bring 4+ years of experience leading cross-functional technical programs from concept through deployment. Would love to discuss how I can support your delivery team.",Summary rewritten for this JD; 2 bullet(s) reworded to JD vocabulary (metrics preserved verbatim); Bullets reprioritized in: Product Manager,"The CV does not demonstrate experience with superconducting materials, magnet systems, or cryogenic technologies.","superconducting, materials, seeking, experienced, cross-functional, programs, involving, magnet, cryogenic, technologies, ideal, projects",unknown,unknown,,no experience requirement found in the available text,"Project Manager Role Summary We are seeking an experienced Project Manager to lead cross-functional programs involving superconducting materials, magnet systems, and cryogenic technologies. The ideal candidate will drive projects from concept through prototyping, testing, and deployment — coordinating tightly with materials science, cryogenics, electrical engineering, and quality teams to deliver superconducting magnets, wire/tape, or systems on time, within budget, and to performance specifica…"
no,,,56,Project Manager,Warrous Pvt Ltd,"Hyderabad, Telangana",https://www.adzuna.in/land/ad/5845683050?se=uqOlD7ma8RGyIdVC-Du-Yg&utm_medium=api&utm_source=195aa6d0&v=85E85C9A49FE710A2C1A9A644AA35E5CF50369A5,45,62,59,borderline,0.26,1/3,"Agile, Waterfall, or hybrid methodologies, Stakeholder collaboration","[{""need"": ""Agile, Waterfall, or hybrid methodologies"", ""gain"": 9}, {""need"": ""Stakeholder collaboration"", ""gain"": 9}, {""need"": ""Development teams coordination"", ""gain"": 4}]",,"{""skill_match"": 0.375, ""experience_fit"": 0.85, ""domain"": 0, ""education"": 1.0, ""achievement"": 0.8571, ""trajectory"": 1.0}",adzuna,aggregator,,,2026-08-18T05:08:14Z,data/resumes/2026-08-18/Warrous_Pvt_Ltd_Project_Manager/Mehul_Agarwal.docx,data/resumes/2026-08-18/Warrous_Pvt_Ltd_Project_Manager/Mehul_Agarwal.pdf,"Product Manager with 4+ years of experience building digital lending products, managing end-to-end delivery lifecycles, and driving cross-functional alignment. Skilled in Agile/Scrum methodologies, stakeholder management, and translating business requirements into scalable technical execution. Brings a data-driven approach to project delivery across app and web platforms.","[""Served as primary liaison between technical and business stakeholders, driving alignment on requirements and project status throughout the delivery lifecycle."", ""Owned end-to-end delivery — from concept and design through development, testing, deployment, and post-launch support — ensuring seamless product releases."", ""Wrote detailed product specifications and requirements in partnership with engineering teams to ensure aligned, on-time delivery.""]","[{""original"": ""Served as primary liaison between technical and business stakeholders, driving alignment on requirements and project status throughout the delivery lifecycle."", ""rewritten"": ""Collaborated effectively with stakeholders to define project scope and objectives, driving alignment on requirements and project status throughout the delivery lifecycle.""}, {""original"": ""Owned end-to-end delivery — from concept and design through development, testing, deployment, and post-launch support — ensuring seamless product releases."", ""rewritten"": ""Managed multiple project initiatives from concept and design through development, testing, deployment, and post-launch support, ensuring seamless delivery.""}, {""original"": ""Wrote detailed product specifications and requirements in partnership with engineering teams to ensure aligned, on-time delivery."", ""rewritten"": ""Defined and planned project scope, objectives, and deliverables in partnership with development and engineering teams to ensure on-time delivery.""}]","[""Agile/Scrum"", ""Stakeholder Management"", ""SDLC""]","[""Project management and delivery across development teams"", ""Collaborating with stakeholders to achieve project objectives"", ""Defining project scope, objectives, and deliverables""]","[""Managing projects using Agile frameworks (CV mentions Agile/Scrum, but does not explicitly mention Waterfall or hybrid methodologies)""]","[""Explicit experience with Data Engineering specific projects as outlined in the role"", ""Direct hands-on project management using Waterfall or hybrid methodologies""]","Hi, I lead digital platform and product delivery at Bajaj Finance with 4+ years managing cross-functional execution and engineering teams. My background aligns with your project management needs. Let's connect!",Summary rewritten for this JD; 3 bullet(s) reworded to JD vocabulary (metrics preserved verbatim),"The job specifically asks for Data Engineering experience and Waterfall or hybrid methodologies, which are not mentioned in the CV.","projects, objectives, title, multiple, complex, initiatives, manage, agile, waterfall, hybrid, methodologies, effectively",unknown,unknown,,no experience requirement found in the available text,"Job Title: Project Manager – Data Engineering & Development About the Role: As a Project Manager, you will lead multiple projects across Data Engineering and Development teams, ensuring seamless delivery of complex initiatives. You will manage projects using Agile, Waterfall, or hybrid methodologies while effectively collaborating with global stakeholders to achieve project objectives. Key Responsibilities: Define and plan project scope, objectives, and deliverables with stakeholders. Develop c…"
no,,,55,Brand Partnership - Sales,Discovr AI,"Mumbai, Maharashtra",https://in.linkedin.com/jobs/view/brand-partnership-sales-at-discovr-ai-4452226807?utm_campaign=google_jobs_apply&utm_source=google_jobs_apply&utm_medium=organic,31,32,70,competitive,0.45,2/6,"Brand Sales, Influencer marketing campaign execution and sales, FMCG ecosystem understanding, Communication, presentation, negotiation, and relationship-building skills","[{""need"": ""Brand Sales"", ""gain"": 4}, {""need"": ""Influencer marketing campaign execution and sales"", ""gain"": 4}, {""need"": ""FMCG ecosystem understanding"", ""gain"": 4}, {""need"": ""Communication, presentation, negotiation, and relationship-building skills"", ""gain"": 4}, {""need"": ""YouTube"", ""gain"": 2}]",,"{""skill_match"": 0.252, ""experience_fit"": 1.0, ""domain"": 0, ""education"": 1.0, ""achievement"": 1, ""trajectory"": 1.0}",serpapi,aggregator,,,14 hours ago,data/resumes/2026-08-18/Discovr_AI_Brand_Partnership_Sales/Mehul_Agarwal.docx,data/resumes/2026-08-18/Discovr_AI_Brand_Partnership_Sales/Mehul_Agarwal.pdf,"Product Manager with 4+ years of experience in digital product platforms, partnerships, and performance marketing, currently owning digital acquisition at Bajaj Finance. Brings a strong foundation in digital lead generation, campaign infrastructure, and stakeholder management across business, legal, and tech teams. Grounded in data-driven user funnel optimization and performance tracking using tools like Google Analytics and CleverTap.","[""• Lead product requirements for strategic NBFC and financial-institution partnerships, designing lead-exchange and commission workflows with legal, business, and tech teams."", ""• Define requirements and drive execution of digital campaign infrastructure across search, social, and paid channels to generate high-quality home loan demand."", ""• Managed Instagram Ads and Facebook Ads campaigns, optimizing ad copy and targeting to reduce cost-per-click by 58% and increase ROI by 35%.""]","[{""original"": ""• Define requirements and drive execution of digital campaign infrastructure across search, social, and paid channels to generate high-quality home loan demand."", ""rewritten"": ""• Define requirements and drive execution of digital campaign infrastructure across search, social, and paid channels to generate high-quality demand and business opportunities.""}, {""original"": ""• Lead product requirements for strategic NBFC and financial-institution partnerships, designing lead-exchange and commission workflows with legal, business, and tech teams."", ""rewritten"": ""• Lead product requirements for strategic financial partnerships, building lead-exchange workflows and managing stakeholder relationships across legal, business, and tech teams.""}]","[""Stakeholder Management"", ""Performance Marketing"", ""Lead Funnel Optimisation"", ""Partner Integrations""]","[""Experience across digital marketing campaigns, lead generation, and performance metrics (Google Analytics, CleverTap)"", ""Cross-functional stakeholder management and partnership handling""]","[""Sales and business development: CV shows product partnerships, lead allocation engines, and performance marketing/ad campaigns, but lacks direct B2B sales/account management experience for external brands.""]","[""1–4 years of experience specifically in Brand Sales, Business Development, or Partnerships within an Influencer Marketing Agency or Creator Economy company"", ""Direct sales experience selling influencer marketing campaigns to FMCG brands"", ""Existing relationships with FMCG brands, brand managers, or media agencies""]","Hi, I lead digital acquisition and partnership workflows at Bajaj Finance and bring performance marketing experience. I'd love to connect regarding the Brand Partnerships role.",Summary rewritten for this JD; 2 bullet(s) reworded to JD vocabulary (metrics preserved verbatim); Skill groups reordered (Domain & Growth first),"The candidate has no professional experience in influencer marketing, creator economy platforms, or FMCG brand sales.","fmcg, influencer, brand, discovr, brands, sales, creator, relationships, build, opportunities, solutions, media",good_fit,stated,2-9,"asks for 2-9 years, you have 4","Brand Partnerships - FMCG




Location: Mumbai (Andheri )

Experience: 2–9 Years

Company: Discovr AI




About Discovr AI

Discovr AI is an AI-powered influencer marketing platform that helps brands discover the right creators, execute high-impact campaigns, and measure performance with data-driven insights. We work with leading brands across industries to build meaningful creator collaborations that drive business results.

As we continue to scale, we're looking for a passionate Brand Partnerships - Senior Associate who can build relationships with brands, identify business opportunities, and drive influencer marketing solutions.




Roles & Responsibilities




Identify, prospect, and generate new business opportunities within the FMCG sector through outbound outreach, networking, referrals, and inbound leads.Build and maintain strong relationships with FMCG brand managers, marketing heads, digital marketing teams, and media agencies.Understand FMCG brand objectives such as product launches, awareness, consideration, trials, and regional campaigns, and recommend relevant influencer marketing solutions.Conduct discovery calls, client meetings, presentations, and pitches to showcase Discovr AI's influencer marketing solutions and platform capabilities.Create proposals, negotiate commercials, and close influencer marketing deals while consistently achieving monthly and quarterly revenue targets.Work closely with Strategy and Account Management teams to ensure smooth campaign handover and execution after deal closure.Stay updated on FMCG marketing trends, consumer behaviour, creator trends, social media platforms, and competitor activities.Maintain an accurate sales pipeline, CRM updates, forecasts, and sales reports.


Requirements




1–4 years of experience in Brand Sales, Business Development, or Partnerships, preferably within an Influencer Marketing Agency or Creator Economy company.Proven experience in selling influencer marketing campaigns and solutions to FM"
no,,,55,Brand Growth Manager,AVPL INTERNATIONAL,"Gurugram, Haryana",https://www.shine.com/jobs/brand-growth-manager/avpl-international/19372992?utm_campaign=google_jobs_apply&utm_source=google_jobs_apply&utm_medium=organic,39,58,64,competitive,0.36,1/2,brand management,"[{""need"": ""brand management"", ""gain"": 7}, {""need"": ""brand strategies"", ""gain"": 4}, {""need"": ""product innovations"", ""gain"": 4}, {""need"": ""cross-functional coordination"", ""gain"": 4}, {""need"": ""brand performance analysis"", ""gain"": 4}]",,"{""skill_match"": 0.2564, ""experience_fit"": 1.0, ""domain"": 0, ""education"": 1.0, ""achievement"": 1, ""trajectory"": 1.0}",serpapi,aggregator,,,16 days ago,data/resumes/2026-08-18/AVPL_INTERNATIONAL_Brand_Growth_Manager/Mehul_Agarwal.docx,data/resumes/2026-08-18/AVPL_INTERNATIONAL_Brand_Growth_Manager/Mehul_Agarwal.pdf,"Product Manager with 4+ years building digital lending products in fintech, currently owning the Home Loan digital acquisition stack at Bajaj Finance with experience driving digital campaign infrastructure and lead-generation systems. Previously owned the Personal Loan digital platform end-to-end, leveraging performance marketing, SEO, and analytics to optimize the lead funnel and analyze performance. Grounded in data, bringing cross-functional stakeholder management and a Bachelor of Technology degree.","[""• Define requirements and drive execution of digital campaign infrastructure across search, social, and paid channels to generate high-quality home loan demand."", ""• Map and optimize the end-to-end digital home loan funnel — from awareness and lead generation through login, sanction, and disbursal — identifying drop-off points and prioritizing fixes."", ""• Managed Instagram Ads and Facebook Ads campaigns, optimizing ad copy and targeting to reduce cost-per-click by 58% and increase ROI by 35%.""]","[{""original"": ""• Define requirements and drive execution of digital campaign infrastructure across search, social, and paid channels to generate high-quality home loan demand."", ""rewritten"": ""• Coordinate cross-functionally to define requirements and execute digital marketing campaign infrastructure across search, social, and paid channels to drive product growth and generate high-quality demand.""}, {""original"": ""• Managed Instagram Ads and Facebook Ads campaigns, optimizing ad copy and targeting to reduce cost-per-click by 58% and increase ROI by 35%."", ""rewritten"": ""• Managed Instagram Ads and Facebook Ads performance campaigns, analyzing and reporting on brand performance and ad optimization to reduce cost-per-click by 58% and increase ROI by 35%.""}, {""original"": ""• Developed the Go-to-Market strategy for HOC sauces; led the pre-launch marketing campaign, including ad creatives, landing page design, and budget allocation."", ""rewritten"": ""• Developed marketing plans and Go-to-Market strategy for HOC sauces; led the pre-launch marketing campaign including ad creatives, landing page design, and budget allocation for product innovations.""}]","[""cross-functionally""]","[""Bachelor's degree or equivalent in Marketing (Candidate holds a B.Tech and an MBA in Marketing & Strategy)"", ""3+ years' brand management or marketing experience (Candidate has 4+ years in product management and digital marketing experience since 2019)""]","[""Analyze and report on brand performance (Candidate has experience analyzing performance metrics using Google Analytics, CleverTap, and Looker Studio, but not specifically traditional brand tracking)"", ""Monitor market and consumer trends (Candidate performed market research for cloud kitchen operations and digital lending user behaviour, but lacks formal long-term brand equity tracking experience)""]","[""Direct end-to-end brand management or brand strategy ownership as the primary job function"", ""Developing product pricing and distribution strategies for physical or non-fintech brand portfolios""]","Hi, I saw the Brand Growth Manager role and wanted to connect. I bring 4+ years of digital product and marketing experience from Bajaj Finance and Kantha India, where I've scaled digital campaigns, led multi-channel acquisition funnels, and optimized ROI. Would love to discuss how my background in performance marketing and cross-functional execution aligns with AVPL International.",Summary rewritten for this JD; 3 bullet(s) reworded to JD vocabulary (metrics preserved verbatim); Bullets reprioritized in: Product Manager - Home Loan,"The candidate has a strong fintech product management and digital marketing background, but lacks dedicated, formal experience in traditional brand management or developing broad pricing and distribution strategies for physical brand portfolios.","brand, cross-functionally, consistency, individual, responsible, developing, plans, innovations, feel, comfortable, execute, these",good_fit,stated,3+,"asks for 3+ years, you have 4","This individual will be responsible for developing brand strategies, marketing plans, and product innovations to drive product growth. They should feel comfortable working cross-functionally to execute these strategies and ensure brand consistency. Responsibilities


Coordinate cross-functionally to ensure consistency in brand-related decisions Analyze and report on brand performance to determine ROI Monitor market and consumer trends Develop pricing and distribution strategies Qualifications


Bachelor's degree or equivalent in Marketing 3+ years' brand management or marketing experience ."
no,,,54,Network Program Manager,airtel,"Hyderabad, Telangana",https://www.adzuna.in/land/ad/5820963822?se=NKBuDLma8RGB8rnM-OiTpQ&utm_medium=api&utm_source=195aa6d0&v=B25F03AE29A67F45CAFA3513181E318799426749,43,72,57,borderline,0.3,2/4,"Service delivery, Planning and scheduling implementation of MPLS services","[{""need"": ""Service delivery"", ""gain"": 6}, {""need"": ""Planning and scheduling implementation of MPLS services"", ""gain"": 6}, {""need"": ""Enterprise network business"", ""gain"": 3}, {""need"": ""B2B"", ""gain"": 3}, {""need"": ""Scope of work management"", ""gain"": 3}]",,"{""skill_match"": 0.3033, ""experience_fit"": 0.85, ""domain"": 0, ""education"": 1.0, ""achievement"": 1, ""trajectory"": 1.0}",adzuna,aggregator,,,2026-07-30T15:25:19Z,data/resumes/2026-08-18/airtel_Network_Program_Manager/Mehul_Agarwal.docx,data/resumes/2026-08-18/airtel_Network_Program_Manager/Mehul_Agarwal.pdf,"Product Manager with 4+ years building digital platforms and managing complex end-to-end delivery schedules across cross-functional engineering, business, and legal teams. Proven track record of stakeholder management, project planning, and driving end-to-end execution from concept through post-launch deployment. Grounded in data and process optimization, with hands-on experience owning digital product life cycles and strategic partnerships at Bajaj Finance.","[""Served as primary liaison between technical and business stakeholders, driving alignment on requirements and project status throughout the delivery lifecycle."", ""Owned end-to-end delivery — from concept and design through development, testing, deployment, and post-launch support — ensuring seamless product releases."", ""Wrote detailed product specifications and requirements in partnership with engineering teams to ensure aligned, on-time delivery.""]","[{""original"": ""Served as primary liaison between technical and business stakeholders, driving alignment on requirements and project status throughout the delivery lifecycle."", ""rewritten"": ""Managed project delivery and stakeholder engagement, acting as the primary liaison between technical and business teams to ensure on-time delivery as per project scope.""}, {""original"": ""Owned end-to-end delivery — from concept and design through development, testing, deployment, and post-launch support — ensuring seamless product releases."", ""rewritten"": ""Handled end-to-end project execution and service delivery — from concept and design through development, testing, deployment, and post-launch support — ensuring seamless product releases.""}, {""original"": ""Lead product requirements for strategic NBFC and financial-institution partnerships, designing lead-exchange and commission workflows with legal, business, and tech teams."", ""rewritten"": ""Managed customer and partner engagement for strategic institutional partnerships, designing workflows and addressing project dependencies with legal, business, and tech teams.""}, {""original"": ""Wrote detailed product specifications and requirements in partnership with engineering teams to ensure aligned, on-time delivery."", ""rewritten"": ""Authored detailed product specifications and planned implementation schedules in partnership with engineering teams to ensure aligned, on-time project delivery.""}]","[""project management"", ""service delivery"", ""customer engagement"", ""planning"", ""implementation""]","[""Project management and execution planning"", ""End-to-end project delivery and stakeholder engagement"", ""Cross-functional coordination and scheduling with engineering and business teams""]","[""Customer engagement: CV shows extensive cross-functional stakeholder management and partnership workflows, but lacks explicit B2B enterprise customer service delivery experience.""]","[""Enterprise network business domain experience"", ""MPLS services project management and telecommunications service delivery""]","Hi, I bring 4+ years of end-to-end project management and delivery experience from Bajaj Finance, successfully aligning cross-functional teams to drive on-time implementations. I'd love to bring my structured execution planning to Airtel's enterprise network team. Let's connect!",Summary rewritten for this JD; 4 bullet(s) reworded to JD vocabulary (metrics preserved verbatim),"The candidate has strong digital product and project management experience, but lacks specific B2B enterprise network business and MPLS services background.","customer, service, services, responsible, enterprise, network, scheduling, mpls, address, dependencies, signed, scope",unknown,unknown,,no experience requirement found in the available text,"About the Role This role is responsible for project management and service delivery of all products & services in Enterprise network business (B2B). • Project management, planning and scheduling implementation of MPLS services. • On Time, within budget Implementation of the complete project • Customer engagement to address customer dependencies & e2e project delivery as per signed scope of work. • Enhance service delivery experience for the customer & revenue for the organization Responsibiliti…"
no,,,54,Project Manager,Birlasoft,"Noida, Ghaziabad",https://www.adzuna.in/land/ad/5822233153?se=uqOlD7ma8RGyIdVC-Du-Yg&utm_medium=api&utm_source=195aa6d0&v=D4BF96CE0EE27061C4BE21B1E1FB8A8D77897897,34,35,41,borderline,0.08,0/0,,"[{""need"": ""Cloud"", ""gain"": 6}, {""need"": ""Enterprise solutions"", ""gain"": 6}, {""need"": ""Consultative approach"", ""gain"": 6}, {""need"": ""Design-thinking"", ""gain"": 6}]",,"{""skill_match"": 0.3033, ""experience_fit"": 0.85, ""domain"": 0, ""education"": 1.0, ""achievement"": 1, ""trajectory"": 1.0}",adzuna,aggregator,,,2026-07-31T15:28:04Z,data/resumes/2026-08-18/Birlasoft_Project_Manager/Mehul_Agarwal.docx,data/resumes/2026-08-18/Birlasoft_Project_Manager/Mehul_Agarwal.pdf,"Product Manager with 4+ years building digital lending products in fintech, currently owning the Home Loan digital acquisition stack at Bajaj Finance. Brings end-to-end experience spanning product strategy, roadmap execution, stakeholder management, and agile delivery across web and app platforms. Grounded in data, uses analytics tools to validate decisions, optimize funnels, and prioritize product features.","[""Served as primary liaison between technical and business stakeholders, driving alignment on requirements and project status throughout the delivery lifecycle."", ""Wrote detailed product specifications and requirements in partnership with engineering teams to ensure aligned, on-time delivery."", ""Owned end-to-end delivery — from concept and design through development, testing, deployment, and post-launch support — ensuring seamless product releases.""]","[{""original"": ""Served as primary liaison between technical and business stakeholders, driving alignment on requirements and project status throughout the delivery lifecycle."", ""rewritten"": ""Acted as primary liaison between technical and business stakeholders, driving alignment on requirements and project status seamlessly throughout the delivery lifecycle.""}, {""original"": ""Wrote detailed product specifications and requirements in partnership with engineering teams to ensure aligned, on-time delivery."", ""rewritten"": ""Developed detailed product specifications and requirements in partnership with engineering teams to ensure enterprise-aligned, on-time delivery solutions.""}, {""original"": ""Owned end-to-end delivery — from concept and design through development, testing, deployment, and post-launch support — ensuring seamless product releases."", ""rewritten"": ""Managed end-to-end delivery — from concept and design through development, testing, deployment, and post-launch support — ensuring seamless enterprise product releases.""}]",[],"[""Stakeholder Management"", ""Agile/Scrum"", ""SDLC"", ""Release Management""]","[""Digital technologies / digital platforms: CV demonstrates building digital lending platforms, apps, and web products, but lacks specific mention of enterprise cloud or IT services industry experience mentioned in the short JD snippet.""]","[""Birlasoft specific company experience, global IT service delivery experience, and consultative enterprise solutions delivery.""]","Hi, I saw your Project Manager opening at Birlasoft. With 4+ years managing digital products end-to-end, driving stakeholder alignment, and leading agile delivery at Bajaj Finance, I'd love to bring my execution experience to your team.",Summary rewritten for this JD; 3 bullet(s) reworded to JD vocabulary (metrics preserved verbatim),"The JD snippet does not explicitly list specific project management tools or domain requirements beyond broad enterprise tech context, but the candidate's background is focused on fintech digital product management rather than traditional IT services project management.","birlasoft, global, leader, forefront, technologies, seamlessly, blends, expertise, enterprise, solutions, consultative, design-thinking",unknown,unknown,,no experience requirement found in the available text,"About Birlasoft:- Birlasoft, a global leader at the forefront of Cloud, AI, and Digital technologies, seamlessly blends domain expertise with enterprise solutions. The company’s consultative and design-thinking approach empowers societies worldwide, enhancing the efficiency and productivity of businesses. As part of the multibillion-dollar diversified CKA Birla Group, Birlasoft with its 12,000 professionals, is committed to continuing the Group’s 170-year heritage of building sustainable commun…"
no,,,52,Program Manager / Project Manager – Salesforce (Vehicle Finance),IndusInd Bank,"Chennai, Tamil Nadu",https://www.adzuna.in/land/ad/5821438090?se=NKBuDLma8RGB8rnM-OiTpQ&utm_medium=api&utm_source=195aa6d0&v=586024A0167AFDFCD9F263322C421A991061CD59,50,78,66,competitive,0.48,1/4,"Loan Origination System (LOS), Program management, Vehicle Finance","[{""need"": ""Loan Origination System (LOS)"", ""gain"": 7}, {""need"": ""Program management"", ""gain"": 7}, {""need"": ""Vehicle Finance"", ""gain"": 7}]",,"{""skill_match"": 0.2955, ""experience_fit"": 0.6429, ""domain"": 0.25, ""education"": 1.0, ""achievement"": 0.8571, ""trajectory"": 1.0}",adzuna,aggregator,,,2026-07-31T01:29:10Z,data/resumes/2026-08-18/IndusInd_Bank_Program_Manager_Project_Manager_Salesfor/Mehul_Agarwal.docx,data/resumes/2026-08-18/IndusInd_Bank_Program_Manager_Project_Manager_Salesfor/Mehul_Agarwal.pdf,"Product Manager with 4+ years building digital lending products, currently owning the Home Loan digital acquisition stack at Bajaj Finance. Experienced in stakeholder management, end-to-end delivery of digital platforms, and driving cross-functional alignment between technical and business teams. Brings deep expertise in requirement gathering, funnel optimization, and partnership integrations.","[""Served as primary liaison between technical and business stakeholders, driving alignment on requirements and project status throughout the delivery lifecycle."", ""Owned end-to-end delivery — from concept and design through development, testing, deployment, and post-launch support — ensuring seamless product releases."", ""Wrote detailed product specifications and requirements in partnership with engineering teams to ensure aligned, on-time delivery.""]","[{""original"": ""Served as primary liaison between technical and business stakeholders, driving alignment on requirements and project status throughout the delivery lifecycle."", ""rewritten"": ""Managed stakeholder alignment and project status throughout the delivery lifecycle, acting as the primary liaison between technical and business teams.""}, {""original"": ""Owned end-to-end delivery — from concept and design through development, testing, deployment, and post-launch support — ensuring seamless product releases."", ""rewritten"": ""Managed end-to-end delivery of product releases — from concept and design through development, testing, deployment, and post-launch support.""}, {""original"": ""Wrote detailed product specifications and requirements in partnership with engineering teams to ensure aligned, on-time delivery."", ""rewritten"": ""Managed requirement gathering and wrote detailed product specifications in partnership with engineering teams to ensure on-time delivery.""}, {""original"": ""Lead product requirements for strategic NBFC and financial-institution partnerships, designing lead-exchange and commission workflows with legal, business, and tech teams."", ""rewritten"": ""Managed product requirements for strategic NBFC and financial-institution partnerships, designing lead-exchange and commission workflows with legal, business, and tech teams.""}]","[""Salesforce""]","[""End-to-end delivery ownership"", ""Stakeholder management and alignment"", ""Cross-functional collaboration with technical and business teams""]","[""Domain experience: CV has fintech and digital lending, while JD is for Vehicle Finance."", ""Tool experience: CV lists Salesforce in skills, but does not explicitly detail building a Salesforce-based Loan Origination System (LOS).""]","[""7 years of experience (CV has 4+ years)"", ""Vehicle Finance domain expertise"", ""Specific Program Manager or Project Manager title focused solely on Salesforce LOS programs""]","Hi, I lead digital lending platforms at Bajaj Finance with 4+ years managing end-to-end delivery, cross-functional stakeholder alignment, and Salesforce in my tech stack. I'd love to connect regarding the Program Manager – Salesforce role at IndusInd Bank.",Summary rewritten for this JD; 4 bullet(s) reworded to JD vocabulary (metrics preserved verbatim); Skill groups reordered (Analytics & Tools first); Skill items resequenced toward JD mentions,"The job requires 7 years of experience and specific program management for Salesforce-based Loan Origination Systems in the Vehicle Finance domain, whereas the candidate has 4+ years in fintech digital lending platforms.","program, programs, overview, seeking, experienced, manage, large-scale, initiatives, involves, ownership, salesforce-based, origination",stretch,stated,7+,asks for 7+ years vs your 4,"Role Overview We are seeking an experienced Program Manager – Salesforce with 7 years of experience to lead and manage large-scale Salesforce initiatives. The role involves end-to-end ownership of Salesforce-based Loan Origination System (LOS) programs, driving delivery, stakeholder alignment, and business outcomes in the Vehicle Finance domain. Key Responsibilities Program / Project Delivery Lead end-to-end delivery of Salesforce programs including planning, execution, monitoring, and closure.…"
no,,,52,Partnerships Manager,Saras Analytics,"Hyderabad, Telangana",https://www.adzuna.in/land/ad/5831965811?se=pBUE-7ia8RGVcZyokYtSjw&utm_medium=api&utm_source=195aa6d0&v=1CA290C9A4D269B9089CBCF8B8E9D05A9E26B7FB,36,62,36,borderline,0.08,0/0,,"[{""need"": ""saras analytics"", ""gain"": 2}, {""need"": ""analytics saras"", ""gain"": 2}, {""need"": ""analytics helps"", ""gain"": 2}, {""need"": ""helps ecommerce"", ""gain"": 2}, {""need"": ""dtc brands"", ""gain"": 2}]",,"{""skill_match"": 0.25, ""experience_fit"": 0.85, ""domain"": 0, ""education"": 1.0, ""achievement"": 1, ""trajectory"": 1.0}",adzuna,aggregator,,,2026-08-07T17:55:23Z,data/resumes/2026-08-18/Saras_Analytics_Partnerships_Manager/Mehul_Agarwal.docx,data/resumes/2026-08-18/Saras_Analytics_Partnerships_Manager/Mehul_Agarwal.pdf,"Product Manager with 4+ years of experience building digital lending products, driving strategic partnerships, and managing stakeholder relationships across NBFC and financial institutions. Brings a strong background in defining lead-exchange workflows, designing lead allocation engines, and optimizing end-to-end digital funnels. Grounded in data analytics using Google Analytics, Looker Studio, and CleverTap to validate decisions and track performance metrics.","[""Lead product requirements for strategic NBFC and financial-institution partnerships, designing lead-exchange and commission workflows with legal, business, and tech teams."", ""Design and ship the MCP (Minimum Credit Parameters) Master and Lead Allocation Master — a rules engine that pre-qualifies leads and routes them to the right lending partner based on credit profile, eligibility, and business rules."", ""Served as primary liaison between technical and business stakeholders, driving alignment on requirements and project status throughout the delivery lifecycle.""]","[{""original"": ""Lead product requirements for strategic NBFC and financial-institution partnerships, designing lead-exchange and commission workflows with legal, business, and tech teams."", ""rewritten"": ""Executed day-to-day partner relationship workflows by leading product requirements for strategic NBFC and financial-institution partnerships, designing lead-exchange and commission workflows with legal, business, and tech teams.""}, {""original"": ""Served as primary liaison between technical and business stakeholders, driving alignment on requirements and project status throughout the delivery lifecycle."", ""rewritten"": ""Acted as primary liaison managing cross-functional technical and business stakeholders, driving alignment on requirements and project status throughout the delivery lifecycle.""}, {""original"": ""Used Google Analytics and CleverTap to track user behaviour and KPIs, driving data-informed decisions that lifted conversion rates 23%."", ""rewritten"": ""Utilized data analytics tools including Google Analytics and CleverTap to track user behaviour and KPIs, driving data-informed decisions that lifted conversion rates 23%.""}]","[""Stakeholder Management"", ""Partner Integrations"", ""Product Road-mapping"", ""Gap Analysis""]","[""Managing partner relationships and partner ecosystem execution"", ""Cross-functional stakeholder management and collaboration"", ""Data-driven decision making and execution""]","[""Partnership management: The CV demonstrates strong experience managing strategic NBFC and financial-institution partnerships, lead-exchange workflows, and partner integrations, but lacks experience in the specific eCommerce or DTC brand partner ecosystem mentioned by Saras Analytics.""]","[""Experience specifically working with eCommerce or DTC brand data and partner ecosystems""]","Hi! I manage strategic partnerships and digital platforms at Bajaj Finance, where I build lead-exchange and partner integration workflows. I'd love to bring my experience scaling partner ecosystems to Saras Analytics. Let's connect!",Summary rewritten for this JD; 3 bullet(s) reworded to JD vocabulary (metrics preserved verbatim); Bullets reprioritized in: Product Manager - Home Loan; Skill groups reordered (Product & Delivery first),"The JD requests experience in the eCommerce and DTC brand space, which the candidate's CV does not demonstrate.","saras, helps, ecommerce, brands, turn, fragmented, clear, actionable, bootstrapped, profitable, grown, primarily",unknown,unknown,,no experience requirement found in the available text,"About Saras Analytics Saras Analytics helps eCommerce and DTC brands turn fragmented data into clear, actionable decisions. We're a bootstrapped, profitable company that has grown primarily through high-quality delivery and customer trust — our customers, agencies, and technology partners are some of our strongest advocates for growth. Role Summary The Partnership Manager owns the day-to-day execution of Saras's partner ecosystem — running every partner relationship from first conversation thro…"
no,,,52,"Sr Product Manager, Tech - Product",Uber,"Bengaluru, Karnataka",https://jobs.uber.com/en/jobs/300164/?utm_campaign=google_jobs_apply&utm_source=google_jobs_apply&utm_medium=organic,36,36,46,borderline,0.21,0/0,,"[{""need"": ""product cleaned document"", ""gain"": 1}, {""need"": ""uber means"", ""gain"": 1}, {""need"": ""big decisions"", ""gain"": 1}, {""need"": ""decisions without"", ""gain"": 1}, {""need"": ""without perfect"", ""gain"": 1}]",,"{""skill_match"": 0.2208, ""experience_fit"": 0.7, ""domain"": 0.25, ""education"": 1.0, ""achievement"": 1, ""trajectory"": 1.0}",serpapi,aggregator,,,1 day ago,data/resumes/2026-08-18/Uber_Sr_Product_Manager_Tech_Product/Mehul_Agarwal.docx,data/resumes/2026-08-18/Uber_Sr_Product_Manager_Tech_Product/Mehul_Agarwal.pdf,,[],[],[],[],[],[],,Skill items resequenced toward JD mentions,LLM output was not parseable; raw output kept.,"uber, global, complex, bridge, physical, worlds, impact, science, proven, without, outcomes, solutions",good_fit,stated,6+,"asks for 6+ years, you have 4","Cleaned Document 

     About the role and team  

  Product at Uber means making big decisions without perfect information—and owning the outcomes. As a Senior Product Manager (Tech), you will turn massive complexity into clarity at speed, navigating the ""messy"" reality of multi-sided marketplaces and high-stakes technical integrations. You will be at the heart of our most ambitious missions, architecting solutions that bridge the digital and physical worlds for millions of users globally. 

  This is a high-visibility, high-impact role where you won’t just manage a roadmap; you will build 0-to-1 platforms that bridge the digital and physical worlds. You’ll need to lead through influence, not control, and stay resilient while balancing the needs of external partners, engineering teams, and global business units. If you are a curious, owner-minded product leader who is energized by challenge and motivated by real-world impact—this is where you’ll grow. 

   What you’ll do  

   Build a bold product vision and strategy for your domain, identifying near and long-term initiatives that unlock the next wave of Uber’s global growth.   Design and ship scalable technology solutions—including APIs, orchestration layers, and developer tools—to deeply interpret and respond to complex marketplace signals.   Navigate and align cross-functional teams across Engineering, Data Science, Design, and Legal to drive cohesive product strategies despite competing priorities.   Translate unstructured user pain points into clear product requirements by distilling complex problems, writing hypotheses, and defining measurable outcomes.   Forge and manage strategic relationships with external partners, fintechs, or autonomous technology providers to scale deployments and optimize global operations.   Iterate relentlessly by distilling insights from performance dashboards, experimentation results, and user research to continuously raise the bar for quality and reliability.     Basic Qualificat"
no,,,51,Business Analyst_102207,MyCareernet,"Hyderabad, Telangana",https://in.linkedin.com/jobs/view/business-analyst-102207-at-mycareernet-4452238976?utm_campaign=google_jobs_apply&utm_source=google_jobs_apply&utm_medium=organic,36,35,69,competitive,0.56,4/8,"Business Analyst, Requirement gathering, SAP MM, Document and validate business and functional requirements","[{""need"": ""Business Analyst"", ""gain"": 3}, {""need"": ""Requirement gathering"", ""gain"": 3}, {""need"": ""SAP MM"", ""gain"": 3}, {""need"": ""Document and validate business and functional requirements"", ""gain"": 3}, {""need"": ""Cross-functional collaboration"", ""gain"": 1}]",,"{""skill_match"": 0.3275, ""experience_fit"": 0.7, ""domain"": 0, ""education"": 1.0, ""achievement"": 0.8571, ""trajectory"": 1.0}",serpapi,aggregator,,,17 hours ago,data/resumes/2026-08-18/MyCareernet_Business_Analyst_102207/Mehul_Agarwal.docx,data/resumes/2026-08-18/MyCareernet_Business_Analyst_102207/Mehul_Agarwal.pdf,"Product Manager with 4+ years of experience building digital lending products, translating business and credit-policy requirements into scalable digital systems. Experienced in conducting requirements gathering, documenting functional requirements, and working closely with cross-functional stakeholders throughout the delivery lifecycle. Proven track record of managing product roadmaps, sprint planning, and backlog grooming with engineering and design teams. Grounded in data, bringing strong stakeholder management and process optimization skills to deliver structured product solutions.","[""• Own product strategy for Home Loan digital acquisition, translating business and credit-policy requirements into scalable lead-generation and qualification systems."", ""• Served as primary liaison between technical and business stakeholders, driving alignment on requirements and project status throughout the delivery lifecycle."", ""• Wrote detailed product specifications and requirements in partnership with engineering teams to ensure aligned, on-time delivery."", ""• Lead product requirements for strategic NBFC and financial-institution partnerships, designing lead-exchange and commission workflows with legal, business, and tech teams.""]","[{""original"": ""• Own product strategy for Home Loan digital acquisition, translating business and credit-policy requirements into scalable lead-generation and qualification systems."", ""rewritten"": ""• Own product strategy for Home Loan digital acquisition, conducting requirements gathering and translating business and credit-policy requirements into scalable lead-generation and qualification systems.""}, {""original"": ""• Wrote detailed product specifications and requirements in partnership with engineering teams to ensure aligned, on-time delivery."", ""rewritten"": ""• Documented detailed functional requirements and product specifications in partnership with cross-functional engineering teams to ensure aligned, on-time solution delivery.""}, {""original"": ""• Served as primary liaison between technical and business stakeholders, driving alignment on requirements and project status throughout the delivery lifecycle."", ""rewritten"": ""• Managed stakeholder relationships as the primary liaison between technical and business teams, driving alignment on requirements and solution delivery across cross-functional groups.""}]","[""Stakeholder Management"", ""Requirement gathering"", ""Agile"", ""Cross-functional teams""]","[""Stakeholder Management"", ""Requirement Gathering and Analysis"", ""Ability to document and validate business and functional requirements"", ""Experience working with cross-functional teams"", ""Experience with Jira / Agile project management tools (Azure DevOps/Agile)""]","[""Business Analysis and requirement gathering: CV shows product management and writing product specifications, but not enterprise business analysis."", ""Agile methodologies: CV mentions Agile/Scrum and Azure DevOps, but does not explicitly name Jira.""]","[""6-9 years of experience in Business Analysis (CV has 4+ years of Product Management experience)"", ""Strong experience in SAP MM"", ""Experience in SAP MM implementation and process mapping"", ""Knowledge of SAP integration with other modules""]","Hi, I saw your Business Analyst role and wanted to connect. With 4+ years of product management experience at Bajaj Finance, I specialize in requirement gathering, documentation, and cross-functional stakeholder management. Let's connect!",Summary rewritten for this JD; 3 bullet(s) reworded to JD vocabulary (metrics preserved verbatim); Bullets reprioritized in: Product Manager - Home Loan; Skill items resequenced toward JD mentions,"The job requires 6-9 years of experience in Business Analyst roles and deep expertise in SAP MM, which are not present on the candidate's CV.","requirement, gathering, agile, document, functional, cross-functional, solution, analyst, roles, conduct, processes.work, capture",unknown,unknown,,no experience requirement found in the available text,"Key Skills: Business Analyst, Implementation, Requirement gathering, Stakeholder Management, SAP MM, Agile

Roles and Responsibilities: 

Conduct requirements gathering and business analysis for SAP MM processes.Work with stakeholders to capture, validate, and document functional requirements.Support SAP MM implementation activities, including process mapping and requirement traceability.Coordinate with cross-functional teams to ensure requirements are understood and actionable.Maintain clear documentation of requirements and support solution alignment during delivery.Skills Required:

6-9 years of experience in Business AnalysisStrong experience in SAP MMHands-on experience in Requirement Gathering and AnalysisExperience in SAP MM implementation and process mappingStrong Stakeholder Management skillsAbility to document and validate business and functional requirementsExperience working with cross-functional teamsGood understanding of SAP MM business processesExperience in requirement traceability and solution alignmentGood to Have:

Knowledge of Agile methodologiesExperience with Jira / Agile project management toolsKnowledge of SAP integration with other modulesEducation: Any Graduation"
no,,,51,Product Manager (Remote),Monks,"Noida, Uttar Pradesh",https://www.shine.com/jobs/product-manager-remote/monks/19466965?utm_campaign=google_jobs_apply&utm_source=google_jobs_apply&utm_medium=organic,39,34,70,competitive,0.58,1/8,"End-to-end discovery and translating operational needs into scalable requirements, Stakeholder facilitation and negotiation, Comfort with web technologies, technical concepts, and APIs, Ability to ramp quickly on an unfamiliar domain, Goal-oriented, autonomous, and organized, English communication skills, Agile consulting environment comfort","[{""need"": ""End-to-end discovery and translating operational needs into scalable requirements"", ""gain"": 3}, {""need"": ""Stakeholder facilitation and negotiation"", ""gain"": 3}, {""need"": ""Comfort with web technologies, technical concepts, and APIs"", ""gain"": 3}, {""need"": ""Ability to ramp quickly on an unfamiliar domain"", ""gain"": 3}, {""need"": ""Goal-oriented, autonomous, and organized"", ""gain"": 3}]",,"{""skill_match"": 0.1654, ""experience_fit"": 0.78, ""domain"": 0.25, ""education"": 1.0, ""achievement"": 1, ""trajectory"": 1.0}",serpapi,aggregator,,,3 days ago,data/resumes/2026-08-18/Monks_Product_Manager_Remote/Mehul_Agarwal.docx,data/resumes/2026-08-18/Monks_Product_Manager_Remote/Mehul_Agarwal.pdf,"Product Manager with 4+ years building digital lending products in fintech, currently owning the Home Loan digital acquisition stack at Bajaj Finance from credit eligibility rules to lead allocation and lending-partner integrations. Experienced in managing end-to-end product delivery, defining requirements, and collaborating with cross-functional teams including engineering and design. Grounded in data, using analytics tools to validate decisions, track user behavior, and prioritize the product roadmap.","[""Own product strategy for Home Loan digital acquisition, translating business and credit-policy requirements into scalable lead-generation and qualification systems."", ""Led development and management of digital platforms (app and web) for the Personal Loan product, growing user engagement 27% and user acquisition 14%."", ""Served as primary liaison between technical and business stakeholders, driving alignment on requirements and project status throughout the delivery lifecycle.""]","[{""original"": ""Served as primary liaison between technical and business stakeholders, driving alignment on requirements and project status throughout the delivery lifecycle."", ""rewritten"": ""Served as primary product point of contact between technical and business stakeholders, driving alignment on requirements and project status throughout the delivery lifecycle.""}, {""original"": ""Wrote detailed product specifications and requirements in partnership with engineering teams to ensure aligned, on-time delivery."", ""rewritten"": ""Wrote detailed product specifications and requirements in partnership with engineering and design teams to ensure aligned, on-time delivery.""}, {""original"": ""Owned end-to-end delivery — from concept and design through development, testing, deployment, and post-launch support — ensuring seamless product releases."", ""rewritten"": ""Owned end-to-end delivery from concept and design through development, testing, deployment, and post-launch support, defining requirements and managing scope.""}, {""original"": ""Used Google Analytics and CleverTap to track user behaviour and KPIs, driving data-informed decisions that lifted conversion rates 23%."", ""rewritten"": ""Used Google Analytics and CleverTap to track user behaviour and KPIs, defining metrics that drive data-informed decisions and iteration.""}]","[""Product Management"", ""Agile/Scrum"", ""Stakeholder Management"", ""Figma"", ""Google Analytics"", ""A/B Testing"", ""API""]","[""Experience in product management for digital products"", ""End-to-end delivery experience translating operational needs into requirements"", ""Stakeholder facilitation and cross-functional collaboration with engineering and design"", ""Comfort with web technologies and technical concepts""]","[""5+ years in product management: CV has 4+ years of product management experience."", ""Consulting environment experience: CV shows product management in fintech and a short product marketing internship at a consulting firm, but not a full client-facing consulting background.""]","[""Direct experience working alongside AI coding agents like Claude Code or Codex"", ""Prior consulting or client-facing product delivery background as stated in preferred qualifications""]","Hi, I saw your Product Manager opening and wanted to connect. I have 4+ years of product management experience at Bajaj Finance owning digital platforms, end-to-end delivery, and cross-functional execution with engineering and design teams. Let's discuss how my background aligns with Monks.",Summary rewritten for this JD; 3 bullet(s) reworded to JD vocabulary (metrics preserved verbatim),The CV does not demonstrate 5+ years of product management experience (it has 4+ years) nor experience working alongside AI coding tools like Claude Code or Codex.,"monks, information, discovery, trusted, recruitment, contact, clients, needs, advisor, environment, global, brands",good_fit,stated,5+,"asks for 5+ years, you have 4","Please note that we will never request payment or bank account information at any stage of the recruitment process. As we continue to grow our teams, we urge you to be cautious of fraudulent job postings or recruitment activities that misuse our company name and information. Please protect your personal information during any recruitment process. While Monks may contact potential candidates via LinkedIn, all applications must be submitted through our official website (monks.com/careers).


Own the why, and shape what gets built.



About the Role

We build products for clients, and someone has to own the problem: what we're solving, for whom, and why it matters. As a Lead Product Manager, you lead discovery, set product direction, and turn fuzzy business needs into something the team can actually build. You are the person keeping everyone pointed at the outcome that matters.



You'll work inside a Monks delivery team as a trusted advisor to our clients and the primary product point of contact, partnering closely with engineering and design.



We're all-in on agentic engineering. Tools like Claude Code and Codex are part of our everyday workflow, and we're looking for people who are genuinely fluent working alongside AI coding agents and excited to push those practices further.



Who You Are
A trusted advisor: clients rely on your judgment, and you earn it.
Decisive under ambiguity: you make the call with incomplete information and adjust as you learn.
User- and business-minded: you hold both the customer's need and the client's goals at once.
A clear communicator: you deliver concise, decision-ready updates to any audience.
What You'll Do
Discovery and strategy: run discovery, research, and analysis, and define the product direction and roadmap.
Client partnership: serve as trusted advisor and primary product contact, surface competing needs early, and broker trade-offs.
Delivery: define requirements, prioritize, and manage scope with engineering and design from "
no,,,50,Project Manager,TMF Group,"New Delhi, Delhi",https://www.adzuna.in/land/ad/5830416622?se=uqOlD7ma8RGyIdVC-Du-Yg&utm_medium=api&utm_source=195aa6d0&v=55391A2B55F71BDE9C426E370250BABCC32C4199,38,44,36,borderline,0.14,0/0,,"[{""need"": ""never ask"", ""gain"": 1}, {""need"": ""payment"", ""gain"": 1}, {""need"": ""selection process"", ""gain"": 1}, {""need"": ""always contact"", ""gain"": 1}, {""need"": ""corporate accounts"", ""gain"": 1}]",,"{""skill_match"": 0.2248, ""experience_fit"": 0.85, ""domain"": 0, ""education"": 1.0, ""achievement"": 0.8571, ""trajectory"": 1.0}",adzuna,aggregator,,,2026-08-06T17:50:16Z,data/resumes/2026-08-18/TMF_Group_Project_Manager/Mehul_Agarwal.docx,data/resumes/2026-08-18/TMF_Group_Project_Manager/Mehul_Agarwal.pdf,"Product Manager with 4+ years building digital lending products in fintech at Bajaj Finance, owning digital acquisition stacks, lead allocation, and partner integrations. Experienced in running sprint planning, backlog grooming, and specs with Engineering and Design teams across India. Grounded in data, using Google Analytics, CleverTap, and Looker Studio to validate decisions and track KPIs.","[""Served as primary liaison between technical and business stakeholders, driving alignment on requirements and project status throughout the delivery lifecycle."", ""Wrote detailed product specifications and requirements in partnership with engineering teams to ensure aligned, on-time delivery."", ""Owned end-to-end delivery — from concept and design through development, testing, deployment, and post-launch support — ensuring seamless product releases.""]","[{""original"": ""Served as primary liaison between technical and business stakeholders, driving alignment on requirements and project status throughout the delivery lifecycle."", ""rewritten"": ""Served as primary liaison between technical and business stakeholders, driving cross-functional project alignment on requirements and status throughout the delivery lifecycle.""}, {""original"": ""Wrote detailed product specifications and requirements in partnership with engineering teams to ensure aligned, on-time delivery."", ""rewritten"": ""Wrote detailed product specifications and requirements in partnership with engineering teams to ensure aligned, on-time project delivery.""}, {""original"": ""Owned end-to-end delivery — from concept and design through development, testing, deployment, and post-launch support — ensuring seamless product releases."", ""rewritten"": ""Owned end-to-end project delivery — from concept and design through development, testing, deployment, and post-launch support — ensuring seamless releases.""}]","[""Stakeholder Management"", ""Agile/Scrum"", ""SDLC""]","[""Stakeholder management and cross-functional coordination"", ""End-to-end project execution and delivery"", ""Technical requirement writing and design specs""]","[""Large-scale technology transformation projects: CV shows product management and platform launches across app and web, but does not explicitly name large-scale enterprise technology transformations.""]","[""The JD snippet provided consists entirely of recruitment fraud warnings and location details without specific project management technical requirements, meaning traditional project management methodology experience beyond Agile/Scrum cannot be verified from the text.""]","Hi, I lead digital platform and acquisition product delivery at Bajaj Finance with 4+ years managing end-to-end tech projects. Would love to connect about your technology transformation initiatives.",Summary rewritten for this JD; 3 bullet(s) reworded to JD vocabulary (metrics preserved verbatim),"The job description contains no specific functional requirements or role details beyond location and recruitment fraud warnings, making it impossible to evaluate specific project management gaps.","payment, never, selection, always, contact, candidates, corporate, accounts, approached, likely, fraudulent, please",unknown,unknown,,no experience requirement found in the available text,"We never ask for payment as part of our selection process, and we always contact candidates via our corporate accounts and platforms. If you are approached for payment, this is likely to be fraudulent. Please check to see whether the role you are interested in is posted here, on our website. Location: Delhi NCR, Mumbai, Pune, and Bangalore Discover the Role Join a global team driving large-scale technology transformation projects across multiple countries. This role offers the opportunity to le…"
no,,,49,Project Manager,Cushman & Wakefield,"North Delhi, Delhi",https://www.adzuna.in/land/ad/5820963769?se=uqOlD7ma8RGyIdVC-Du-Yg&utm_medium=api&utm_source=195aa6d0&v=26BC90492336A18D33526C72BA066A1400C35D91,41,63,51,borderline,0.38,0/2,"Civil Engineering, Large-scale construction and infrastructure project management","[{""need"": ""Civil Engineering"", ""gain"": 11}, {""need"": ""Large-scale construction and infrastructure project management"", ""gain"": 11}, {""need"": ""Site team leadership"", ""gain"": 5}, {""need"": ""Consultant and contractor coordination"", ""gain"": 5}]",,"{""skill_match"": 0.1429, ""experience_fit"": 1.0, ""domain"": 0, ""education"": 1.0, ""achievement"": 0.8571, ""trajectory"": 1.0}",adzuna,aggregator,,,2026-07-30T15:25:18Z,data/resumes/2026-08-18/Cushman_Wakefield_Project_Manager/Mehul_Agarwal.docx,data/resumes/2026-08-18/Cushman_Wakefield_Project_Manager/Mehul_Agarwal.pdf,"Product Manager with 4+ years of experience managing end-to-end execution of digital platforms and stakeholder coordination across technical and business functions. Holds a B.Tech degree and has successfully owned large-scale product delivery from concept through deployment and post-launch support. Brings strong experience in project scoping, requirement gathering, and managing cross-functional delivery lifecycles.","[""Served as primary liaison between technical and business stakeholders, driving alignment on requirements and project status throughout the delivery lifecycle."", ""Owned end-to-end delivery — from concept and design through development, testing, deployment, and post-launch support — ensuring seamless product releases."", ""Led product requirements for strategic NBFC and financial-institution partnerships, designing lead-exchange and commission workflows with legal, business, and tech teams.""]","[{""original"": ""Owned end-to-end delivery — from concept and design through development, testing, deployment, and post-launch support — ensuring seamless product releases."", ""rewritten"": ""Managed end-to-end execution of product projects — from concept and design through development, testing, deployment, and post-launch support — ensuring seamless releases.""}, {""original"": ""Served as primary liaison between technical and business stakeholders, driving alignment on requirements and project status throughout the delivery lifecycle."", ""rewritten"": ""Coordinated with technical and business stakeholders, overseeing project status and driving alignment on requirements throughout the delivery lifecycle.""}]","[""project management"", ""end-to-end execution""]","[""B.Tech degree requirement"", ""4+ years of professional experience matching the 4-18 years range"", ""End-to-end execution and project management experience""]","[""Project management experience is present, but it is in digital fintech products rather than civil engineering and construction infrastructure""]","[""Civil engineering background and construction/infrastructure project management experience"", ""Experience leading on-site construction teams and coordinating with civil consultants or contractors""]","Hi, I saw your Project Manager opening. While my background is in digital fintech platforms rather than civil construction, I bring 4+ years of end-to-end project execution and stakeholder coordination experience. Let's connect.",Summary rewritten for this JD; 2 bullet(s) reworded to JD vocabulary (metrics preserved verbatim); Bullets reprioritized in: Product Manager - Home Loan,"The job explicitly requires a B.E./B.Tech in Civil Engineering and experience managing large-scale civil construction and infrastructure projects, whereas the candidate's background is in B.Tech (non-civil) and digital fintech product management.","civil, construction, projects, hiring, experienced, oversee, large-scale, position, b.e./b.tech, location, north, manage",good_fit,stated,4-18,"asks for 4-18 years, you have 4","Hiring: Project Manager (Civil Engineering)  We are looking for an experienced Project Manager - Civil Engineering to lead and oversee large-scale construction and infrastructure projects from planning through execution.  Position: Project Manager  Qualification: B.E./B.Tech in Civil Engineering  Experience: 4-18 Years  Location: North India Key Responsibilities: ✅ Manage end-to-end execution of civil construction projects ✅ Lead site teams and coordinate with consultants, contractors, and sta…"
no,,,49,Product Manager-Trainee,Kumaran Systems,"Chennai, Tamil Nadu",https://www.adzuna.in/land/ad/5813878236?se=wOaW37ia8RGB8rnM-OiTpQ&utm_medium=api&utm_source=195aa6d0&v=DC641E0A71893EC62026EB9E256A54B3198019C5,47,48,35,borderline,0.16,0/0,,"[{""need"": ""product manager-trainee"", ""gain"": 2}, {""need"": ""title"", ""gain"": 2}, {""need"": ""overview"", ""gain"": 2}, {""need"": ""highly motivated"", ""gain"": 2}, {""need"": ""analytical mba graduates"", ""gain"": 2}]",,"{""skill_match"": 0.2186, ""experience_fit"": 0.85, ""domain"": 0, ""education"": 1.0, ""achievement"": 0.8571, ""trajectory"": 1.0}",adzuna,aggregator,,,2026-07-24T19:01:40Z,,,,[],[],[],[],[],[],,,,"trainee, title, overview, highly, motivated, analytical, graduates, exciting, aspiring, professionals, closely, leaders",good_fit,inferred,0-3,"asks for 0-3 years, you have 4","Job Title: Product Manager – Trainee Role Overview We are looking for highly motivated and analytical MBA graduates to join our team as Product Manager – Trainee . This is an exciting opportunity for aspiring product professionals to work closely with product leaders, engineering teams, and business stakeholders in building next-generation AI-powered accelerator platforms, products, and enterprise solutions. The selected candidate will gain hands-on experience in product strategy, customer rese…"
no,,,49,Project manager - Interiors,Padma & Prabhakar Design,"Hyderabad, Telangana",https://www.adzuna.in/land/ad/5841755690?se=SEn9ELma8RGVcZyokYtSjw&utm_medium=api&utm_source=195aa6d0&v=45F405D9124A5A730B0F1891AC775AA399017BB2,34,28,30,weak,0.08,0/0,,"[{""need"": ""interiors"", ""gain"": 2}, {""need"": ""description padma"", ""gain"": 2}, {""need"": ""padma prabhakar"", ""gain"": 2}, {""need"": ""prabhakar design"", ""gain"": 2}, {""need"": ""luxury interior"", ""gain"": 2}]",,"{""skill_match"": 0.125, ""experience_fit"": 0.85, ""domain"": 0.25, ""education"": 1.0, ""achievement"": 0.8571, ""trajectory"": 1.0}",adzuna,aggregator,,,2026-08-14T16:34:55Z,,,,[],[],[],[],[],[],,,,"client, description, padma, prabhakar, luxury, interior, dedicated, creating, spaces, tell, meaningful, story",unknown,unknown,,no experience requirement found in the available text,"Company Description Padma Prabhakar Design is a luxury interior design studio dedicated to creating spaces that tell a meaningful story. Each project is treated as a unique, personal collaboration, blending client aspirations with refined aesthetic sensibilities. The team focuses on every detail, from materials to final finishes, to ensure the design reflects the client’s vision and individuality. Designs are curated to evoke warmth, sophistication, and a strong sense of place, resulting in int…"
no,,,49,Senior Digital Product Owner,Wells Fargo,"Hyderabad, India",https://wf.wd1.myworkdayjobs.com/en-US/WellsFargoJobs/job/Hyderabad-India/Senior-Digital-Product-Owner_R-569007-1,32,29,56,borderline,0.45,2/12,"senior digital, product owner, wells fargo, participate, variety, complex functions, digital environment contribute, large-scale planning, digital strategy review, analyze complex","[{""need"": ""senior digital"", ""gain"": 2}, {""need"": ""product owner"", ""gain"": 2}, {""need"": ""wells fargo"", ""gain"": 2}, {""need"": ""participate"", ""gain"": 2}, {""need"": ""variety"", ""gain"": 2}]",,"{""skill_match"": 0.1213, ""experience_fit"": 0.85, ""domain"": 0.25, ""education"": 1.0, ""achievement"": 0.8571, ""trajectory"": 1.0}",workday,direct,,,Posted Today,,,,[],[],[],[],[],[],,,,"wells, fargo, risk, complex, compliance, applicants, issues, disabilities, drug, customer, resolve, initiatives",good_fit,inferred,6-10,"asks for 6-10 years, you have 4","About this role: Wells Fargo is seeking a Senior Digital Product Owner In this role, you will: Lead or participate in variety of complex functions within the digital environment Contribute to large-scale planning related to the execution of the digital strategy Review and analyze complex content strategy/creation, customer experience, analytics/research or product management that require an in-depth evaluation of variable factors Independently resolve complex issues Lead team to meet project deliverables while leveraging solid understanding of digital initiatives, policies, procedures and/or compliance requirements Collaborate and consult with peers, colleagues and mid-level managers to resolve issues and achieve goals Potentially lead projects, teams or provide direction to junior staff on less complex digital initiatives Required Qualifications: 4&#43; years of digital product management experience, or equivalent demonstrated through one or a combination of the following: work experience, training, military experience, education Posting End Date: 23 Aug 2026 *Job posting may come down early due to volume of applicants. We Value Equal Opportunity Wells Fargo is an equal opportunity employer. All qualified applicants will receive consideration for employment without regard to race, color, religion, sex, sexual orientation, gender identity, national origin, disability, status as a protected veteran, or any other legally protected characteristic. Employees support our focus on building strong customer relationships balanced with a strong risk mitigating and compliance-driven culture which firmly establishes those disciplines as critical to the success of our customers and company. They are accountable for execution of all applicable risk programs (Credit, Market, Financial Crimes, Operational, Regulatory Compliance), which includes effectively following and adhering to applicable Wells Fargo policies and procedures, appropriately fulfilling risk and compliance obligat"
no,,,48,"Program Manager, Intake & Portfolio Management",stripe,Remote,https://stripe.com/jobs/search?gh_jid=7569678,32,28,67,competitive,0.64,3/8,"discipline, move initiatives, finish line, inception through delivery, bonus","[{""need"": ""discipline"", ""gain"": 1}, {""need"": ""move initiatives"", ""gain"": 1}, {""need"": ""finish line"", ""gain"": 1}, {""need"": ""inception through delivery"", ""gain"": 1}, {""need"": ""bonus"", ""gain"": 1}]",,"{""skill_match"": 0.2441, ""experience_fit"": 0.6429, ""domain"": 0, ""education"": 1.0, ""achievement"": 1, ""trajectory"": 1.0}",greenhouse,direct,,,2026-08-17T18:53:03-04:00,,,,[],[],[],[],[],[],,,,"people, intake, portfolio, prioritization, capacity, improve, build, requests, stripe, initiatives, organization, submission",good_fit,stated,2+,"asks for 2+ years, you have 4","Who we are About Stripe Stripe is a financial infrastructure platform for businesses. Millions of companies - from the world’s largest enterprises to the most ambitious startups - use Stripe to accept payments, grow their revenue, and accelerate new business opportunities. Our mission is to increase the GDP of the internet, and we have a staggering amount of work ahead. That means you have an unprecedented opportunity to put the global economy within everyone's reach while doing the most important work of your career. About the team People Strategy &amp; Enablement (PS&amp;E) bridges the gap between strategy and impact. We create clarity and momentum for People initiatives, partnering cross-functionally to design and run scalable programs and products that improve decisions, reduce friction, and support sustainable growth. By enabling operational excellence and alignment, we ensure the People team can move faster and with confidence. Our work spans five core areas: strategic planning and roadmap prioritization to ensure the People team focuses on the highest-value initiatives; pillar management to track health, risks, and progress of strategic initiatives with transparency and accountability; project management to provide the discipline and structure required to move initiatives across the finish line — from inception through delivery; design readiness and change management to prepare the organization to adopt and sustain new programs; and People operating rhythms to organize and facilitate planning cadences and forums that keep the organization aligned and moving. The role This is not a typical project management role. As Project Manager for People Operations Intake &amp; Portfolio, you will own the systems, processes, and judgment layer that determines what the Partners, Operations &amp; Insights (POI) organization works on — and in what order. You will be the connective tissue between the People team's ambitions and POI's capacity, serving as the first point of c"
no,,,48,Influencer Partnerships Manager,Media Vantage,"Mumbai, Maharashtra",https://www.adzuna.in/land/ad/5845682841?se=pBUE-7ia8RGVcZyokYtSjw&utm_medium=api&utm_source=195aa6d0&v=E78F626DFE4D717373734EAFE5CED61E5A13CE90,35,48,27,weak,0.08,0/0,,"[{""need"": ""influencer partnerships"", ""gain"": 2}, {""need"": ""manager influencer"", ""gain"": 2}, {""need"": ""influencer talent"", ""gain"": 2}, {""need"": ""talent partnerships"", ""gain"": 2}, {""need"": ""manager mumbai"", ""gain"": 2}]",,"{""skill_match"": 0.1508, ""experience_fit"": 0.85, ""domain"": 0, ""education"": 1.0, ""achievement"": 1, ""trajectory"": 1.0}",adzuna,aggregator,,,2026-08-18T05:07:52Z,,,,[],[],[],[],[],[],,,,"talent, influencers, brand, influencer, manage, actors, full-time, dynamic, commercially, driven, sales, opportunities",unknown,unknown,,no experience requirement found in the available text,"Influencer & Talent Partnerships Manager  Mumbai | Full-Time About the Role We are looking for a dynamic and commercially driven Influencer & Talent Partnerships Manager to manage actors and influencers while driving brand partnerships, sales, and revenue opportunities. Key Responsibilities Manage a portfolio of actors and influencers and build strong professional relationships. Pitch influencers and talent to digital, creative, brand, and event agencies. Generate and close brand collaborations…"
no,,,48,Channel Manager,Alibaba.com,"Delhi, India",https://www.adzuna.in/land/ad/5830535415?se=DreB_ria8RGVcZyokYtSjw&utm_medium=api&utm_source=195aa6d0&v=7FFE4CDB1F55068BA7074B86A5B82C40C85B97E6,35,48,27,weak,0.08,0/0,,"[{""need"": ""establishing"", ""gain"": 2}, {""need"": ""maintaining effective"", ""gain"": 2}, {""need"": ""effective sales"", ""gain"": 2}, {""need"": ""sales channels"", ""gain"": 2}, {""need"": ""meet sales objectives"", ""gain"": 2}]",,"{""skill_match"": 0.182, ""experience_fit"": 0.85, ""domain"": 0, ""education"": 1.0, ""achievement"": 0.8571, ""trajectory"": 1.0}",adzuna,aggregator,,,2026-08-06T19:53:10Z,,,,[],[],[],[],[],[],,,,"sales, effective, channel, responsible, establishing, maintaining, meet, objectives, develop, assess, opportunities, formulate",unknown,unknown,,no experience requirement found in the available text,"Responsibilities: 1、Responsible for establishing and maintaining effective sales channels in India, to meet sales objectives. 2、Develop new partners, assess potential market opportunities, and formulate and execute channel strategies. 3、Establish long-term partnerships with distributors, providing training and support to ensure effective product promotion. 4、Coordinate internal resources to assist channel partners in resolving sales issues, enhancing customer satisfaction. 5、Regularly analyze s…"
no,,,48,Program Manager(Education Industry)-Salary-12.00 to 15.00 Lacs PA,Profession Makers Recruitment Consultants,"Noida, Ghaziabad",https://www.adzuna.in/land/ad/5818746828?se=NKBuDLma8RGB8rnM-OiTpQ&utm_medium=api&utm_source=195aa6d0&v=50CD2412DA55ABBF5FDF936FC59E8F8CBFE9FBF2,28,20,27,weak,0.08,0/0,,"[{""need"": ""program manager"", ""gain"": 1}, {""need"": ""education industry"", ""gain"": 1}, {""need"": ""salary-12.00"", ""gain"": 1}, {""need"": ""lacs"", ""gain"": 1}, {""need"": ""providing academic leadership"", ""gain"": 1}]",,"{""skill_match"": 0.1756, ""experience_fit"": 0.85, ""domain"": 0, ""education"": 1.0, ""achievement"": 0.8571, ""trajectory"": 1.0}",adzuna,aggregator,,,2026-07-29T01:23:05Z,,,,[],[],[],[],[],[],,,,"leadership, learning, providing, academic, level, programme, line, plan, core, values, priorities, policies",unknown,unknown,,no experience requirement found in the available text,"Key Responsibilities Providing academic leadership for UG Level Programme(s) in line with The Company's strategic plan, core values, strategic priorities, policies, and regulations and the requirements Maintaining good collaboration with partner university and provide leadership, direction, and communication to module leaders to ensure the quality of learning, teaching and assessment within the modules provides a stimulating learning experience for the students. Develop and update documents, li…"
no,,,47,Senior Product Manager,Alegeus,"Bangalore, Karnataka",https://www.adzuna.in/details/5719742290?utm_medium=api&utm_source=195aa6d0,39,40,25,weak,0.08,0/0,,"[{""need"": ""shape"", ""gain"": 1}, {""need"": ""future"", ""gain"": 1}, {""need"": ""healthtech"", ""gain"": 1}, {""need"": ""energized"", ""gain"": 1}, {""need"": ""challenges"", ""gain"": 1}]",,"{""skill_match"": 0.0583, ""experience_fit"": 0.85, ""domain"": 0.25, ""education"": 1.0, ""achievement"": 0.8571, ""trajectory"": 1.0}",adzuna,aggregator,,,2026-05-06T01:59:10Z,,,,[],[],[],[],[],[],,,,"career, alegeus, want, shape, future, healthtech, energized, challenges, inspired, bold, goals, ready",good_fit,inferred,6-10,"asks for 6-10 years, you have 4","Do you want to shape the future of fintech and healthtech ? Energized by challenges and inspired by bold goals? Ready to elevate your career alongside driven and talented colleagues? If that sounds like you, explore a career at Alegeus today. Opportunity Happens Here . RESPONSIBILITIES Alegeus is modernizing into an API first, open integration platform that powers partners, employers, and participants across consumer- directed- healthcare. You will own the Integrations product surface so that p…"
no,,,47,Partnerships Manager,VySystems,"Chennai, Tamil Nadu",https://www.adzuna.in/land/ad/5833435022?se=pBUE-7ia8RGVcZyokYtSjw&utm_medium=api&utm_source=195aa6d0&v=22D1DC551D3EFF17C04DF1C46DE843DA9DCB276C,37,34,25,weak,0.08,0/0,,"[{""need"": ""hiring partnerships"", ""gain"": 1}, {""need"": ""partner ecosystem"", ""gain"": 1}, {""need"": ""ecosystem vybog"", ""gain"": 1}, {""need"": ""vybog suite"", ""gain"": 1}, {""need"": ""forecast accuracy"", ""gain"": 1}]",,"{""skill_match"": 0.1517, ""experience_fit"": 0.85, ""domain"": 0, ""education"": 1.0, ""achievement"": 0.8571, ""trajectory"": 1.0}",adzuna,aggregator,,,2026-08-08T18:03:07Z,,,,[],[],[],[],[],[],,,,"build, vybog, suite, enterprise, hiring, ecosystem, forecast, accuracy, deals, closed, countries, around",unknown,unknown,,no experience requirement found in the available text,"WE'RE HIRING Partnerships Manager Build the Partner Ecosystem — Vybog Suite 95% Forecast Accuracy 30% More Deals Closed 3 Countries Served Products you'll partner around already deliver these results WHY VYBOG One unified platform — four products (Vybog Tal, CRM, People & Parser) Serving enterprise clients in India, US & Singapore Build the partner strategy behind a fast-scaling AI enterprise suite WHAT YOU'LL DO Identify, sign & manage technology, channel & reseller partnerships Build the part…"
no,,,47,Senior Product Analyst,Alegeus,"Bangalore, Karnataka",https://www.adzuna.in/details/5841926062?utm_medium=api&utm_source=195aa6d0,28,15,25,weak,0.08,0/0,,"[{""need"": ""senior product analyst"", ""gain"": 1}, {""need"": ""shape"", ""gain"": 1}, {""need"": ""future"", ""gain"": 1}, {""need"": ""healthtech"", ""gain"": 1}, {""need"": ""energized"", ""gain"": 1}]",,"{""skill_match"": 0.0606, ""experience_fit"": 0.85, ""domain"": 0.25, ""education"": 1.0, ""achievement"": 0.8571, ""trajectory"": 1.0}",adzuna,aggregator,,,2026-08-14T20:46:45Z,,,,[],[],[],[],[],[],,,,"career, alegeus, senior, analyst, want, shape, future, healthtech, energized, challenges, inspired, bold",good_fit,inferred,6-10,"asks for 6-10 years, you have 4","Do you want to shape the future of fintech and healthtech ? Energized by challenges and inspired by bold goals? Ready to elevate your career alongside driven and talented colleagues? If that sounds like you, explore a career at Alegeus today. Opportunity Happens Here . Senior Product Analyst Join our team at Alegeus, where you’ll experience unmatched opportunity and a culture that cares deeply about succeeding together. As a Senior Product Analyst, you’ll serve as the Product organization’s str…"
no,,,47,Program Manager,Porter,"Bangalore, Karnataka",https://www.adzuna.in/land/ad/5840225577?se=NKBuDLma8RGB8rnM-OiTpQ&utm_medium=api&utm_source=195aa6d0&v=7A8475DF5F7AC38BFF1BDCF1A9E2ED05290BC894,30,32,25,weak,0.08,0/0,,"[{""need"": ""program manager"", ""gain"": 1}, {""need"": ""porter"", ""gain"": 1}, {""need"": ""passionate"", ""gain"": 1}, {""need"": ""improving productivity"", ""gain"": 1}, {""need"": ""vision"", ""gain"": 1}]",,"{""skill_match"": 0.1213, ""experience_fit"": 0.85, ""domain"": 0, ""education"": 1.0, ""achievement"": 1, ""trajectory"": 1.0}",adzuna,aggregator,,,2026-08-13T16:19:48Z,,,,[],[],[],[],[],[],,,,"porter, industry, just, passionate, productivity, vision, move, billion, dreams, empower, businesses, large",unknown,unknown,,no experience requirement found in the available text,"About Porter At Porter, we're not just passionate about improving productivity; we're on a vision to move a billion dreams one delivery at a time. We empower businesses, both large and small, to optimize their operations and unleash unprecedented growth in their core functions. Join us in pioneering the future of last-mile logistics, one that's poised to disrupt the industry and redefine the way we think about transportation. Why Porter? - Industry Leadership: As the fastest-growing leader in l…"
no,,,47,Workday Senior Program Manager,Tata Consultancy Services,"Mumbai, Maharashtra",https://www.adzuna.in/land/ad/5831965483?se=NKBuDLma8RGB8rnM-OiTpQ&utm_medium=api&utm_source=195aa6d0&v=5A89323FE822582072009DA5612AF91B676ED382,32,37,33,weak,0.2,0/0,,"[{""need"": ""workday senior"", ""gain"": 2}, {""need"": ""senior program"", ""gain"": 2}, {""need"": ""program manager"", ""gain"": 2}, {""need"": ""name"", ""gain"": 2}, {""need"": ""manager desired"", ""gain"": 2}]",,"{""skill_match"": 0.2065, ""experience_fit"": 0.78, ""domain"": 0, ""education"": 1.0, ""achievement"": 0.8571, ""trajectory"": 1.0}",adzuna,aggregator,,,2026-08-07T17:54:54Z,,,,[],[],[],[],[],[],,,,"workday, program, senior, name, desired, range, location, interview, description, roles, owns, programs",good_fit,stated,5-13,"asks for 5-13 years, you have 4","Role Name: Workday Senior Program Manager Desired Experience Range: 5 to 13 Years Location: Mumbai Interview: F2F Job Description Roles and Responsibilities: The Workday Finance Program Manager owns end‑to‑end delivery of Workday Finance programs, including planning, execution, governance, integration, and stabilization . The role involves managing multiple workstreams , senior stakeholders, vendors, risks, budgets, and timelines to ensure business outcomes are achieved. Program Leadership & De…"
no,,,47,Technical Project Manager,Recro,"Bangalore, Karnataka",https://www.adzuna.in/land/ad/5785794611?se=vjGsDbma8RGVcZyokYtSjw&utm_medium=api&utm_source=195aa6d0&v=BDE939092D1160E1E0D3555A6ECB565B62A58D2B,37,41,37,borderline,0.25,0/0,,"[{""need"": ""title"", ""gain"": 2}, {""need"": ""senior project"", ""gain"": 2}, {""need"": ""program manager"", ""gain"": 2}, {""need"": ""night shift"", ""gain"": 2}, {""need"": ""bangalore"", ""gain"": 2}]",,"{""skill_match"": 0.2692, ""experience_fit"": 0.6429, ""domain"": 0, ""education"": 1.0, ""achievement"": 0.8571, ""trajectory"": 1.0}",adzuna,aggregator,,,2026-07-03T01:25:20Z,,,,[],[],[],[],[],[],,,,"shift, senior, night, global, projects, title, program, location, bangalore, on-site, aligning, clients",stretch,stated,7-12,asks for 7-12 years vs your 4,"Job Title: Senior Project / Program Manager – Data & AI (Night Shift) Location: Bangalore (On-site) Shift: Night Shift (Aligning with global clients) Experience: 7–12 Years About the Role We are looking for a heavyweight, seasoned Senior Project/Program Manager to lead large-scale, high-risk, and complex global delivery projects. In this role, you will manage a portfolio of projects, orchestrate cross-functional teams of 40 people, and act as the primary strategic partner for C-level executives…"
no,,,47,Project Manager,Technoflux Engineers Pvt Ltd,"Navi Mumbai, Maharashtra",https://www.adzuna.in/land/ad/5826829796?se=uqOlD7ma8RGyIdVC-Du-Yg&utm_medium=api&utm_source=195aa6d0&v=E3E7CDE94A59BFC92B3FB751FCCDDCBFC4993447,33,33,25,weak,0.08,0/0,,"[{""need"": ""description technoflux"", ""gain"": 2}, {""need"": ""technoflux engineers"", ""gain"": 2}, {""need"": ""engineers pvt"", ""gain"": 2}, {""need"": ""pvt ltd"", ""gain"": 2}, {""need"": ""engineering services"", ""gain"": 2}]",,"{""skill_match"": 0.1667, ""experience_fit"": 0.85, ""domain"": 0, ""education"": 1.0, ""achievement"": 0.8571, ""trajectory"": 1.0}",adzuna,aggregator,,,2026-08-04T01:59:38Z,,,,[],[],[],[],[],[],,,,"description, technoflux, engineers, services, navi, focused, delivering, reliable, solutions, industrial, clients, leaders",unknown,unknown,,no experience requirement found in the available text,"Company Description Technoflux Engineers Pvt Ltd is an engineering services company based in Navi Mumbai, focused on delivering reliable project execution and technical solutions to industrial clients. They are leaders in distribution transformer manufacturing and electrical project execution. Team members collaborate closely with customers and suppliers to ensure projects meet defined specifications and regulatory requirements. The company values accountability, structured processes, and conti…"
no,,,47,Oracle Project Manager,IntraEdge,"Delhi, India",https://www.adzuna.in/land/ad/5840225982?se=SEn9ELma8RGVcZyokYtSjw&utm_medium=api&utm_source=195aa6d0&v=B18CB1524AADC9A64BBE255FA25F8FAF8E4645E1,36,39,51,borderline,0.45,2/10,"ideal, proven track record, end-to-end netsuite, netsuite erp, erp implementation, along, project management capabilities, comprehensive functional","[{""need"": ""ideal"", ""gain"": 2}, {""need"": ""proven track record"", ""gain"": 2}, {""need"": ""end-to-end netsuite"", ""gain"": 2}, {""need"": ""netsuite erp"", ""gain"": 2}, {""need"": ""erp implementation"", ""gain"": 2}]",,"{""skill_match"": 0.165, ""experience_fit"": 0.85, ""domain"": 0, ""education"": 1.0, ""achievement"": 0.8571, ""trajectory"": 1.0}",adzuna,aggregator,,,2026-08-13T16:20:06Z,,,,[],[],[],[],[],[],,,,"netsuite, oracle, location, notice, period, preference, seeking, experienced, hands-on, expertise, implementations, ideal",good_fit,stated,5+,"asks for 5+ years, you have 4","Project Manager – Oracle NetSuite ERP Experience: 5 Years Role: Project Manager – Oracle NetSuite ERP Implementation Location: [Add Location] Notice Period: [Add Preference] Job Summary We are seeking an experienced Project Manager with strong hands-on expertise in Oracle NetSuite ERP implementations . The ideal candidate should have a proven track record of managing end-to-end NetSuite ERP implementation projects , along with strong project management capabilities and comprehensive functional …"
no,,,46,Junior Project Manager,Publicis Production,"Bangalore, Karnataka",https://www.adzuna.in/land/ad/5845682683?se=SEn9ELma8RGVcZyokYtSjw&utm_medium=api&utm_source=195aa6d0&v=FCCA62394B46BA3C2C76F216FC5A6C280D594DAE,43,72,38,borderline,0.3,0/4,"print production management, shopper marketing project management, organizational skills, attention to detail","[{""need"": ""print production management"", ""gain"": 7}, {""need"": ""shopper marketing project management"", ""gain"": 7}, {""need"": ""organizational skills"", ""gain"": 7}, {""need"": ""attention to detail"", ""gain"": 7}, {""need"": ""coordination"", ""gain"": 3}]",,"{""skill_match"": 0.1364, ""experience_fit"": 0.85, ""domain"": 0, ""education"": 1.0, ""achievement"": 0.8571, ""trajectory"": 1.0}",adzuna,aggregator,,,2026-08-18T05:07:33Z,data/resumes/2026-08-18/Publicis_Production_Junior_Project_Manager/Mehul_Agarwal.docx,data/resumes/2026-08-18/Publicis_Production_Junior_Project_Manager/Mehul_Agarwal.pdf,"Product Manager with 4+ years of experience managing digital platforms, stakeholder alignment, and cross-functional project delivery at Bajaj Finance. Brings strong organizational capabilities, end-to-end SDLC and release management, and experience partnering with technical and business teams. Proven track record of driving complex project execution from concept and design through deployment and post-launch support. Grounded in data and cross-functional coordination to ensure on-time, high-quality deliverables.","[""Served as primary liaison between technical and business stakeholders, driving alignment on requirements and project status throughout the delivery lifecycle."", ""Owned end-to-end delivery — from concept and design through development, testing, deployment, and post-launch support — ensuring seamless product releases."", ""Spotlight Award, Bajaj Finance — Recognised for on-time delivery of the Microfinance Loan Digital Lead Creation project, which drove measurable improvements in lead conversion.""]","[{""original"": ""Served as primary liaison between technical and business stakeholders, driving alignment on requirements and project status throughout the delivery lifecycle."", ""rewritten"": ""Served as primary liaison between internal stakeholders and teams, coordinating project requirements and delivery status to ensure projects are delivered on time and to high quality standards.""}, {""original"": ""Owned end-to-end delivery — from concept and design through development, testing, deployment, and post-launch support — ensuring seamless product releases."", ""rewritten"": ""Managed the execution and delivery of digital projects — coordinating from concept and design through development, testing, deployment, and post-launch support.""}]","[""projects"", ""delivery"", ""stakeholder Management"", ""SDLC""]","[""Project management and delivery experience"", ""Stakeholder management and coordination across teams"", ""Ensuring projects are delivered on time""]","[""Cross-functional coordination: CV shows extensive cross-functional work with engineering, design, and business teams, but lacks specific mention of print and shopper marketing production.""]","[""Print production experience"", ""Shopper marketing project management""]","Hi, I saw your Junior Project Manager opening at Publicis Production. With 4+ years managing end-to-end digital project delivery, cross-functional coordination, and stakeholder alignment at Bajaj Finance, I am well-equipped to support your project execution. Let's connect!",Summary rewritten for this JD; 2 bullet(s) reworded to JD vocabulary (metrics preserved verbatim),"The JD asks for specific experience managing print and shopper marketing projects, which is not present in the CV.","print, shopper, projects, ideal, production, junior, coordinate, creative, client, delivered, highest, standards",good_fit,inferred,0-3,"asks for 0-3 years, you have 4","Job Summary We are looking for a Junior Project Manager – Print & Shopper to support the planning, execution, and delivery of print and shopper marketing projects. The ideal candidate will coordinate with internal creative teams, production partners, and client stakeholders to ensure projects are delivered on time, within budget, and to the highest quality standards. This role is ideal for someone with strong organizational skills, attention to detail, and experience managing print production a…"
no,,,46,Manager Strategic Partnerships,TGM SERVICES,"Noida, Ghaziabad",https://www.adzuna.in/land/ad/5831966237?se=pBUE-7ia8RGVcZyokYtSjw&utm_medium=api&utm_source=195aa6d0&v=633EC42822599231CB3604FE1308B8CDED0A983F,33,27,23,weak,0.08,0/0,,"[{""need"": ""title"", ""gain"": 1}, {""need"": ""partnerships location"", ""gain"": 1}, {""need"": ""noida"", ""gain"": 1}, {""need"": ""sector"", ""gain"": 1}, {""need"": ""department"", ""gain"": 1}]",,"{""skill_match"": 0.125, ""experience_fit"": 0.85, ""domain"": 0, ""education"": 1.0, ""achievement"": 0.8571, ""trajectory"": 1.0}",adzuna,aggregator,,,2026-08-07T17:56:14Z,,,,[],[],[],[],[],[],,,,"magic, billion, global, talent, title, location, noida, sector, department, reporting, head, director",unknown,unknown,,no experience requirement found in the available text,"Job Title: Manager – Strategic Partnerships Location: Noida (Sector 59) Department: Strategic Partnerships Reporting To: Business Head / Director – Partnerships About Magic Billion Magic Billion is a leading Global Talent Mobility company enabling skilled Indian talent to access international employment opportunities across countries such as Japan, Germany, the UK, Romania, and other global destinations. Through strategic partnerships with governments, institutions, employers, and training orga…"
no,,,46,Program Manager,Curefit,"Hyderabad, Telangana",https://www.adzuna.in/land/ad/5825674675?se=NKBuDLma8RGB8rnM-OiTpQ&utm_medium=api&utm_source=195aa6d0&v=BA3800B2E7B5F089E37BD8E541BD6FCE724338CD,23,27,23,weak,0.08,0/0,,"[{""need"": ""program manager"", ""gain"": 1}, {""need"": ""cult"", ""gain"": 1}, {""need"": ""curefit healthcare"", ""gain"": 1}, {""need"": ""healthcare pvt"", ""gain"": 1}, {""need"": ""pvt ltd"", ""gain"": 1}]",,"{""skill_match"": 0.125, ""experience_fit"": 0.85, ""domain"": 0, ""education"": 1.0, ""achievement"": 0.8571, ""trajectory"": 1.0}",adzuna,aggregator,,,2026-08-02T17:34:21Z,,,,[],[],[],[],[],[],,,,"fitness, cult, curefit, healthcare, founded, largest, wellness, house, established, mission, make, easy",unknown,unknown,,no experience requirement found in the available text,"About Cult : Curefit Healthcare Pvt Ltd, founded in 2016, is India’s largest fitness company and wellness platform. Cult, from the house of Curefit, was established with a mission to make fitness easy, fun and accessible to everyone, and has emerged as a community celebrating the joy of fitness. The brand today offers a range of fitness services ranging from group workouts, gyms and personalized fitness solutions, as well as an expansive selection of quality fitness products for the everyday at…"
no,,,46,Project Manager,SHI Solutions India Pvt. Ltd.,"Hyderabad, Telangana",https://www.adzuna.in/land/ad/5823898246?se=uqOlD7ma8RGyIdVC-Du-Yg&utm_medium=api&utm_source=195aa6d0&v=E57F3FFCC92466634C93EAE8A701652B6CF3A06C,45,47,23,weak,0.08,0/0,,"[{""need"": ""hiring customer"", ""gain"": 2}, {""need"": ""customer success"", ""gain"": 2}, {""need"": ""success manager"", ""gain"": 2}, {""need"": ""manager networking"", ""gain"": 2}, {""need"": ""professionals"", ""gain"": 2}]",,"{""skill_match"": 0.1429, ""experience_fit"": 0.85, ""domain"": 0, ""education"": 1.0, ""achievement"": 0.8571, ""trajectory"": 1.0}",adzuna,aggregator,,,2026-08-01T17:33:41Z,,,,[],[],[],[],[],[],,,,"customer, success, professionals, service, hiring, networking, background, customer-facing, transition, location, hyderabad, office",unknown,unknown,,no experience requirement found in the available text,"We're Hiring | Customer Success Manager – Networking We are looking for professionals with a Project Management or Service Delivery background who have strong customer-facing experience and the potential to transition into a Customer Success Manager role. Location: Hyderabad (Work from Office) We're looking for professionals who have experience in: ✅ Managing enterprise customer relationships in IT Infrastructure environment ✅ Project Management, Service Delivery, or Customer Engagement ✅ NOC,…"
no,,,46,Associate Project Manager,archVi,"Bangalore, Karnataka",https://www.adzuna.in/land/ad/5842123302?se=SEn9ELma8RGVcZyokYtSjw&utm_medium=api&utm_source=195aa6d0&v=5B35A7FCBA925E5F37E994AF87D21714848B2FB6,24,21,25,weak,0.1,0/0,,"[{""need"": ""archvi location"", ""gain"": 1}, {""need"": ""bengaluru"", ""gain"": 1}, {""need"": ""employment type"", ""gain"": 1}, {""need"": ""full-time industry"", ""gain"": 1}, {""need"": ""proptech"", ""gain"": 1}]",,"{""skill_match"": 0.1304, ""experience_fit"": 0.85, ""domain"": 0, ""education"": 1.0, ""achievement"": 0.8571, ""trajectory"": 1.0}",adzuna,aggregator,,,2026-08-15T00:26:16Z,,,,[],[],[],[],[],[],,,,"archvi, proptech, real, estate, location, bengaluru, employment, type, full-time, industry, welcome, powerhouse",good_fit,stated,1-4,"asks for 1-4 years, you have 4","Associate Project Manager ⭐ Company: archVi Location: Bengaluru Experience: 1–4 Years Employment Type: Full-Time Industry: PropTech / Real Estate Technology About archVi Welcome to archVi , the PropTech powerhouse redefining how real estate is showcased and experienced. We bring properties to life through platform-independent, immersive solutions including 3D visualization, interactive virtual tours, hyper-realistic rendering, brand storytelling, high-end video production, and AI-powered soluti…"
no,,,46,Growth Manager_Shopdeck,ShopDeck,"Bengaluru, Karnataka",https://in.linkedin.com/jobs/view/growth-manager-shopdeck-at-shopdeck-4455329131?utm_campaign=google_jobs_apply&utm_source=google_jobs_apply&utm_medium=organic,30,28,30,weak,0.18,0/0,,"[{""need"": ""growth manager shopdeck"", ""gain"": 2}, {""need"": ""shopdeck helps"", ""gain"": 2}, {""need"": ""helps e-commerce"", ""gain"": 2}, {""need"": ""e-commerce merchants"", ""gain"": 2}, {""need"": ""merchants set"", ""gain"": 2}]",,"{""skill_match"": 0.1092, ""experience_fit"": 0.85, ""domain"": 0, ""education"": 1.0, ""achievement"": 1, ""trajectory"": 1.0}",serpapi,aggregator,,,11 hours ago,,,,[],[],[],[],[],[],,,,"merchants, software, category, storefront, brands, sell, brand, services, success, manage, proposition, selling",good_fit,stated,1-5,"asks for 1-5 years, you have 4","What Do We Do

ShopDeck helps e-commerce merchants set up and manage their D2C storefront “profitably”.

Proposition For Merchants

D2C selling made as easy as selling on e-com marketplaces

Why build this? 

 India’s D2C wave has been limited to venture-funded D2C brands today 2. The art of selling on your own website is not democratised. There are ~500k-1M sellers who can sell D2C but can at best sell on marketplaces 3. Philosophically - we feel brand owners should spend most of their time on the product and not on channel optimization Shopify / Status-quo software solve for work-flow management of storefront but don’t do enough on “helping” merchants sell well!

Our proposition 

Role

We have a software + services proposition for the merchant with the goal of optimising for the merchant's profitability.Our product is an all-in-one software stack that gives merchants everything they need to sell D2C, i.e. Storefront, Shipping, Marketing integrations, Communication. Our services layer works on top of this software stack to achieve profitability for merchants. Here, we combine 4-key roles in classic e-commerce setup, all relevant for any D2C brand as well:

 Marketing manager (“top of the funnel”) Category manager (“products/merchandising”) Product manager (“website/app metrics”) Ops manager (“shipping metrics”)

Our services layer measures metrics across all these buckets to optimise and take appropriate actions for merchant’s profitability.Over time, the goal is to productize our services layer - which we believe will move the baseline of what merchants expect from a storefront software.

Team And Scale

We’re at ~$4.5M ARR and had hit profitability earlier in the year. We’ve recently raised series-B from led by Bessemer Venture Partners (who had famously led Series A for Shopify in 2010) with participation from Elevation Capital, General Catalyst (fka Venture Highway) and Chiratae Ventures.

Founders

 Rishabh Verma Harmin Shah

Role Charter: Growth Manager (Cat"
no,,,45,Project Manager,Truww,"Hyderabad, Telangana",https://www.adzuna.in/land/ad/5845682811?se=uqOlD7ma8RGyIdVC-Du-Yg&utm_medium=api&utm_source=195aa6d0&v=87F71F00C1AEE938FAE5FDD806AB016BDB0204F5,42,52,40,borderline,0.36,0/4,"project scheduling, project monitoring, coordinating with vendors and purchase team, executing projects as per design inputs","[{""need"": ""project scheduling"", ""gain"": 7}, {""need"": ""project monitoring"", ""gain"": 7}, {""need"": ""coordinating with vendors and purchase team"", ""gain"": 7}, {""need"": ""executing projects as per design inputs"", ""gain"": 7}, {""need"": ""stakeholder updates"", ""gain"": 3}]",,"{""skill_match"": 0.1, ""experience_fit"": 0.85, ""domain"": 0, ""education"": 1.0, ""achievement"": 0.8571, ""trajectory"": 1.0}",adzuna,aggregator,,,2026-08-18T05:07:47Z,data/resumes/2026-08-18/Truww_Project_Manager/Mehul_Agarwal.docx,data/resumes/2026-08-18/Truww_Project_Manager/Mehul_Agarwal.pdf,"Product Manager with 4+ years of cross-functional execution and delivery experience, owning end-to-end product lifecycles from concept through deployment and post-launch support. Proven track record of coordinating closely with engineering, design, legal, and business stakeholders to ensure aligned, on-time delivery. Grounded in data and structured release management, managing project specifications, backlogs, and sprint planning in Agile environments.","[""Served as primary liaison between technical and business stakeholders, driving alignment on requirements and project status throughout the delivery lifecycle."", ""Owned end-to-end delivery — from concept and design through development, testing, deployment, and post-launch support — ensuring seamless product releases."", ""Wrote detailed product specifications and requirements in partnership with engineering teams to ensure aligned, on-time delivery.""]","[{""original"": ""Served as primary liaison between technical and business stakeholders, driving alignment on requirements and project status throughout the delivery lifecycle."", ""rewritten"": ""Served as primary liaison between technical and business stakeholders, keeping all stakeholders updated of advancements and project status throughout the delivery lifecycle.""}, {""original"": ""Owned end-to-end delivery — from concept and design through development, testing, deployment, and post-launch support — ensuring seamless product releases."", ""rewritten"": ""Managed end-to-end delivery monitoring — from concept and design through development, testing, deployment, and post-launch support — ensuring seamless product releases.""}]","[""Stakeholder Management"", ""Release Management"", ""SDLC"", ""Agile/Scrum"", ""Gap Analysis""]","[""Stakeholder communication and keeping stakeholders updated"", ""End-to-end execution and project management lifecycle ownership"", ""Cross-functional coordination""]","[""Project scheduling and monitoring: The CV shows strong SDLC, release management, and sprint planning, but does not explicitly mention physical site or vendor execution as requested by the posting.""]","[""Site-based project execution"", ""Coordinating with physical vendors and purchase teams on-site""]","Hi, saw your Project Manager opening. With 4+ years managing end-to-end product delivery, stakeholder alignment, and release execution at Bajaj Finance, I bring strong project planning experience. Let's connect!",Summary rewritten for this JD; 2 bullet(s) reworded to JD vocabulary (metrics preserved verbatim); Bullets reprioritized in: Product Manager,"The JD asks for site-based construction/procurement project management involving physical vendors and purchase teams, which falls outside the digital fintech product scope of the CV.","vendors, responsible, scheduling, monitoring, stage, executed, various, inputs, coordinating, purchase, works, timely",unknown,unknown,,no experience requirement found in the available text,"As Project Manager - PM, you will be responsible for the complete project scheduling, monitoring and project management from the 10%-100% stage, ensuring that the project is executed by various vendors as per the design inputs and on time. Responsibilities: ● Coordinating with Vendors and Purchase Team to ensure works are completed timely on sites. ● Make a detailed project schedule with dependencies and keep all stakeholders including the Client updated of advancements in the project. ● Red fl…"
no,,,45,Senior Platform Product Manager,Guidewire Software,"Bangalore, Karnataka",https://www.adzuna.in/details/5845086915?utm_medium=api&utm_source=195aa6d0,43,53,33,weak,0.26,0/3,"Cloud infrastructure and platform services, PaaS/SaaS layer management, AWS, Kubernetes, and Docker","[{""need"": ""Cloud infrastructure and platform services"", ""gain"": 8}, {""need"": ""PaaS/SaaS layer management"", ""gain"": 8}, {""need"": ""AWS, Kubernetes, and Docker"", ""gain"": 8}, {""need"": ""Cloud platform capabilities"", ""gain"": 4}, {""need"": ""Deployment automation and scaling"", ""gain"": 4}]",,"{""skill_match"": 0.1061, ""experience_fit"": 0.85, ""domain"": 0, ""education"": 1.0, ""achievement"": 0.8571, ""trajectory"": 1.0}",adzuna,aggregator,,,2026-08-17T16:02:46Z,data/resumes/2026-08-18/Guidewire_Software_Senior_Platform_Product_Manager/Mehul_Agarwal.docx,data/resumes/2026-08-18/Guidewire_Software_Senior_Platform_Product_Manager/Mehul_Agarwal.pdf,"Product Manager with 4+ years building digital lending products and platforms, currently owning the Home Loan digital acquisition stack at Bajaj Finance. Experienced in translating complex business and credit-policy requirements into scalable lead-generation and qualification systems. Operates across strategic and tactical layers, shaping roadmaps while driving sprint planning and specs with engineering and design. Grounded in data, uses analytics tools to validate decisions and prioritize platform development.","[""Own product strategy for Home Loan digital acquisition, translating business and credit-policy requirements into scalable lead-generation and qualification systems."", ""Led development and management of digital platforms (app and web) for the Personal Loan product, growing user engagement 27% and user acquisition 14%."", ""Design and ship the MCP (Minimum Credit Parameters) Master and Lead Allocation Master — a rules engine that pre-qualifies leads and routes them to the right lending partner based on credit profile, eligibility, and business rules.""]","[{""original"": ""Own product strategy for Home Loan digital acquisition, translating business and credit-policy requirements into scalable lead-generation and qualification systems."", ""rewritten"": ""Own product strategy for digital platform acquisition, translating business and credit-policy requirements into scalable lead-generation and infrastructure services.""}, {""original"": ""Led development and management of digital platforms (app and web) for the Personal Loan product, growing user engagement 27% and user acquisition 14%."", ""rewritten"": ""Led development and management of digital platform solutions (app and web) for core products, growing user engagement 27% and user acquisition 14%.""}, {""original"": ""Design and ship the MCP (Minimum Credit Parameters) Master and Lead Allocation Master — a rules engine that pre-qualifies leads and routes them to the right lending partner based on credit profile, eligibility, and business rules."", ""rewritten"": ""Design and ship foundational platform capabilities — a rules engine that pre-qualifies leads and routes them to the right lending partner based on credit profile, eligibility, and business rules.""}]","[""Product Management"", ""SDLC"", ""Agile/Scrum"", ""Stakeholder Management"", ""Release Management""]","[""Product management experience owning platform strategy and roadmaps"", ""Cross-functional collaboration with engineering and design teams"", ""Data-driven decision making and metric tracking""]","[""Platform product management: CV shows digital platform management for lending products, but lacks cloud infrastructure or PaaS/SaaS platforms like AWS, Kubernetes, or Docker.""]","[""Cloud infrastructure, PaaS/SaaS layers, AWS, Kubernetes, and Docker experience"", ""Experience with Guidewire Cloud Platform (GWCP) or Atmos""]","Hi, I'm a Product Manager with 4+ years scaling digital platforms and infrastructure at Bajaj Finance, owning roadmaps from requirements to deployment. My background scaling core systems and collaborating with engineering aligns well with platform ownership. Let's connect!",Summary rewritten for this JD; 3 bullet(s) reworded to JD vocabulary (metrics preserved verbatim),"The JD requires cloud infrastructure and PaaS/SaaS platform experience (such as AWS, Kubernetes, and Docker), which the candidate's fintech digital lending CV does not support.","services, guidewire, common, builds, essential, power, gwcp, heart, atmos, paas, saas, layer",good_fit,inferred,6-10,"asks for 6-10 years, you have 4","Summary Cloud Common Services (CCS) builds the essential cloud infrastructure and platform services that power the Guidewire Cloud Platform (GWCP). At the heart of this is Atmos, Guidewire's ""PaaS within SaaS"" layer — built on AWS, Kubernetes, and Docker — that automates the deployment, scaling, and management of containerized core applications, cloud-native services, and associated workloads. As Senior Platform Product Manager, you'll own the strategy and roadmap for foundational platform capa…"
no,,,45,Business Development Manager - MSP Sales & Strategic Partnerships,ACL Digital,"Noida, Ghaziabad",https://www.adzuna.in/land/ad/5841754994?se=pBUE-7ia8RGVcZyokYtSjw&utm_medium=api&utm_source=195aa6d0&v=9C8EFA5383D19D156116B1B90205B33622F2F229,33,40,22,weak,0.08,0/0,,"[{""need"": ""msp sales"", ""gain"": 2}, {""need"": ""sales strategic"", ""gain"": 2}, {""need"": ""overview"", ""gain"": 2}, {""need"": ""aggressive"", ""gain"": 2}, {""need"": ""relationship-driven msp"", ""gain"": 2}]",,"{""skill_match"": 0.0833, ""experience_fit"": 0.85, ""domain"": 0, ""education"": 1.0, ""achievement"": 1, ""trajectory"": 1.0}",adzuna,aggregator,,,2026-08-14T16:34:08Z,,,,[],[],[],[],[],[],,,,"relationships, position, overview, seeking, aggressive, relationship-driven, sales, proven, record, expanding, service, providers",unknown,unknown,,no experience requirement found in the available text,"Position Overview We are seeking an aggressive, relationship-driven MSP Sales professional with a proven track record of building and expanding relationships with Managed Service Providers (MSPs), Vendor Management System (VMS) programs, and contingent workforce stakeholders. This is a hunter role for someone who can open doors, build trusted relationships with MSP leadership and program teams, identify new opportunities, and convert those relationships into revenue-generating partnerships. The…"
no,,,45,Channel Partnership– HRMS,Pranathi Software Services Pvt. Ltd,"Hyderabad, Telangana",https://www.adzuna.in/land/ad/5820158159?se=wEfy_7ia8RGyIdVC-Du-Yg&utm_medium=api&utm_source=195aa6d0&v=DAF8344A6FC34721348DCF5380643AAB71C9DF6A,33,28,22,weak,0.08,0/0,,"[{""need"": ""partnership hrms"", ""gain"": 1}, {""need"": ""hrms pranathi"", ""gain"": 1}, {""need"": ""pranathi software"", ""gain"": 1}, {""need"": ""software services"", ""gain"": 1}, {""need"": ""leading provider"", ""gain"": 1}]",,"{""skill_match"": 0.11, ""experience_fit"": 0.85, ""domain"": 0, ""education"": 1.0, ""achievement"": 0.8571, ""trajectory"": 1.0}",adzuna,aggregator,,,2026-07-30T01:25:03Z,,,,[],[],[],[],[],[],,,,"software, services, solutions, channel, pranathi, provider, chatbot, natural, language, processing, deep, learning",unknown,unknown,,no experience requirement found in the available text,"Pranathi Software Services is a leading provider in AI and ML services, web development, chatbot development, natural language processing (NLP), and deep learning. Specializing in crafting innovative solutions, the company is dedicated to delivering customized software solutions. We harness the capabilities of artificial intelligence to develop intelligent applications, aiming to transform businesses and elevate user experiences. Job Title: Channel Partnership– HRMS The Channel Partner Executiv…"
no,,,45,Program Manager,Tech Mahindra,"Bangalore, Karnataka",https://www.adzuna.in/land/ad/5831965667?se=NKBuDLma8RGB8rnM-OiTpQ&utm_medium=api&utm_source=195aa6d0&v=163E2EFFFE3D3CB8B63A8B25341AFEC1263999A0,30,40,57,borderline,0.6,3/12,"6-8, bangalore notice period, immediate, semiconductor industry, vlsi/soc chip, chip design, mandatory, program management, managing full-chip","[{""need"": ""6-8"", ""gain"": 3}, {""need"": ""bangalore notice period"", ""gain"": 3}, {""need"": ""immediate"", ""gain"": 3}, {""need"": ""semiconductor industry"", ""gain"": 3}, {""need"": ""vlsi/soc chip"", ""gain"": 3}]",,"{""skill_match"": 0.1906, ""experience_fit"": 0.7, ""domain"": 0, ""education"": 1.0, ""achievement"": 0.8571, ""trajectory"": 1.0}",adzuna,aggregator,,,2026-08-07T17:55:11Z,,,,[],[],[],[],[],[],,,,"program, managing, mahindra, hiring, vlsi, semicon, location, bangalore, notice, period, prefer, immediate",good_fit,stated,6-8,"asks for 6-8 years, you have 4","Hi All, Tech Mahindra hiring Program Manager for VLSI Domain (Semicon). Exp: 6-8 years, with a minimum of 2 years PM experience Location: Bangalore Notice Period – prefer immediate or 30 days Required Skills 6–10 years of semiconductor industry experience with a strong understanding of the VLSI/SoC chip design lifecycle . Mandatory: Minimum 2 years of Program Management experience managing full-chip silicon programs through successful tape-out delivery. Experience managing multiple concurrent s…"
no,,,45,Program Manager,Cleantech Industry Resources,"Chennai, Tamil Nadu",https://www.adzuna.in/land/ad/5787963507?se=NKBuDLma8RGB8rnM-OiTpQ&utm_medium=api&utm_source=195aa6d0&v=DCAE0597EADA25A0EE814CD9C95BB28CF721C536,34,39,22,weak,0.08,0/0,,"[{""need"": ""program manager"", ""gain"": 2}, {""need"": ""cleantech industry"", ""gain"": 2}, {""need"": ""industry resources"", ""gain"": 2}, {""need"": ""resources accelerates"", ""gain"": 2}, {""need"": ""accelerates united"", ""gain"": 2}]",,"{""skill_match"": 0.1175, ""experience_fit"": 0.85, ""domain"": 0, ""education"": 1.0, ""achievement"": 0.8571, ""trajectory"": 1.0}",adzuna,aggregator,,,2026-07-04T17:01:39Z,,,,[],[],[],[],[],[],,,,"solar, projects, cleantech, industry, resources, accelerates, united, states, battery, storage, providing, turnkey",unknown,unknown,,no experience requirement found in the available text,"Who We Are? Cleantech Industry Resources accelerates United States solar, battery storage and EV projects by providing turnkey development as a service including 100% internal systems engineering. The company deploys a leading team that spun out of the largest solar power producer in the world. This team operates within a sophisticated suite of software to support projects from land origination, through to commercial operation. Location of Position: Chennai What We Offer Opportunity to join a t…"
no,,,45,Technical Program Manager,Antal International,"Chennai, Tamil Nadu",https://www.adzuna.in/land/ad/5845683234?se=NKBuDLma8RGB8rnM-OiTpQ&utm_medium=api&utm_source=195aa6d0&v=7C117E1E2391B9295F5F0E652325E75E2C52E7CE,41,59,46,borderline,0.45,2/12,"mandatory, overall professional, technical program management, technology organizations, prior hands-on, software development, technical architecture, bring, driving large, cross-functional","[{""need"": ""mandatory"", ""gain"": 2}, {""need"": ""overall professional"", ""gain"": 2}, {""need"": ""technical program management"", ""gain"": 2}, {""need"": ""technology organizations"", ""gain"": 2}, {""need"": ""prior hands-on"", ""gain"": 2}]",,"{""skill_match"": 0.1076, ""experience_fit"": 0.85, ""domain"": 0, ""education"": 1.0, ""achievement"": 0.8571, ""trajectory"": 1.0}",adzuna,aggregator,,,2026-08-18T05:08:33Z,,,,[],[],[],[],[],[],,,,"program, location, chennai, experienced, complex, large-scale, modernization, initiatives, multiple, mandatory, organizations, prior",unknown,unknown,,no experience requirement found in the available text,"Location: Chennai We are looking for an experienced Technical Program Manager to lead complex, large-scale engineering and modernization initiatives across multiple teams. Mandatory Experience 10 years of overall professional experience 6 years of Technical Program Management experience within engineering or technology organizations 5 years of prior hands-on experience in software development, system design, or technical architecture What you’ll bring Experience driving large, cross-functional …"
no,,,45,Associate Program Manager,Programming Pathshala,"New Delhi, Delhi",https://www.adzuna.in/land/ad/5845682763?se=NKBuDLma8RGB8rnM-OiTpQ&utm_medium=api&utm_source=195aa6d0&v=43D9BEABB52820F2E251D203B7D50F8C4CCB8979,25,29,22,weak,0.08,0/0,,"[{""need"": ""associate program manager"", ""gain"": 2}, {""need"": ""description programming pathshala"", ""gain"": 2}, {""need"": ""social enterprise focused"", ""gain"": 2}, {""need"": ""students learn"", ""gain"": 2}, {""need"": ""code"", ""gain"": 2}]",,"{""skill_match"": 0.0815, ""experience_fit"": 0.85, ""domain"": 0, ""education"": 1.0, ""achievement"": 1, ""trajectory"": 1.0}",adzuna,aggregator,,,2026-08-18T05:07:44Z,,,,[],[],[],[],[],[],,,,"programming, pathshala, description, enterprise, focused, helping, students, learn, code, become, industry, ready",good_fit,inferred,0-3,"asks for 0-3 years, you have 4","Company Description Programming Pathshala is a social enterprise focused on helping students learn to code and become industry ready. Alumni from its programs work at leading organizations such as Amazon, Google, Microsoft, Samsung, Flipkart, and Zynga, reflecting the impact and quality of its training. The organization is supported by dedicated volunteers and a team of passionate, empathetic teachers who design and deliver engaging courses. Programming Pathshala offers a supportive environment…"
no,,,45,Program Manager – Creator Operations,Infinitum Network Solutions,"Hyderabad, Telangana",https://www.adzuna.in/land/ad/5819621548?se=NKBuDLma8RGB8rnM-OiTpQ&utm_medium=api&utm_source=195aa6d0&v=AA9FA442DF0180CA43FD8FB17623DE2EE3CA0B89,33,39,22,weak,0.08,0/0,,"[{""need"": ""program manager"", ""gain"": 2}, {""need"": ""manager creator"", ""gain"": 2}, {""need"": ""creator operations"", ""gain"": 2}, {""need"": ""description infinitum"", ""gain"": 2}, {""need"": ""infinitum network"", ""gain"": 2}]",,"{""skill_match"": 0.0815, ""experience_fit"": 0.85, ""domain"": 0, ""education"": 1.0, ""achievement"": 1, ""trajectory"": 1.0}",adzuna,aggregator,,,2026-07-29T15:19:51Z,,,,[],[],[],[],[],[],,,,"creator, description, infinitum, network, global, enterprise, only, solutions, truly, international, producing, languages",unknown,unknown,,no experience requirement found in the available text,"Company Description Infinitum Network Solutions is a global digital enterprise and India’s only truly international creator network producing content in over 100 languages. As one of only Enterprise MCNs for YouTube in India, Infinitum crafts intellectual properties, amplifies brands, and drives global influence across digital platforms. Role Description We are seeking an experienced Program Manager - Creator Operations to lead a high-impact creator acquisition and onboarding and delivery acros…"
no,,,45,Project Manager,Zigment,"Bangalore, Karnataka",https://www.adzuna.in/land/ad/5845683215?se=uqOlD7ma8RGyIdVC-Du-Yg&utm_medium=api&utm_source=195aa6d0&v=3C3575ABFF61181AF3DBD1522ACBF8E5620B3769,33,32,22,weak,0.08,0/0,,"[{""need"": ""description zigment"", ""gain"": 2}, {""need"": ""conversational revenue"", ""gain"": 2}, {""need"": ""revenue orchestration"", ""gain"": 2}, {""need"": ""orchestration platform"", ""gain"": 2}, {""need"": ""helps enterprise"", ""gain"": 2}]",,"{""skill_match"": 0.0833, ""experience_fit"": 0.85, ""domain"": 0, ""education"": 1.0, ""achievement"": 1, ""trajectory"": 1.0}",adzuna,aggregator,,,2026-08-18T05:08:32Z,,,,[],[],[],[],[],[],,,,"zigment, conversational, description, orchestration, helps, enterprise, growth-stage, companies, convert, customer, conversations, outcomes",unknown,unknown,,no experience requirement found in the available text,"Company Description Zigment is a Conversational Revenue Orchestration Platform that helps enterprise and growth-stage companies convert customer conversations into measurable revenue outcomes. The platform solves challenges created by fragmented workflows, siloed systems, and inconsistent execution in traditional revenue stacks by orchestrating AI agents, workflows, and CRM systems around conversational intent. Powered by its proprietary Conversation Graph™, Zigment maintains a continuous, inte…"
no,,,45,Project Manager,Enki Water & environment Co. Pvt. Ltd,"New Delhi, Delhi",https://www.adzuna.in/land/ad/5845683235?se=uqOlD7ma8RGyIdVC-Du-Yg&utm_medium=api&utm_source=195aa6d0&v=15C1B818F44323100E3134F5BF03BA85353DA40D,41,30,34,weak,0.28,0/0,,"[{""need"": ""hiring project"", ""gain"": 1}, {""need"": ""manager water"", ""gain"": 1}, {""need"": ""water wastewater"", ""gain"": 1}, {""need"": ""wastewater enki"", ""gain"": 1}, {""need"": ""enki water"", ""gain"": 1}]",,"{""skill_match"": 0.235, ""experience_fit"": 0.6, ""domain"": 0, ""education"": 1.0, ""achievement"": 0.8571, ""trajectory"": 1.0}",adzuna,aggregator,,,2026-08-18T05:08:33Z,,,,[],[],[],[],[],[],,,,"water, wastewater, experienced, projects, hiring, enki, water-treatment, location, industry, treatment, someone, hands-on",stretch,stated,8-10,asks for 8-10 years vs your 4,"WE ARE HIRING | PROJECT MANAGER – WATER & WASTEWATER Enki Water Pvt. Ltd. is looking for an experienced Project Manager to lead execution of our STP, ETP, WTP and water-treatment projects.  Location: Delhi NCR  Experience: 8–10 Years ️ Industry: Water & Wastewater Treatment We are looking for someone who is: • Strong in project planning & execution • Hands-on and task-oriented • Experienced in managing projects from procurement to commissioning • Good at coordinating vendors, subcontractors, si…"
no,,,45,Project Manager,BeFiSc,"Delhi, India",https://www.adzuna.in/land/ad/5840225404?se=SEn9ELma8RGVcZyokYtSjw&utm_medium=api&utm_source=195aa6d0&v=A9E6394BE494EA5B298318B753025BAB14AC17B7,27,27,22,weak,0.08,0/0,,"[{""need"": ""project manager key"", ""gain"": 2}, {""need"": ""areas"", ""gain"": 2}, {""need"": ""kra"", ""gain"": 2}, {""need"": ""project manager befisc.com"", ""gain"": 2}, {""need"": ""kyc/kyb api business"", ""gain"": 2}]",,"{""skill_match"": 0.1156, ""experience_fit"": 0.85, ""domain"": 0, ""education"": 1.0, ""achievement"": 0.8571, ""trajectory"": 1.0}",adzuna,aggregator,,,2026-08-13T16:19:44Z,,,,[],[],[],[],[],[],,,,"understanding, responsibility, areas, befisc.com, kyc/kyb, operational, oversight, objective, monitoring, apis, integrated, offered",unknown,unknown,,no experience requirement found in the available text,"Key Responsibility Areas (KRA) for Project Manager – BeFiSc.com (KYC/KYB API Business) 1. API Understanding and Operational Oversight Objective: Ensure seamless understanding and monitoring of all APIs integrated and offered by BeFiSc. 1.1. Comprehensive API Knowledge: - Understand complete API lifecycle including: - Request-Response flows - Authentication protocols used (API keys, tokens, etc.) - Typical transaction volume and daily usage trends - Retry logic and rate limits - Error and except…"
no,,,45,"Business Analyst-Data Insights, Translation Services Operations",Amazon Dev Center India - Hyderabad,"Hyderabad, Telangana","https://www.glassdoor.co.in/job-listing/business-analyst-data-insights-translation-services-operations-amazon-JV_IC2865319_KO0,62_KE63,69.htm?jl=1010182639035&utm_campaign=google_jobs_apply&utm_source=google_jobs_apply&utm_medium=organic",29,24,27,weak,0.18,0/0,,"[{""need"": ""business analyst-data insights"", ""gain"": 1}, {""need"": ""translation services"", ""gain"": 1}, {""need"": ""services operations"", ""gain"": 1}, {""need"": ""operations description"", ""gain"": 1}, {""need"": ""passionate"", ""gain"": 1}]",,"{""skill_match"": 0.0976, ""experience_fit"": 0.78, ""domain"": 0, ""education"": 1.0, ""achievement"": 1, ""trajectory"": 1.0}",serpapi,aggregator,,,20 days ago,,,,[],[],[],[],[],[],,,,"reporting, insights, translation, metrics, solutions, amazon, services, deliver, analytical, develop, improve, around",good_fit,stated,5+,"asks for 5+ years, you have 4","DESCRIPTION
Are you passionate about transforming operational processes through data-driven insights? Are you motivated to have a direct impact on customers around the world? Do you have a business analytics background and love for continuous improvement and finding creative solutions to challenging problems? Amazon's Translation Services team is responsible for providing translation tools and solutions to support the localization and translation needs of all Amazon businesses. At Translation Services Operations, we partner with other internal Amazonian teams to translate and deliver content for users of Amazon's tools and services around the world. We obsess over finding the optimal balance between quality, speed, and cost for customers we serve.

We are looking for an experienced Business Analyst to own end-to-end analytical work for our centralized metrics and reporting function — from understanding complex data dependencies to delivering actionable insights that drive business decisions. You will own problems from start to finish: partnering with business teams to understand their needs, building the reports and tools that surface meaningful patterns, and explaining the ""why"" behind the numbers. You will build dashboards, create new metrics, develop analytical frameworks, and leverage existing data sources to keep stakeholders informed and empowered. You will be comfortable working in an international, dynamic environment, where change is present as we constantly grow, improve, and innovate.



Key job responsibilities

Own and develop key operational metrics end-to-end — from understanding data sources and dependencies, to designing metric logic, building reporting solutions, and delivering insights that drive actionPartner hands-on with business teams (Operations, Quality, Business Development, Customer Success) to understand their data needs, translate them into structured analytical approaches, and deliver reporting that enables informed decision-makingDesig"
no,,,44,Project Manager,Livspace,"Noida, Ghaziabad",https://www.adzuna.in/land/ad/5840225872?se=uqOlD7ma8RGyIdVC-Du-Yg&utm_medium=api&utm_source=195aa6d0&v=AFB0470EED9E0E67B903FC6AB3CB86EB43F03A40,34,39,37,borderline,0.36,0/4,"monitor project lifecycle from initiation to execution, take complete ownership and responsibility, engage clients and keep them informed, coordinate with manpower agencies and assign resources","[{""need"": ""monitor project lifecycle from initiation to execution"", ""gain"": 6}, {""need"": ""take complete ownership and responsibility"", ""gain"": 6}, {""need"": ""engage clients and keep them informed"", ""gain"": 6}, {""need"": ""coordinate with manpower agencies and assign resources"", ""gain"": 6}, {""need"": ""operations lead"", ""gain"": 3}]",,"{""skill_match"": 0.0833, ""experience_fit"": 0.85, ""domain"": 0, ""education"": 1.0, ""achievement"": 0.8571, ""trajectory"": 1.0}",adzuna,aggregator,,,2026-08-13T16:20:03Z,data/resumes/2026-08-18/Livspace_Project_Manager/Mehul_Agarwal.docx,data/resumes/2026-08-18/Livspace_Project_Manager/Mehul_Agarwal.pdf,"Product Manager with 4+ years building digital lending products in fintech, currently owning the Home Loan digital acquisition stack at Bajaj Finance. Possesses strong experience managing the complete project lifecycle from initiation to execution, owning requirements, and coordinating across technical and business stakeholders. Grounded in data and process optimization, bringing proven capability in tracking KPIs and driving stakeholder alignment.","[""Served as primary liaison between technical and business stakeholders, driving alignment on requirements and project status throughout the delivery lifecycle."", ""Owned end-to-end delivery — from concept and design through development, testing, deployment, and post-launch support — ensuring seamless product releases."", ""Led development and management of digital platforms (app and web) for the Personal Loan product, growing user engagement 27% and user acquisition 14%.""]","[{""original"": ""Served as primary liaison between technical and business stakeholders, driving alignment on requirements and project status throughout the delivery lifecycle."", ""rewritten"": ""Monitored the project lifecycle and coordinated project status and requirements with stakeholders from initiation to execution, keeping teams informed.""}, {""original"": ""Owned end-to-end delivery — from concept and design through development, testing, deployment, and post-launch support — ensuring seamless product releases."", ""rewritten"": ""Took complete ownership and responsibility for end-to-end project execution from initiation through deployment and post-launch support.""}]","[""Stakeholder Management"", ""Agile/Scrum"", ""Release Management""]","[""Project lifecycle management from initiation to execution"", ""Taking complete ownership and responsibility for delivery"", ""Coordinating across teams and stakeholders""]","[""Client engagement and updates: CV demonstrates extensive stakeholder management, cross-functional coordination, and business partnership, but lacks specific B2C client-facing operations management as outlined in the Livspace JD.""]","[""Manpower agency coordination"", ""Physical construction or interior project execution operations""]","Hi, I bring 4+ years of product and project lifecycle management experience at Bajaj Finance, owning end-to-end delivery and cross-functional coordination. My background matches your need for rigorous project ownership from initiation to execution.",Summary rewritten for this JD; 2 bullet(s) reworded to JD vocabulary (metrics preserved verbatim),The CV does not demonstrate experience coordinating with manpower agencies or managing physical construction/interior operations as requested by the Livspace job description.,"done, coordinate, lead/project, monitor, initiation, taking, ownership, responsibility, engage, client, keep, informed",unknown,unknown,,no experience requirement found in the available text,As an Operations Lead/Project Manager you will monitor the project lifecycle from initiation to execution by taking complete ownership and responsibility . You will engage the client and keep them informed with required updates of the project and ensure they are aware of all the activities that are about to be done / on going / yet to start etc. Roles & Responsibilities Coordinate with manpower agencies and ensure that right resources are assigned to get the work done on time. Coordinate commun…
no,,,44,Partnerships Manager,Astra Security,"Bangalore, Karnataka",https://www.adzuna.in/land/ad/5829060554?se=pBUE-7ia8RGVcZyokYtSjw&utm_medium=api&utm_source=195aa6d0&v=E6A29220C7D379EAD297704489E49183BA5FCBD2,28,34,20,weak,0.08,0/0,,"[{""need"": ""astra"", ""gain"": 1}, {""need"": ""astra security"", ""gain"": 1}, {""need"": ""leader"", ""gain"": 1}, {""need"": ""penetration testing space"", ""gain"": 1}, {""need"": ""recognized"", ""gain"": 1}]",,"{""skill_match"": 0.0833, ""experience_fit"": 0.85, ""domain"": 0, ""education"": 1.0, ""achievement"": 0.8571, ""trajectory"": 1.0}",adzuna,aggregator,,,2026-08-05T17:45:31Z,,,,[],[],[],[],[],[],,,,"astra, pentest, security, trusted, leader, penetration, space, recognized, category, headquarters, brands, muthoot",unknown,unknown,,no experience requirement found in the available text,"About Astra: Astra Security is a leader in the penetration testing space, recognized by G2 in the Pentest category. With headquarters in the US & India, Astra is the trusted security partner for leading brands including Muthoot Finance, Loom, CompTIA, NIIT, Goldcast, HackerRank, Sprinto, ITC & more. Its one-of-a-kind continuous pentest platform is trusted by 1,200 companies across 100 countries, from fast-growing startups to Fortune 100 giants. Astra's autonomous pentest platform pairs AI agent…"
no,,,44,Creators and Partnerships Manager,LightYears Health,"Mumbai, Maharashtra",https://www.adzuna.in/land/ad/5845683541?se=pBUE-7ia8RGVcZyokYtSjw&utm_medium=api&utm_source=195aa6d0&v=9C995929D96ECB3C51522738E5660FBAD27D2F97,26,27,20,weak,0.08,0/0,,"[{""need"": ""creators"", ""gain"": 1}, {""need"": ""lightyears health"", ""gain"": 1}, {""need"": ""redefine"", ""gain"": 1}, {""need"": ""india ages"", ""gain"": 1}, {""need"": ""fear"", ""gain"": 1}]",,"{""skill_match"": 0.0833, ""experience_fit"": 0.85, ""domain"": 0, ""education"": 1.0, ""achievement"": 0.8571, ""trajectory"": 1.0}",adzuna,aggregator,,,2026-08-18T05:08:51Z,,,,[],[],[],[],[],[],,,,"health, year-old, lightyears, mission, redefine, ages, fear, science, make, clinically, validated, nutrition",unknown,unknown,,no experience requirement found in the available text,"Who we are. LightYears Health is on a mission to redefine how India ages, not with fear, but with science. We make clinically validated nutrition products for people who refuse to slow down: the 55-year-old who still lifts, the woman navigating menopause on her own terms, the 70-year-old who outruns her grandchildren. We're not a supplement company. We're a preventive health company, building evidence-backed wellness products across arthritis, pain management, and hormonal health. And we're jus…"
no,,,44,Corporate Partnerships Manager (Placements),Airtribe,"Bangalore, Karnataka",https://www.adzuna.in/land/ad/5840225281?se=pBUE-7ia8RGVcZyokYtSjw&utm_medium=api&utm_source=195aa6d0&v=7A4F05A46DB27FAF3186227E51C17152D99EB03F,29,30,20,weak,0.08,0/0,,"[{""need"": ""corporate partnerships manager"", ""gain"": 1}, {""need"": ""placements"", ""gain"": 1}, {""need"": ""new-age upskilling platform"", ""gain"": 1}, {""need"": ""tech courses"", ""gain"": 1}, {""need"": ""courses encourage"", ""gain"": 1}]",,"{""skill_match"": 0.0833, ""experience_fit"": 0.85, ""domain"": 0, ""education"": 1.0, ""achievement"": 0.8571, ""trajectory"": 1.0}",adzuna,aggregator,,,2026-08-13T16:19:34Z,,,,[],[],[],[],[],[],,,,"upskilling, courses, access, instructors, new-age, encourage, active, learning, instead, passive, lecture-watching, live",unknown,unknown,,no experience requirement found in the available text,"About us: We are building a new-age upskilling platform for product and tech courses. Our courses encourage active learning instead of passive lecture-watching. They are live programs with workshop-style sessions, direct access to expert instructors, access to the community with your peers, and regular feedback Our instructors and mentors hail from top companies like Gojek, Razorpay, Uber, Coinbase, Microsoft, Meta, Google, and more. We are proud to have helped 1000 learners in their upskilling…"
no,,,44,Business Analyst,Kyndryl,"Bangalore, Karnataka",https://www.adzuna.in/land/ad/5837138896?se=1AoFArma8RGB8rnM-OiTpQ&utm_medium=api&utm_source=195aa6d0&v=9159888CFA510B66583FE0511133847CA2B22151,28,31,16,weak,0.0,0/0,,"[{""need"": ""business analyst"", ""gain"": 1}, {""need"": ""inclusive employer"", ""gain"": 1}, {""need"": ""member"", ""gain"": 1}, {""need"": ""mygwork"", ""gain"": 1}, {""need"": ""largest global platform"", ""gain"": 1}]",,"{""skill_match"": 0.0737, ""experience_fit"": 0.85, ""domain"": 0, ""education"": 1.0, ""achievement"": 0.8571, ""trajectory"": 1.0}",adzuna,aggregator,,,2026-08-12T01:59:18Z,,,,[],[],[],[],[],[],,,,"kyndryl, inclusive, employer, member, mygwork, largest, global, lgbtq, community, please, contact, recruiter",unknown,unknown,,no experience requirement found in the available text,"This job is with Kyndryl, an inclusive employer and a member of myGwork – the largest global platform for the LGBTQ business community. Please do not contact the recruiter directly. Who We Are At Kyndryl, we run and reimagine the mission-critical technology systems that drive advantage for the world's leading businesses. We are at the heart of progress; with proven expertise and a continuous flow of AI-powered insight, enabling smarter decisions, faster innovation, and a lasting competitive edg…"
no,,,44,Senior Program Manager,MathWorks,"Hyderabad, Telangana",https://www.adzuna.in/land/ad/5830416671?se=NKBuDLma8RGB8rnM-OiTpQ&utm_medium=api&utm_source=195aa6d0&v=F53A19B836B7AA441F390BF658122B22761A25BF,28,25,20,weak,0.08,0/0,,"[{""need"": ""senior program"", ""gain"": 1}, {""need"": ""program manager"", ""gain"": 1}, {""need"": ""manager summary"", ""gain"": 1}, {""need"": ""industry leading"", ""gain"": 1}, {""need"": ""leading program"", ""gain"": 1}]",,"{""skill_match"": 0.0758, ""experience_fit"": 0.85, ""domain"": 0, ""education"": 1.0, ""achievement"": 0.8571, ""trajectory"": 1.0}",adzuna,aggregator,,,2026-08-06T17:50:18Z,,,,[],[],[],[],[],[],,,,"want, software, industry, program, constantly, solving, challenging, problems, commercial, make, world, better",good_fit,inferred,6-10,"asks for 6-10 years, you have 4","Summary: Would you like to join an industry leading Program Management team that is constantly solving new and challenging problems? Do you want to work with commercial software products that make the world a better place? If you answered yes to these questions, we want to speak with you. MathWorks is the leading developer of technical computing software (MATLAB and Simulink). Engineers and scientists worldwide rely on its products to accelerate the pace of discovery, innovation, and developmen…"
no,,,44,CRM Program Manager,Kambaa Inc,"Chennai, Tamil Nadu",https://www.adzuna.in/land/ad/5845682499?se=NKBuDLma8RGB8rnM-OiTpQ&utm_medium=api&utm_source=195aa6d0&v=E338E36AA142342DF44690B4125F5E7884A784A3,26,22,20,weak,0.08,0/0,,"[{""need"": ""crm program manager"", ""gain"": 1}, {""need"": ""title"", ""gain"": 1}, {""need"": ""crm program"", ""gain"": 1}, {""need"": ""program manager"", ""gain"": 1}, {""need"": ""manager location"", ""gain"": 1}]",,"{""skill_match"": 0.0833, ""experience_fit"": 0.85, ""domain"": 0, ""education"": 1.0, ""achievement"": 0.8571, ""trajectory"": 1.0}",adzuna,aggregator,,,2026-08-18T05:07:15Z,,,,[],[],[],[],[],[],,,,"facility, location, chennai, client, manufacturing, title, program, lakhs, annum, employment, type, full-time",unknown,unknown,,no experience requirement found in the available text,"Job Title: CRM Program Manager Location: Chennai, India Budget: Up to INR 10 lakhs per annum Employment Type: Full-time, permanent role. This is not a contractual role. Work Mode: 100% on-site at the client’s manufacturing facility for the full duration of the project( 12 months and above ). Facility Location: The candidate must report daily to the client’s manufacturing facility, located roughly 20–25 km from Tambaram, Chennai. Company overiew - Kambaa We are an AI-first company, a leading dig…"
no,,,44,Program Manager - Relocation to Saudi Arabia,HCLTech,"Bangalore, Karnataka",https://www.adzuna.in/land/ad/5841755476?se=NKBuDLma8RGB8rnM-OiTpQ&utm_medium=api&utm_source=195aa6d0&v=D8660FF74065871F5390EE884970BCB858EA9AB8,39,57,23,weak,0.14,0/0,,"[{""need"": ""program manager"", ""gain"": 2}, {""need"": ""relocation"", ""gain"": 2}, {""need"": ""saudi arabia"", ""gain"": 2}, {""need"": ""summary"", ""gain"": 2}, {""need"": ""lead large-scale business"", ""gain"": 2}]",,"{""skill_match"": 0.0883, ""experience_fit"": 0.85, ""domain"": 0, ""education"": 1.0, ""achievement"": 0.8571, ""trajectory"": 1.0}",adzuna,aggregator,,,2026-08-14T16:34:43Z,,,,[],[],[],[],[],[],,,,"program, seeking, experienced, large-scale, transformation, programs, successful, initiatives, organizational, goals, responsible, governance",unknown,unknown,,no experience requirement found in the available text,"Role Summary Seeking an experienced Program Manager to lead large-scale business and technology transformation programs, ensuring successful delivery of strategic initiatives aligned with organizational goals. The role will be responsible for program planning, governance, stakeholder management, risk management, budget oversight, and coordination across multiple projects and workstreams to achieve desired business outcomes. Key Responsibilities • Lead end-to-end program management for complex t…"
no,,,44,Network Project Manager,NuSummit,"Mumbai, Maharashtra",https://www.adzuna.in/land/ad/5840225985?se=SEn9ELma8RGVcZyokYtSjw&utm_medium=api&utm_source=195aa6d0&v=F125C16C3E7BFC0B96C5BBB721F69D2EE75B1B22,42,52,36,borderline,0.34,0/0,,"[{""need"": ""network project manager"", ""gain"": 1}, {""need"": ""description project manager"", ""gain"": 1}, {""need"": ""network infrastructure"", ""gain"": 1}, {""need"": ""manager network"", ""gain"": 1}, {""need"": ""mumbai employment type"", ""gain"": 1}]",,"{""skill_match"": 0.2045, ""experience_fit"": 0.6, ""domain"": 0, ""education"": 1.0, ""achievement"": 0.8571, ""trajectory"": 1.0}",adzuna,aggregator,,,2026-08-13T16:20:06Z,,,,[],[],[],[],[],[],,,,"network, description, location, employment, type, full, seeking, experienced, multi-country, apac, refresh, program",stretch,stated,8-10,asks for 8-10 years vs your 4,"Job Description – Project Manager (Network Infrastructure) Role: Project Manager – Network Infrastructure Experience: 8–10 Years Location: Mumbai Employment Type: Full Time Job Summary We are seeking an experienced Project Manager to lead a multi-country APAC Network Refresh Program involving Cisco and Arista infrastructure modernization. The Project Manager will be responsible for governance, stakeholder management, deployment planning, RAID management, maintenance window coordination, executi…"
no,,,44,Project Manager - CAWI,Insights Opinion,"Noida, Ghaziabad",https://www.adzuna.in/land/ad/5747049430?se=SEn9ELma8RGVcZyokYtSjw&utm_medium=api&utm_source=195aa6d0&v=AA67F26A6C7B4A01783745FE5709C3CCE8BC3849,32,31,44,borderline,0.45,0/9,"ideal, cawi project execution, online panel coordination, sampling feasibility, api integrations, diy research tools, publisher networks, fieldwork monitoring, client","[{""need"": ""ideal"", ""gain"": 2}, {""need"": ""cawi project execution"", ""gain"": 2}, {""need"": ""online panel coordination"", ""gain"": 2}, {""need"": ""sampling feasibility"", ""gain"": 2}, {""need"": ""api integrations"", ""gain"": 2}]",,"{""skill_match"": 0.0909, ""experience_fit"": 0.85, ""domain"": 0, ""education"": 1.0, ""achievement"": 0.8571, ""trajectory"": 1.0}",adzuna,aggregator,,,2026-06-01T10:27:25Z,,,,[],[],[],[],[],[],,,,"cawi, online, sampling, insights, opinion, hiring, location, noida, mode, onsite, experienced, manage",unknown,unknown,,no experience requirement found in the available text,"We’re hiring: Project Manager - CAWI (Online Sampling) Location: Noida Work Mode: Onsite Company: Insights Opinion Insights Opinion is looking for an experienced Project Manager - CAWI to manage online sampling projects across global healthcare, B2B, and consumer research studies. The ideal candidate should have hands-on experience in CAWI project execution, online panel coordination, sampling feasibility, API integrations, DIY research tools, publisher networks, fieldwork monitoring, client co…"
no,,,44,Institutional Partnerships Manager,Admissiongyan Education Consultancy,"Gurugram, Haryana",https://bebee.com/in/jobs/institutional-partnerships-manager-admissiongyan-education-consultancy-gurugram--talent-632712980318719749?utm_campaign=google_jobs_apply&utm_source=google_jobs_apply&utm_medium=organic,33,41,22,weak,0.13,0/1,competencies,"[{""need"": ""competencies"", ""gain"": 2}, {""need"": ""institutional partnerships manager"", ""gain"": 1}, {""need"": ""description admissiongyan"", ""gain"": 1}, {""need"": ""admissiongyan education"", ""gain"": 1}, {""need"": ""education consultancy"", ""gain"": 1}]",,"{""skill_match"": 0.0469, ""experience_fit"": 0.85, ""domain"": 0, ""education"": 1.0, ""achievement"": 1, ""trajectory"": 1.0}",serpapi,aggregator,,,3 days ago,,,,[],[],[],[],[],[],,,,"overseas, student, consultancy, students, universities, relationships, sales, admissiongyan, admissions, institutions, schools, seminars",unknown,unknown,,no experience requirement found in the available text,"Company Description Admissiongyan Education Consultancy is a leading overseas education consulting firm with offices in Bengaluru and Dubai, specializing in Bachelor, Master, and MBA programs. Since 2012, the consultancy has supported more than 60,000 students in securing admissions to top European universities. Admissiongyan offers personalized guidance throughout the application and admission process, helping students make informed decisions about their academic and career paths.


The team focuses on building strong relationships with students and institutions to ensure a smooth and transparent journey abroad.


Job Summary:
The Business Development Manager will be responsible for driving student recruitment growth, developing strategic partnerships, expanding market presence, and achieving revenue targets for the overseas education consultancy. The role involves identifying new business opportunities, building relationships with universities and B2B partners, and leading sales initiatives.


Key Responsibilities:
Develop and implement strategic business development plans to achieve company targets.Identify and generate new student leads through schools, colleges, seminars, events, and digital platforms.Build and maintain strong relationships with universities, institutions, and B2B partners.Establish tie-ups with schools, coaching centres, and corporate organizations.Conduct regular seminars in school/colleges, webinars, and promotional events to increase brand awareness.Monitor market trends, competitor activities, and student preferences.Achieve monthly, quarterly and annual revenue targets.Prepare regular reports on sales performance, pipeline status, and market analysis.Ensure excellent student and partner relationship management.Coordinate with marketing teams for campaigns and lead generation activities.
Required Skills & Competencies:


Strong communication and negotiation skills.Excellent networking and relationship-building abilities.Target-oriented wit"
no,,,43,Technical Program Manager,Tredence Inc.,"Bangalore, Karnataka",https://www.adzuna.in/land/ad/5830417566?se=NKBuDLma8RGB8rnM-OiTpQ&utm_medium=api&utm_source=195aa6d0&v=C16484ED7F28B593CE6336D716E3E230E39B6A92,39,61,28,weak,0.26,0/3,"Data engineering and analytics initiatives, Batch/real-time pipelines, data lakes, data warehouses, BI, and ML solutions, Cloud ecosystems (GCP and/or Databricks)","[{""need"": ""Data engineering and analytics initiatives"", ""gain"": 8}, {""need"": ""Batch/real-time pipelines, data lakes, data warehouses, BI, and ML solutions"", ""gain"": 8}, {""need"": ""Cloud ecosystems (GCP and/or Databricks)"", ""gain"": 8}, {""need"": ""Program roadmap, planning, and execution"", ""gain"": 4}, {""need"": ""Solution approaches and execution strategies"", ""gain"": 4}]",,"{""skill_match"": 0.0556, ""experience_fit"": 0.85, ""domain"": 0, ""education"": 1.0, ""achievement"": 0.8571, ""trajectory"": 1.0}",adzuna,aggregator,,,2026-08-06T17:51:55Z,data/resumes/2026-08-18/Tredence_Inc_Technical_Program_Manager/Mehul_Agarwal.docx,data/resumes/2026-08-18/Tredence_Inc_Technical_Program_Manager/Mehul_Agarwal.pdf,"Product Manager with 4+ years building digital lending products, data platforms, and rules engines at Bajaj Finance, operating across strategic and tactical layers. Experienced in driving technical execution, roadmap planning, and cross-functional collaboration with engineering and analytics stakeholders. Grounded in data-driven decision-making using tools like Google Analytics, CleverTap, and Looker Studio.","[""Own product strategy for Home Loan digital acquisition, translating business and credit-policy requirements into scalable lead-generation and qualification systems."", ""Design and ship the MCP (Minimum Credit Parameters) Master and Lead Allocation Master — a rules engine that pre-qualifies leads and routes them to the right lending partner based on credit profile, eligibility, and business rules."", ""Led development and management of digital platforms (app and web) for the Personal Loan product, growing user engagement 27% and user acquisition 14%.""]","[{""original"": ""Serve as primary liaison between technical and business stakeholders, driving alignment on requirements and project status throughout the delivery lifecycle."", ""rewritten"": ""Partnered with technical and business stakeholders as a trusted advisor, driving alignment on problem statements, solution approaches, and project status throughout the delivery lifecycle.""}, {""original"": ""Wrote detailed product specifications and requirements in partnership with engineering teams to ensure aligned, on-time delivery."", ""rewritten"": ""Defined solution approaches and detailed product specifications in partnership with engineering teams to ensure aligned, on-time delivery of technical initiatives.""}]","[""Agile/Scrum"", ""Stakeholder Management"", ""SDLC"", ""Release Management""]","[""Cross-functional stakeholder management"", ""Defining solution approaches and execution strategies"", ""Translating requirements into technical execution""]","[""Program roadmap and planning — CV shows product roadmapping and sprint planning, but not large-scale data program management"", ""Analytics initiatives — CV uses Looker Studio, Google Analytics, and CleverTap, but lacks direct data engineering/lake/warehouse management experience""]","[""Experience with batch/real-time pipelines, data lakes, and data warehouses"", ""Direct client-facing consulting or advisory experience with external clients"", ""Hands-on experience with GCP and/or Databricks data platform implementations""]","Hi, I lead digital platform and data-driven qualification systems at Bajaj Finance, managing end-to-end product execution with engineering and business stakeholders. I'd love to bring my technical program execution and cross-functional leadership experience to Tredence.",Summary rewritten for this JD; 2 bullet(s) reworded to JD vocabulary (metrics preserved verbatim); Bullets reprioritized in: Product Manager - Home Loan,"The JD asks for hands-on data engineering platform implementation (GCP, Databricks, data lakes/warehouses, pipelines), which the CV does not support.","description, program, initiatives, batch/real-time, pipelines, lakes, warehouses, solutions, trusted, advisor, clients, partnering",unknown,unknown,,no experience requirement found in the available text,"Role Description Own program roadmap, planning, and execution for data engineering and analytics initiatives, including batch/real-time pipelines, data lakes, data warehouses, BI, and ML solutions. Act as a trusted advisor to clients, partnering with business and technology stakeholders to define problem statements, solution approaches, and execution strategies. Drive large-scale data platform implementations leveraging cloud ecosystems, with a strong focus on GCP and/or Databricks. Manage a po…"
no,,,42,Partnerships Manager,Chargebee,"Chennai, Tamil Nadu",https://www.adzuna.in/land/ad/5831966103?se=pBUE-7ia8RGVcZyokYtSjw&utm_medium=api&utm_source=195aa6d0&v=239417CAEE4EA35927E8B3D98F2C3143A4E8D19C,38,52,16,weak,0.08,0/0,,"[{""need"": ""partner ecosystem"", ""gain"": 18}, {""need"": ""partner relations"", ""gain"": 18}]",,"{""skill_match"": 0, ""experience_fit"": 0.85, ""domain"": 0, ""education"": 1.0, ""achievement"": 1, ""trajectory"": 1.0}",adzuna,aggregator,,,2026-08-07T17:55:55Z,data/resumes/2026-08-18/Chargebee_Partnerships_Manager/Mehul_Agarwal.docx,data/resumes/2026-08-18/Chargebee_Partnerships_Manager/Mehul_Agarwal.pdf,"Product Manager with 4+ years building digital lending products in fintech, currently owning the Home Loan digital acquisition stack at Bajaj Finance, including strategic NBFC and financial-institution partnerships. Proven experience shaping partnership strategy, designing lead-exchange and commission workflows, and driving execution with business and legal teams. Grounded in data, uses Google Analytics, CleverTap, and Looker Studio to validate product decisions and scale operations.","[""Lead product requirements for strategic NBFC and financial-institution partnerships, designing lead-exchange and commission workflows with legal, business, and tech teams."", ""Own product strategy for Home Loan digital acquisition, translating business and credit-policy requirements into scalable lead-generation and qualification systems."", ""Served as primary liaison between technical and business stakeholders, driving alignment on requirements and project status throughout the delivery lifecycle.""]","[{""original"": ""Lead product requirements for strategic NBFC and financial-institution partnerships, designing lead-exchange and commission workflows with legal, business, and tech teams."", ""rewritten"": ""Drive product requirements for strategic financial-institution partnerships, designing partner workflows and relationship systems in collaboration with legal, business, and tech teams.""}, {""original"": ""Served as primary liaison between technical and business stakeholders, driving alignment on requirements and project status throughout the delivery lifecycle."", ""rewritten"": ""Acted as primary liaison between technical and business stakeholders, driving partner and stakeholder alignment on requirements and project status throughout the delivery lifecycle.""}]","[""Partner Management"", ""Stakeholder Management"", ""Product Road-mapping"", ""Partner Integrations""]","[""Stakeholder management and cross-functional collaboration"", ""Building and scaling partner ecosystems and workflows""]","[""Partner relations: CV shows managing NBFC and financial-institution partnerships, but lacks B2B SaaS partner ecosystem experience.""]","[""Experience with billing, subscription management platforms, or B2B SaaS ecosystems as outlined in the Chargebee job description""]","Hi, I lead partner integrations and digital platforms at Bajaj Finance, managing strategic financial-institution partnerships and workflows. I'd love to connect regarding partnership opportunities at Chargebee.",Summary rewritten for this JD; 2 bullet(s) reworded to JD vocabulary (metrics preserved verbatim); Skill groups reordered (Product & Delivery first),"The job requires experience in a billing and subscription management platform context, which is not supported by the candidate's fintech digital lending background.","chargebee, billing, subscription, trusted, companies, freshworks, zapier, deepl, cond, nast, businesses, recurring",unknown,unknown,,no experience requirement found in the available text,"ABOUT CHARGEBEE Chargebee is a leading billing and subscription management platform trusted by companies like Freshworks, Zapier, DeepL, and Condé Nast. We help businesses with recurring revenue models streamline revenue operations, capture actionable insights, and drive growth. With headquarters in North Bethesda, Maryland, our team spans India, the US, and Europe. ABOUT THE ROLE Chargebee's partner ecosystem is growing, and the quality of how we build, activate, and sustain partner relationsh…"
no,,,42,Institutional Partnerships Manager,Admissiongyan Education Consultancy,"Bangalore, Karnataka",https://www.adzuna.in/land/ad/5841755915?se=pBUE-7ia8RGVcZyokYtSjw&utm_medium=api&utm_source=195aa6d0&v=C772E355EECD766188C301694FF41C2CE8925695,32,53,20,weak,0.16,0/0,,"[{""need"": ""institutional partnerships manager"", ""gain"": 2}, {""need"": ""description admissiongyan"", ""gain"": 2}, {""need"": ""admissiongyan education"", ""gain"": 2}, {""need"": ""education consultancy"", ""gain"": 2}, {""need"": ""leading overseas"", ""gain"": 2}]",,"{""skill_match"": 0.0398, ""experience_fit"": 0.85, ""domain"": 0, ""education"": 1.0, ""achievement"": 0.8571, ""trajectory"": 1.0}",adzuna,aggregator,,,2026-08-14T16:35:07Z,,,,[],[],[],[],[],[],,,,"admissiongyan, consultancy, students, description, overseas, firm, offices, bengaluru, dubai, specializing, programs, since",unknown,unknown,,no experience requirement found in the available text,"Company Description Admissiongyan Education Consultancy is a leading overseas education consulting firm with offices in Bengaluru and Dubai, specializing in Bachelor, Master, and MBA programs. Since 2012, the consultancy has supported more than 60,000 students in securing admissions to top European universities. Admissiongyan offers personalized guidance throughout the application and admission process, helping students make informed decisions about their academic and career paths. The team foc…"
no,,,42,Project Manager,Resecurity,"Delhi, India",https://www.adzuna.in/land/ad/5841755449?se=uqOlD7ma8RGyIdVC-Du-Yg&utm_medium=api&utm_source=195aa6d0&v=91F8122C40947D0088DF0307F3C8202234E08BC6,19,16,16,weak,0.08,0/0,,"[{""need"": ""description resecurity"", ""gain"": 2}, {""need"": ""american cybersecurity"", ""gain"": 2}, {""need"": ""risk intelligence"", ""gain"": 2}, {""need"": ""headquartered"", ""gain"": 2}, {""need"": ""los angeles"", ""gain"": 2}]",,"{""skill_match"": 0.0417, ""experience_fit"": 0.85, ""domain"": 0, ""education"": 1.0, ""achievement"": 0.8571, ""trajectory"": 1.0}",adzuna,aggregator,,,2026-08-14T16:34:42Z,,,,[],[],[],[],[],[],,,,"resecurity, risk, intelligence, description, american, cybersecurity, headquartered, angeles, california, organization, provides, next-generation",unknown,unknown,,no experience requirement found in the available text,"Company Description Resecurity is an American cybersecurity and risk intelligence company headquartered in Los Angeles, California. The organization provides next-generation Intelligence, Surveillance, and Reconnaissance (ISR) and External Risk Mitigation & Management (ERMM) solutions. Resecurity supports leading Fortune 500 corporations, law enforcement agencies, and government entities in addressing complex security threats. The company focuses on advanced technologies and data-driven insight…"
no,,,42,Project Manager,Chattels Design,"Hyderabad, Telangana",https://www.adzuna.in/land/ad/5845683350?se=uqOlD7ma8RGyIdVC-Du-Yg&utm_medium=api&utm_source=195aa6d0&v=3EDCC9CA17CA5038E4239E02C0CB6FFE6599F783,26,20,16,weak,0.08,0/0,,"[{""need"": ""chattels design llp"", ""gain"": 2}, {""need"": ""beyond designing interiors"", ""gain"": 2}, {""need"": ""curate immersive"", ""gain"": 2}, {""need"": ""since"", ""gain"": 2}, {""need"": ""delivered"", ""gain"": 2}]",,"{""skill_match"": 0.0417, ""experience_fit"": 0.85, ""domain"": 0, ""education"": 1.0, ""achievement"": 0.8571, ""trajectory"": 1.0}",adzuna,aggregator,,,2026-08-18T05:08:42Z,,,,[],[],[],[],[],[],,,,"bangalore, chattels, beyond, interiors, curate, immersive, experiences, since, delivered, beautifully, homes, specializing",unknown,unknown,,no experience requirement found in the available text,"About Company: At Chattels Design LLP, we go beyond designing interiors to curate immersive experiences. Since 2019, we have delivered over 3000 beautifully designed homes across Bangalore, specializing in personalizing spaces to reflect individual lifestyles, personalities, and aspirations. Our design philosophy embodies contemporary minimalism, luxurious elegance, functionality, innovation, and meticulous attention to detail. With branches in Bangalore (Whitefield, Jakkur, JP Nagar) and Hyder…"
no,,,42,Product Manager – Enterprise AI Operations & Observability,Lilly,"Hyderabad, Telangana",https://careers.lilly.com/us/en/job/R-109787/Product-Manager-Enterprise-AI-Operations-Observability?utm_campaign=google_jobs_apply&utm_source=google_jobs_apply&utm_medium=organic,34,30,27,weak,0.28,0/0,,"[{""need"": ""manager enterprise"", ""gain"": 2}, {""need"": ""enterprise ai"", ""gain"": 2}, {""need"": ""ai operations"", ""gain"": 2}, {""need"": ""operations observability"", ""gain"": 2}, {""need"": ""lilly"", ""gain"": 2}]",,"{""skill_match"": 0.0417, ""experience_fit"": 0.78, ""domain"": 0, ""education"": 1.0, ""achievement"": 1, ""trajectory"": 1.0}",serpapi,aggregator,,,1 day ago,,,,[],[],[],[],[],[],,,,"observability, operational, lilly, enterprise, automation, aiops, every, deliver, position, reliability, security, execute",good_fit,stated,5-7,"asks for 5-7 years, you have 4","At Lilly, the work is demanding because patients are waiting. We unite caring with discovery to help make life better for people around the world, knowing that every decision, every detail, and every day matters. Headquartered in Indianapolis, Indiana, our over 50,000 employees around the globe take on complex challenges to discover and deliver life-changing medicines, strengthen how health is understood and managed, and support the communities we serve. This is hard, urgent, selfless work—but it’s work worth doing. If you’re driven by purpose and ready to bring your best to work that truly matters for patients, we invite you to join us. 


Product Manager – Enterprise AI Operations & Observability

Department: Tech@Lilly

Location: Hyderabad, India

Position Type: Full-Time

Level: P4

Position Summary

Eli Lilly is seeking a highly accomplished and hands on technology lead to drive our Enterprise AI Observability platform fuelling our ARE journey. This pivotal role is responsible for defining, implementing, and optimizing observability platform/s, and processes that ensure the reliability, performance, scalability, and security. The ideal candidate will bring deep expertise in driving of system of events end to end lifecycle management, self-serve instrumentation using agentic and automation, with a proven track in complex, large-scale environments. They will also partner closely with the ARE Architects and other platform engineers to execute a cohesive strategy that delivers measurable value across the organization, ensuring alignment between architectural vision and operational excellence.

Key Responsibilities

Strategic Leadership & Governance

·       Execute and drive forward a comprehensive strategy for enterprise observability

·       Establish governance frameworks, standards, and best practices for deployments.

·       Ensure compliance with regulatory, security, and operational requirements.

AIOps

·       Drive the adoption of AIOps practices for pr"
no,,,41,Technical Project Manager,"Prudent Technologies and Consulting, Inc.","Hyderabad, Telangana",https://www.adzuna.in/land/ad/5840637205?se=SEn9ELma8RGVcZyokYtSjw&utm_medium=api&utm_source=195aa6d0&v=B1C053E103C6B3768F55D3B9ACC4564F4BBE5426,45,50,27,weak,0.3,0/4,"Project Leadership, Cross-functional collaboration, Project planning and milestone delivery, Stakeholder communication","[{""need"": ""Project Leadership"", ""gain"": 6}, {""need"": ""Cross-functional collaboration"", ""gain"": 6}, {""need"": ""Project planning and milestone delivery"", ""gain"": 6}, {""need"": ""Stakeholder communication"", ""gain"": 6}, {""need"": ""Project scope definition"", ""gain"": 3}]",,"{""skill_match"": 0, ""experience_fit"": 0.85, ""domain"": 0, ""education"": 1.0, ""achievement"": 0.8571, ""trajectory"": 1.0}",adzuna,aggregator,,,2026-08-14T00:23:41Z,data/resumes/2026-08-18/Prudent_Technologies_and_Consulting_Inc_Technical_Project_Manager/Mehul_Agarwal.docx,data/resumes/2026-08-18/Prudent_Technologies_and_Consulting_Inc_Technical_Project_Manager/Mehul_Agarwal.pdf,"Product Manager with 4+ years of experience building digital lending products, managing end-to-end project lifecycles from inception to completion, and collaborating with cross-functional technical and business stakeholders. Brings proven expertise in agile sprint planning, backlog grooming, and delivering data-driven features for digital platforms at Bajaj Finance. Skilled in defining project scope, mapping requirements, and coordinating milestone delivery across engineering, design, and credit policy teams.","[""Served as primary liaison between technical and business stakeholders, driving alignment on requirements and project status throughout the delivery lifecycle."", ""Owned end-to-end delivery — from concept and design through development, testing, deployment, and post-launch support — ensuring seamless product releases."", ""Wrote detailed product specifications and requirements in partnership with engineering teams to ensure aligned, on-time delivery.""]","[{""original"": ""Served as primary liaison between technical and business stakeholders, driving alignment on requirements and project status throughout the delivery lifecycle."", ""rewritten"": ""Collaborated with cross-functional stakeholders, effectively communicating project status and insights while driving alignment on requirements throughout the project delivery lifecycle.""}, {""original"": ""Owned end-to-end delivery — from concept and design through development, testing, deployment, and post-launch support — ensuring seamless product releases."", ""rewritten"": ""Led data-driven projects from inception to completion — managing end-to-end delivery from concept through development, testing, deployment, and post-launch support to ensure timely delivery of milestones.""}]","[""cross-functional"", ""projects"", ""inception""]","[""Collaborating with cross-functional teams"", ""Ensuring timely delivery of project milestones"", ""Communicating project status to stakeholders""]","[""Defining project scope, goals, and deliverables — supported by BRDs, product roadmap ownership, and requirements writing, though titled as a Product Manager rather than Technical Project Manager"", ""Developing detailed project plans and timelines — supported by sprint planning and SDLC management, though exact project management scheduling tool usage details are thin""]","[""Explicit experience operating under the specific title or framework of a Technical Project Manager at Prudent Technologies and Consulting, Inc.""]","Hi, I lead digital platform products at Bajaj Finance, managing end-to-end project delivery and cross-functional engineering teams. My background in coordinating milestone delivery and stakeholder communication aligns well with your TPM role.",Summary rewritten for this JD; 2 bullet(s) reworded to JD vocabulary (metrics preserved verbatim); Bullets reprioritized in: Product Manager,The job description emphasizes traditional technical project management frameworks and project planning tools that are not explicitly detailed in the candidate's product management-focused resume.,"seeking, highly, skilled, coordinate, data-driven, projects, inception, involves, collaborating, cross-functional, timely, milestones",unknown,unknown,,no experience requirement found in the available text,"We are seeking a highly skilled Technical Project Manager to lead and coordinate data-driven projects from inception to completion. This role involves collaborating with cross-functional teams, ensuring timely delivery of project milestones, and effectively communicating project status and insights to stakeholders. Key Responsibilities: Project Leadership: Define project scope, goals, and deliverables in collaboration with stakeholders. Develop detailed project plans, timelines, and resource al…"
no,,,41,Technical Project Manager,Kanerika Inc,"Hyderabad, Telangana",https://www.adzuna.in/land/ad/5819296968?se=SEn9ELma8RGVcZyokYtSjw&utm_medium=api&utm_source=195aa6d0&v=9F0EE73F69DA8554E8F9E3A674EB1AAEB0616F78,36,41,27,weak,0.3,0/4,"Software development background, Proficiency in one or more programming languages, Understanding of Agile and Scrum methodologies, Hands-on exposure to software delivery processes","[{""need"": ""Software development background"", ""gain"": 6}, {""need"": ""Proficiency in one or more programming languages"", ""gain"": 6}, {""need"": ""Understanding of Agile and Scrum methodologies"", ""gain"": 6}, {""need"": ""Hands-on exposure to software delivery processes"", ""gain"": 6}, {""need"": ""Project management expertise"", ""gain"": 3}]",,"{""skill_match"": 0, ""experience_fit"": 0.85, ""domain"": 0, ""education"": 1.0, ""achievement"": 0.8571, ""trajectory"": 1.0}",adzuna,aggregator,,,2026-07-29T09:19:43Z,data/resumes/2026-08-18/Kanerika_Inc_Technical_Project_Manager/Mehul_Agarwal.docx,data/resumes/2026-08-18/Kanerika_Inc_Technical_Project_Manager/Mehul_Agarwal.pdf,"Product Manager with 4+ years building digital lending products, driving end-to-end software delivery and cross-functional execution in fintech at Bajaj Finance. Experienced in sprint planning, backlog grooming, and writing detailed product specifications with engineering teams to ensure aligned, on-time delivery. Grounded in data and agile execution, operating across strategic and tactical layers to ship complex digital platforms.","[""Served as primary liaison between technical and business stakeholders, driving alignment on requirements and project status throughout the delivery lifecycle."", ""Wrote detailed product specifications and requirements in partnership with engineering teams to ensure aligned, on-time delivery."", ""Owned end-to-end delivery — from concept and design through development, testing, deployment, and post-launch support — ensuring seamless product releases.""]","[{""original"": ""Served as primary liaison between technical and business stakeholders, driving alignment on requirements and project status throughout the delivery lifecycle."", ""rewritten"": ""Served as primary liaison between technical and business stakeholders, driving alignment on requirements and project status throughout the software delivery lifecycle.""}, {""original"": ""Wrote detailed product specifications and requirements in partnership with engineering teams to ensure aligned, on-time delivery."", ""rewritten"": ""Wrote detailed product specifications and requirements in partnership with cross-functional engineering teams to ensure aligned, on-time delivery.""}, {""original"": ""Owned end-to-end delivery — from concept and design through development, testing, deployment, and post-launch support — ensuring seamless product releases."", ""rewritten"": ""Owned end-to-end software delivery processes — from concept and design through development, testing, deployment, and post-launch support — ensuring seamless product releases.""}]","[""Agile"", ""Scrum""]","[""Cross-functional engineering team leadership and delivery"", ""Stakeholder management and release management"", ""Software delivery processes across the SDLC""]","[""Agile and Scrum methodologies: CV lists Agile/Scrum under skills and mentions sprint planning and backlog grooming, but does not explicitly detail a Scrum Master or dedicated Technical Project Manager background.""]","[""Previous experience as a software developer with proficiency in one or more programming languages"", ""Technical Project Manager title or direct software development background""]","Hi, I lead cross-functional product and engineering delivery at Bajaj Finance, owning end-to-end SDLC processes and platform launches. My background aligns well with managing technical delivery lifecycles. Let's connect.",Summary rewritten for this JD; 3 bullet(s) reworded to JD vocabulary (metrics preserved verbatim),"The JD asks for a candidate with a strong software developer background and coding proficiency, which the CV does not provide.","software, seeking, background, deep, understanding, agile, scrum, methodologies, ideal, previous, developer, proficiency",unknown,unknown,,no experience requirement found in the available text,"We are seeking a Technical Project Manager with a strong development background and deep understanding of Agile and Scrum methodologies. The ideal candidate must have previous experience as a software developer, proficiency in one or more programming languages, and hands-on exposure to software delivery processes. This is a leadership role that requires both technical insight and project management expertise. What You Will Do: Lead and manage cross-functional engineering teams to deliver high-q…"
no,,,41,Technical Project Manager,Straive,"Hyderabad, Telangana",https://www.adzuna.in/land/ad/5828164196?se=SEn9ELma8RGVcZyokYtSjw&utm_medium=api&utm_source=195aa6d0&v=6DED5C7DA42421845CE82280F52A9F323590F0E3,39,65,29,weak,0.34,0/5,"Scrum methodologies, CI/CD release trains, Software deployments, Platform stability, Deployment SLAs","[{""need"": ""Scrum methodologies"", ""gain"": 5}, {""need"": ""CI/CD release trains"", ""gain"": 5}, {""need"": ""Software deployments"", ""gain"": 5}, {""need"": ""Platform stability"", ""gain"": 5}, {""need"": ""Deployment SLAs"", ""gain"": 5}]",,"{""skill_match"": 0, ""experience_fit"": 0.85, ""domain"": 0, ""education"": 1.0, ""achievement"": 0.8571, ""trajectory"": 1.0}",adzuna,aggregator,,,2026-08-05T01:44:50Z,data/resumes/2026-08-18/Straive_Technical_Project_Manager/Mehul_Agarwal.docx,data/resumes/2026-08-18/Straive_Technical_Project_Manager/Mehul_Agarwal.pdf,"Product Manager with 4+ years building digital lending products and owning end-to-end delivery lifecycles, release management, and sprint planning at Bajaj Finance. Experienced in bridging technical and business stakeholders to ensure aligned, on-time delivery across web and app platforms. Operates across strategic and tactical layers, running backlog grooming, specs, and agile delivery with engineering teams. Grounded in data and cross-functional stakeholder management to drive smooth platform rollouts.","[""Served as primary liaison between technical and business stakeholders, driving alignment on requirements and project status throughout the delivery lifecycle."", ""Owned end-to-end delivery — from concept and design through development, testing, deployment, and post-launch support — ensuring seamless product releases."", ""Wrote detailed product specifications and requirements in partnership with engineering teams to ensure aligned, on-time delivery.""]","[{""original"": ""Served as primary liaison between technical and business stakeholders, driving alignment on requirements and project status throughout the delivery lifecycle."", ""rewritten"": ""Served as primary liaison between technical and business stakeholders, driving alignment on requirements and project status throughout the software delivery lifecycle.""}, {""original"": ""Owned end-to-end delivery — from concept and design through development, testing, deployment, and post-launch support — ensuring seamless product releases."", ""rewritten"": ""Owned end-to-end delivery and release management — from concept and design through development, testing, deployment, and post-launch support — ensuring seamless software deployments.""}]","[""Agile/Scrum"", ""Release Management"", ""SDLC""]","[""End-to-end development and release cycle management"", ""Stakeholder management and cross-functional delivery coordination"", ""Working with engineering teams on product delivery""]","[""Scrum methodologies: CV mentions Agile/Scrum and sprint planning, but does not explicitly claim the role of a dedicated Scrum master or deep CI/CD pipeline management."", ""Platform stability and deployment SLAs: CV mentions release management and post-launch support, but does not detail specific deployment SLAs or platform stability metrics.""]","[""Senior Technical Project Manager title and direct ownership of CI/CD release trains and production infrastructure stability.""]","Hi, I saw the Senior Technical Project Manager role. At Bajaj Finance, I own end-to-end delivery lifecycles, release management, and engineering alignment across digital platforms. I’d love to bring my delivery and cross-functional execution experience to Straive.",Summary rewritten for this JD; 2 bullet(s) reworded to JD vocabulary (metrics preserved verbatim); Bullets reprioritized in: Product Manager,"The JD asks for a dedicated Senior Technical Project Manager with deep focus on CI/CD release trains, production platform stability, and deployment SLAs, whereas the candidate's background is in Product Management.","senior, live, description, seeking, highly, experienced, delivery-focused, cycle, production, champion, scrum, methodologies",unknown,unknown,,no experience requirement found in the available text,"Job Description: Senior Technical Project Manager – Live Platforms Job Summary We are seeking a highly experienced, delivery-focused Senior Technical Project Manager to own the end-to-end development and release cycle for our live production platforms. In this role, you will champion Scrum methodologies, optimize our CI/CD release trains, and ensure high-quality software deployments. You will manage platform stability, track deployment SLAs, and eliminate delivery bottlenecks across front-end a…"
no,,,36,Project Manager,Zensar Technologies,"Hyderabad, Telangana",https://www.adzuna.in/land/ad/5823897721?se=uqOlD7ma8RGyIdVC-Du-Yg&utm_medium=api&utm_source=195aa6d0&v=8511A2D8FB09627ABB605BB0668E4E968819E35D,43,57,12,weak,0.16,0/0,,"[{""need"": ""data governance"", ""gain"": 6}, {""need"": ""collibra location"", ""gain"": 6}, {""need"": ""hyderabad notice period"", ""gain"": 6}]",,"{""skill_match"": 0.5, ""experience_fit"": 0.85, ""domain"": 0, ""education"": 1.0, ""achievement"": 0.8571, ""trajectory"": 1.0}",adzuna,aggregator,,,2026-08-01T17:32:17Z,,,,[],[],[],[],[],[],,,,"scrum, skill, governance, collibra, location, hyderabad, notice, period, days",over_senior,stated,10+,"asks for 10+ years, above your 8-year ceiling","Role: Project manager or Scrum Master , Experience : 10  Years Skill: Data governance, Data Quality, Collibra Location: Hyderabad Notice period: 30 Days"
no,,,26,Technical Project Manager,WhiteLotus Talent Partners,"Hyderabad, Telangana",https://www.adzuna.in/land/ad/5840637245?se=SEn9ELma8RGVcZyokYtSjw&utm_medium=api&utm_source=195aa6d0&v=1D7ACD9DE7B85C9CCD491EE315CA0FD79BF1FD3B,39,45,6,weak,0.32,0/0,,"[{""need"": ""title technical"", ""gain"": 1}, {""need"": ""manager location"", ""gain"": 1}, {""need"": ""location hyderabad"", ""gain"": 1}, {""need"": ""hyderabad mode"", ""gain"": 1}, {""need"": ""mode onsite"", ""gain"": 1}]",,"{""skill_match"": 0.3783, ""experience_fit"": 0.54, ""domain"": 0, ""education"": 1.0, ""achievement"": 1, ""trajectory"": 1.0}",adzuna,aggregator,,,2026-08-14T00:24:01Z,,,,[],[],[],[],[],[],,,,"title, location, hyderabad, mode, onsite, type, full-time, industry, managing, microsoft, environments, acceleration",over_senior,stated,10-12,"asks for 10-12 years, above your 8-year ceiling",Job Title- Technical project Manager Location- Hyderabad Mode- Onsite Job Type: Full-Time Technical Experience 10–12 years of IT industry experience. 5 years of Technical Project Management experience. Experience managing application delivery within Microsoft technology environments. Key Responsibilities Delivery Acceleration Drive execution of approved initiatives to improve delivery efficiency Identify delivery bottlenecks and proactively mitigate risks. Coordinate dependencies across multipl…
no,,,25,Lead Business Analyst – Change Management,Kanerika Inc,"Hyderabad, Telangana",https://www.adzuna.in/land/ad/5812612238?se=1AoFArma8RGB8rnM-OiTpQ&utm_medium=api&utm_source=195aa6d0&v=30BF154C59FEC19133333257C28B2C716A2F382B,39,52,2,weak,0.08,0/0,,"[{""need"": ""business analyst"", ""gain"": 2}, {""need"": ""analyst change"", ""gain"": 2}, {""need"": ""change management"", ""gain"": 2}, {""need"": ""summary"", ""gain"": 2}, {""need"": ""lead business analyst"", ""gain"": 2}]",,"{""skill_match"": 0.2065, ""experience_fit"": 0.85, ""domain"": 0, ""education"": 1.0, ""achievement"": 1, ""trajectory"": 1.0}",adzuna,aggregator,,,2026-07-24T00:58:11Z,,,,[],[],[],[],[],[],,,,"change, analyst, seeking, deep, organisational, expertise, clients, delivering, complex, transformation, programs, successful",over_senior,inferred,8-14,"title implies roughly 8-14 years (centre ~11y), above your 8-year ceiling — inferred from wording, not stated in the posting","Lead Business Analyst – Change Management Role Summary We are seeking a Lead Business Analyst with deep organisational change management expertise to partner with clients delivering complex business, technology, and transformation programs. The successful candidate will act as the change lead on engagements — assessing change impact, shaping change strategies, engaging stakeholders, and driving adoption of new ways of working across the client's people, processes, and platforms. This is a clien…"
no,,,25,Technical Project Manager,Artech L.L.C.,"Bangalore, Karnataka",https://www.adzuna.in/land/ad/5814245533?se=SEn9ELma8RGVcZyokYtSjw&utm_medium=api&utm_source=195aa6d0&v=9EAAC7D5AAD4F5B6C579106C17981EC729251F75,46,61,7,weak,0.38,0/0,,"[{""need"": ""manager exp"", ""gain"": 2}, {""need"": ""bangalore"", ""gain"": 2}, {""need"": ""gurugram shift timing"", ""gain"": 2}, {""need"": ""30pm"", ""gain"": 2}, {""need"": ""key player"", ""gain"": 2}]",,"{""skill_match"": 0.3998, ""experience_fit"": 0.54, ""domain"": 0, ""education"": 1.0, ""achievement"": 0.8571, ""trajectory"": 1.0}",adzuna,aggregator,,,2026-07-25T01:02:45Z,,,,[],[],[],[],[],[],,,,"managing, location, bangalore, gurugram, shift, timing, player, tracking, communicating, projects, kpmg, advisory",over_senior,stated,10-12,"asks for 10-12 years, above your 8-year ceiling","Exp: 10 to 12 years Location: Bangalore and Gurugram Shift Timing: 2:30PM to 11:30PM The Project Manager is a key player in managing, tracking, and communicating the progress of projects, and in ensuring the quality delivery of KPMG's Advisory Technology (AT). The Project Manager will be responsible for planning customer specific engagements, managing the business requirements development, review and signoff process, managing the execution of deliverables while controlling scope, executing the …"
no,,,23,Lead Product Manager Technical (Dispute Lifecycle Solutions),Mastercard,"Pune, India",https://mastercard.wd1.myworkdayjobs.com/en-US/CorporateCareers/job/Pune-India/Lead-Product-Manager-Technical--Dispute-Lifecycle-Solutions-_R-288290,34,30,7,weak,0.45,1/11,"suspected information, information security, security violation, breach, periodic mandatory, mandatory security, security trainings, accordance, mastercard, guidelines","[{""need"": ""suspected information"", ""gain"": 1}, {""need"": ""information security"", ""gain"": 1}, {""need"": ""security violation"", ""gain"": 1}, {""need"": ""breach"", ""gain"": 1}, {""need"": ""periodic mandatory"", ""gain"": 1}]",,"{""skill_match"": 0.1453, ""experience_fit"": 0.85, ""domain"": 0, ""education"": 1.0, ""achievement"": 1, ""trajectory"": 1.0}",workday,direct,,,Posted Today,,,,[],[],[],[],[],[],,,,"dispute, mastercard, regional, solutions, security, capabilities, solution, global, operational, information, economy, everyone",over_senior,inferred,8-14,"title implies roughly 8-14 years (centre ~11y), above your 8-year ceiling — inferred from wording, not stated in the posting","Our Purpose Mastercard powers economies and empowers people in 200&#43; countries and territories worldwide. Together with our customers, we’re helping build a sustainable economy where everyone can prosper. We support a wide range of digital payments choices, making transactions secure, simple, smart and accessible. Our technology and innovation, partnerships and networks combine to deliver a unique set of products and services that help people, businesses and governments realize their greatest potential. Title and Summary Lead Product Manager Technical (Dispute Lifecycle Solutions) Job Title Lead Product Manager Technical (Dispute Lifecycle Solutions) Overview Who is Mastercard Mastercard is a global technology company in the payments industry. We work to connect and power an inclusive, digital economy that benefits everyone, everywhere by making transactions safe, simple, smart and accessible. Our mission is to connect and power an inclusive, digital economy that benefits everyone, everywhere by making transactions safe, simple, smart, and accessible. Using secure data and networks, partnerships and passion, our innovations and solutions help individuals, financial institutions, governments, and businesses realize their greatest potential. Our decency quotient, or DQ, drives our culture and everything we do inside and outside of our company. With connections across more than 210 countries and territories, we are building a sustainable world that unlocks priceless possibilities for all. Overview As a Lead Product Manager Technical within the Dispute Lifecycle Program, you will be responsible for driving the definition, prioritization, and delivery of dispute management capabilities supporting regional and global dispute processing needs. This role partners closely with Regional Product teams, Business Owners, Operations, Engineering, UX, and Architecture teams to translate business and regulatory requirements into scalable platform capabilities delivered through t"
no,,,23,Project Manager,Embassy Services,"Bangalore, Karnataka",https://www.adzuna.in/land/ad/5840225226?se=SEn9ELma8RGVcZyokYtSjw&utm_medium=api&utm_source=195aa6d0&v=275538BBE200658AF1018B54B653E0ADCE4BB065,39,46,4,weak,0.32,0/0,,"[{""need"": ""bangalore"", ""gain"": 2}, {""need"": ""overview lead"", ""gain"": 2}, {""need"": ""premium residential"", ""gain"": 2}, {""need"": ""villa"", ""gain"": 2}, {""need"": ""plotted"", ""gain"": 2}]",,"{""skill_match"": 0.3415, ""experience_fit"": 0.4846, ""domain"": 0, ""education"": 1.0, ""achievement"": 1, ""trajectory"": 1.0}",adzuna,aggregator,,,2026-08-13T16:19:33Z,,,,[],[],[],[],[],[],,,,"location, bangalore, overview, premium, residential, villa, plotted, mixed-use, redevelopment, projects, mobilization, handover",over_senior,stated,13-18,"asks for 13-18 years, above your 8-year ceiling","Experience: 13–18 Years | Location: Bangalore Role Overview Lead end-to-end execution of premium residential, villa, plotted, mixed-use, or redevelopment projects from mobilization to handover, ensuring delivery within approved timelines, cost, quality, safety, and design standards. Key Responsibilities Lead execution across civil, structural, finishing, façade, MEP, infrastructure, amenities, and external development. Drive site planning, work-front readiness, milestone tracking, productivity,…"
no,,,19,Technical Project Manager,Straive,"Chennai, Tamil Nadu",https://www.adzuna.in/land/ad/5829374247?se=SEn9ELma8RGVcZyokYtSjw&utm_medium=api&utm_source=195aa6d0&v=F6514D67B6F5F05F79C2D106B17EA4E86B309A99,39,50,2,weak,0.32,0/0,,"[{""need"": ""manager location"", ""gain"": 1}, {""need"": ""chennai"", ""gain"": 1}, {""need"": ""tamil nadu"", ""gain"": 1}, {""need"": ""on-site"", ""gain"": 1}, {""need"": ""hybrid"", ""gain"": 1}]",,"{""skill_match"": 0.2406, ""experience_fit"": 0.54, ""domain"": 0, ""education"": 1.0, ""achievement"": 0.8571, ""trajectory"": 1.0}",adzuna,aggregator,,,2026-08-05T23:52:56Z,,,,[],[],[],[],[],[],,,,"location, chennai, tamil, nadu, on-site, hybrid, level, employment, type, full-time, seeking, seasoned",over_senior,stated,10-13,"asks for 10-13 years, above your 8-year ceiling","Location: Chennai, Tamil Nadu, India (On-site / Hybrid) Experience Level: 10 – 13 Years Employment Type: Full-time About the Rol eWe are seeking a seasoned Technical Project Manage r with strong hands-on roots in Python developmen t and proven leadership experience in driving complex software engineering projects. In this role, you will bridge the gap between technical architecture and strategic delivery, leading cross-functional engineering teams to build scalable, high-performance application…"
no,,,17,VP - Partnerships (India & ROW),LeadSquared,"Bangalore, Karnataka",https://www.adzuna.in/land/ad/5814245374?se=RFR0_Lia8RGyIdVC-Du-Yg&utm_medium=api&utm_source=195aa6d0&v=6FF9FF66CDF1CC3C4D04E8D28088584D8B8C7785,40,41,2,weak,0.32,0/0,,"[{""need"": ""india row"", ""gain"": 2}, {""need"": ""vice president partnerships"", ""gain"": 2}, {""need"": ""bengaluru"", ""gain"": 2}, {""need"": ""chief business officer"", ""gain"": 2}, {""need"": ""cbo"", ""gain"": 2}]",,"{""skill_match"": 0.2065, ""experience_fit"": 0.46, ""domain"": 0, ""education"": 1.0, ""achievement"": 1, ""trajectory"": 1.0}",adzuna,aggregator,,,2026-07-25T01:02:15Z,,,,[],[],[],[],[],[],,,,"vice, president, reporting, chief, officer, location, bengaluru, leadsquared, believe, lever, just, sales",over_senior,stated,15-20,"asks for 15-20 years, above your 8-year ceiling","Vice President – Partnerships (India and ROW) Location: Bengaluru Experience: 15–20 Years Reporting To: Chief Business Officer (CBO) At LeadSquared, we believe partnerships are a strategic growth lever—not just a sales channel. As the Vice President – Partnerships , your mission is to build and scale a partner ecosystem that drives sustainable revenue growth, expands our market reach, and strengthens our leadership in India. Reporting directly to the Chief Business Officer , you will define and…"
no,,,17,Project Manager,Straive,"Mumbai, Maharashtra",https://www.adzuna.in/land/ad/5819621619?se=uqOlD7ma8RGyIdVC-Du-Yg&utm_medium=api&utm_source=195aa6d0&v=58B0F40720F29284523F77FA0F3A12915FB1407E,43,44,3,weak,0.4,0/0,,"[{""need"": ""ai-powered project manager"", ""gain"": 1}, {""need"": ""mumbai"", ""gain"": 1}, {""need"": ""chennai"", ""gain"": 1}, {""need"": ""noida"", ""gain"": 1}, {""need"": ""kolkata"", ""gain"": 1}]",,"{""skill_match"": 0.1858, ""experience_fit"": 0.54, ""domain"": 0, ""education"": 1.0, ""achievement"": 0.8571, ""trajectory"": 1.0}",adzuna,aggregator,,,2026-07-29T15:19:52Z,,,,[],[],[],[],[],[],,,,"position, ai-powered, location, chennai, noida, kolkata, hybrid/office, client, focus, international, us-based, overvie",over_senior,stated,10-12,"asks for 10-12 years, above your 8-year ceiling","Position - Project Manager ( AI-Powered Project Manager) Location - Mumbai, Chennai, Noida, Kolkata (Hybrid/Office) Experience- 10-12 years Client Focus - International / US-based Customers Position Overvie w We are looking for a disciplined, high-calibe r Project Manag er to lead end-to-end software and content delivery projects. The ideal candidate will be a Master of Project controls—capable of building rock-solid project plans, tracking them meticulously to closure, and protecting project m…"
no,,,16,Project Manager,Omnicom Global Solutions,"Bangalore, Karnataka",https://www.adzuna.in/land/ad/5820963064?se=uqOlD7ma8RGyIdVC-Du-Yg&utm_medium=api&utm_source=195aa6d0&v=E0F24D86FF0B0574A27187A44BCF0F1B6920EAAB,30,33,10,weak,0.77,2/12,"manager certified, certified project, pmp, regulated reporting, reporting programs, programs location, remote, shift, central time-6, 30pm-3","[{""need"": ""manager certified"", ""gain"": 3}, {""need"": ""certified project"", ""gain"": 3}, {""need"": ""pmp"", ""gain"": 3}, {""need"": ""regulated reporting"", ""gain"": 3}, {""need"": ""reporting programs"", ""gain"": 3}]",Unverifiable mandatory gate — confirm manually: licence/certification,"{""skill_match"": 0.1724, ""experience_fit"": 0.54, ""domain"": 0, ""education"": 1.0, ""achievement"": 0.8571, ""trajectory"": 1.0}",adzuna,aggregator,,,2026-07-30T15:24:26Z,,,,[],[],[],[],[],[],,,,"certified, regulated, reporting, programs, banking, financial, services, global, location, remote, shift, central",over_senior,stated,10-14,"asks for 10-14 years, above your 8-year ceiling","Certified Project Manager (PMP) – Regulated Reporting Programs Location: Remote (India) Shift: US Central Time-6:30PM-3:30AM Experience: 10–14 Years Domain: Banking / Financial Services (Mandatory) Omnicom Global Solutions (OGS) is looking for an experienced Certified Project Manager (PMP ) to lead regulated reporting and compliance programs for global clients. If you have extensive project management experience within the banking or financial services industry and enjoy driving complex, cross-…"
no,,,14,Oracle Project Manager,Coforge,"Noida, Ghaziabad",https://www.adzuna.in/land/ad/5818523695?se=SEn9ELma8RGVcZyokYtSjw&utm_medium=api&utm_source=195aa6d0&v=190F902E54B6CC1858108DAB8D8B6CAC795A8383,36,41,1,weak,0.32,0/0,,"[{""need"": ""oracle project manager"", ""gain"": 1}, {""need"": ""title"", ""gain"": 1}, {""need"": ""senior oracle"", ""gain"": 1}, {""need"": ""oracle project"", ""gain"": 1}, {""need"": ""manager key"", ""gain"": 1}]",,"{""skill_match"": 0.125, ""experience_fit"": 0.5, ""domain"": 0, ""education"": 1.0, ""achievement"": 0.8571, ""trajectory"": 1.0}",adzuna,aggregator,,,2026-07-28T21:18:02Z,,,,[],[],[],[],[],[],,,,"oracle, senior, title, functional, expertise, latest, technologies, location, greater, noida, coforge, hiring",over_senior,stated,12-16,"asks for 12-16 years, above your 8-year ceiling","Job Title - Senior Oracle Project Manager Key Skills - Oracle project Management, Oracle Cloud Project Management, Functional and Technical Expertise on latest Oracle Cloud Technologies Experience - 12 - 16 years Location - Greater Noida We at Coforge are hiring a Senior Oracle Project Manager with following skillset: Lead and manage multiple Oracle large scale projects from initiation to closure, ensuring alignment with business objectives. Develop project plans, timelines, and budgets, and mo…"
