applied,applied_on,match_feedback,score,title,company,location,url,frozen_score,legacy_score,percentile,band,jd_difficulty,must_coverage,missing_must,top_gaps,score_flags,sub_scores,company_tier,company_basis,company_evidence,source,apply_channel,salary_min,salary_max,updated_at,resume_docx,resume_pdf,tailored_summary,bullets_to_lead_with,rewritten_bullets,keywords_to_add_if_true,fit_exact,fit_partial,fit_gaps,outreach_note,change_log,honest_gap_note,missing_keywords,exp_verdict,exp_confidence,exp_required,exp_why,description_snippet
no,,,71,Program Manager – Digital Lending Blue First Consulting,The Corporate Institute,"Bengaluru, Karnataka",https://www.jobleads.com/in/job/program-manager-digital-lending-blue-first-consulting--bengaluru--e9a94b5fb2ce12e402628b5a16426f8a8?utm_campaign=google_jobs_apply&utm_source=google_jobs_apply&utm_medium=organic,60,65,96,strong,0.56,2/6,"credit assessment, cross-functional collaboration, analytical and structured problem-solving, advanced Excel","[{""need"": ""credit assessment"", ""gain"": 5}, {""need"": ""cross-functional collaboration"", ""gain"": 5}, {""need"": ""analytical and structured problem-solving"", ""gain"": 5}, {""need"": ""advanced Excel"", ""gain"": 5}, {""need"": ""credit/risk"", ""gain"": 3}]","Unverifiable mandatory gate — confirm manually: Bangalore (5 days, work from office)","{""skill_match"": 0.4805, ""experience_fit"": 1.0, ""domain"": 1, ""education"": 1.0, ""achievement"": 1, ""trajectory"": 1.0}",adjacent,jd_self_description,"JD describes itself: ""We are looking for a high-ownership Program Manager – Digital Lending to drive strategic and execution-focused programs across""",serpapi,aggregator,,,15 days ago,data/resumes/2026-09-09/The_Corporate_Institute_Program_Manager_Digital_Lending_Blue_Fir/Mehul_Agarwal.docx,data/resumes/2026-09-09/The_Corporate_Institute_Program_Manager_Digital_Lending_Blue_Fir/Mehul_Agarwal.pdf,"Product manager with 4+ years of experience across digital lending, consumer lending, loan marketplaces, and fintech platforms at Bajaj Finance. Possesses deep expertise in managing the end-to-end lending funnel, lender allocation, credit criteria, and cross-functional programs across business, product, technology, and risk teams. Proven track record of optimizing approval rates, conversion rates, and disbursal efficiency while scaling digital lending products.","[""Designed and shipped the MCP (Minimum Credit Parameters) Master and Lead Allocation Master — a two-sided matching engine that scores ~90,000 leads/month against each partner’s credit criteria and routes every lead to its best-fit lender, lifting lead-to-login conversion 40% and lead-to-disbursal from 0.5% to 0.7% at a ~40% approval rate and 50% match rate."", ""Grew the live partner network from 4 to 6 lenders (2 more in build), negotiating lead-exchange and commission economics with Legal, Business, and Technology so a single customer can be matched against multiple partners’ criteria and monetised through distribution."", ""Built a lead-reassignment model that re-routes customers declined by their first partner to the next-best match on the priority list, recovering demand that would otherwise be lost and raising overall utilisation of every lead acquired.""]","[{""original"": ""Own the business side of digital acquisition for the mortgage portfolio (Home Loans, LAP, Balance Transfer, Top-up), carrying the disbursal number for an online channel at ~₹100 Cr/month (~₹1,200 Cr annualised), up from ~₹80 Cr, against a full-year mandate of ~₹1,500 Cr."", ""rewritten"": ""Own the business side of digital acquisition for the mortgage portfolio, executing programs to carry the disbursal number for an online channel at ~₹100 Cr/month (~₹1,200 Cr annualised), up from ~₹80 Cr, against a full-year mandate of ~₹1,500 Cr.""}, {""original"": ""Part of a ~20-member cross-functional pod (product, engineering, growth, CX, analytics) with 2 direct reports, aligning 10 functions — Business, Sales, Call Centre, Credit Policy, Risk, Legal, Compliance, IT, CX, and Marketing."", ""rewritten"": ""Worked closely within a ~20-member cross-functional pod (product, engineering, growth, CX, analytics) with 2 direct reports, coordinating closely across 10 functions including Business, Sales, Call Centre, Credit Policy, Risk, Legal, Compliance, IT, CX, and Marketing.""}, {""original"": ""Define the capability roadmap and requirements for the channel as its business owner — translating the disbursal target into product, policy, and partner asks for Technology, Credit, and Legal to build against."", ""rewritten"": ""Managed and defined the capability roadmap and requirements for the channel as its business owner, translating disbursal targets into product, policy, and partner initiatives for Technology, Credit, and Legal.""}, {""original"": ""Rebuilt the application journey with UI/UX — cutting drop-off 40% and completion time 15%, lifting completed applications 30% and automating 22% more of the journey end-to-end through straight-through processing."", ""rewritten"": ""Rebuilt the digital lending application journey with UI/UX to improve operational processes, cutting drop-off 40% and completion time 15%, lifting completed applications 30% and automating 22% more of the journey through straight-through processing.""}]","[""Digital Lending"", ""Consumer Lending"", ""Lending Partnerships"", ""Funnel & Conversion Optimisation"", ""Stakeholder Management"", ""Process Automation"", ""SQL"", ""Excel"", ""Agile/Scrum""]","[""4-6 years of overall experience"", ""Strong experience in digital lending, consumer lending, NBFCs, or lending technology platforms"", ""Strong understanding of the digital lending lifecycle, including application, underwriting/credit decisioning, approval, lender allocation, documentation, and disbursal"", ""Experience managing cross-functional programs involving business, product, technology, credit/risk, and operations teams"", ""Strong analytical and structured problem-solving capabilities""]","[""Advanced Excel skills are mandatory (CV lists MS Excel, but proficiency level is not explicitly qualified as advanced)"", ""Experience working with banks, NBFCs, lending partners, or digital lending platforms (CV shows NBFC experience and partner network management, but does not explicitly name banks)""]","[""Formal job titles matching 'Program Manager' (candidate's titles are Product Manager and Digital Marketing Associate)""]","Hi, I saw the Program Manager – Digital Lending role and wanted to connect. With 3+ years in consumer lending at Bajaj Finance managing a 9-partner network, lender allocation engines, and digital loan funnels, I drive similar execution outcomes. Let's connect if you're exploring profiles.","Summary rewritten for this JD; 4 bullet(s) reworded to JD vocabulary (metrics preserved verbatim); Bullets reprioritized in: Product Manager - Home Loans; Skill groups reordered (Business, Growth & Partnerships first)","The CV shows strong product management experience in digital lending, but does not contain formal job titles explicitly containing 'Program Manager'.","initiatives, programs, identify, program, processes, operational, credit/risk, execution, manage, dependencies, coordinate, closely",good_fit,stated,4-6,"asks for 4-6 years, you have 4","Role: Program Manager – Digital Lending


Location: Bangalore (5 days, work from office)


Experience: 4-6 years


About the Role:
We are looking for a high-ownership Program Manager – Digital Lending to drive strategic and execution-focused programs across its digital lending business.


The role will own and coordinate initiatives across the end-to-end digital lending lifecycle – customer acquisition/application, credit assessment, lender allocation, approval, offer generation, documentation, and disbursal.


You will work closely with lending partners, credit/risk, product, engineering, business, operations, and customer experience teams to identify bottlenecks, improve lending funnel metrics, launch new initiatives, and build scalable lending processes.


This is a highly cross-functional role requiring a combination of program management, lending domain knowledge, analytical problem-solving, and strong execution capabilities.


Key Responsibilities:

Own and drive key digital lending programs and initiatives from planning through execution and measurable business outcomes.
Manage the end-to-end lending funnel, from customer application and credit evaluation through lender approval and final disbursal.
Identify bottlenecks across the lending journey and drive initiatives to improve approval rates, conversion rates, disbursal rates, and turnaround time (TAT).
Work closely with lending partners to improve credit decisioning, lender allocation, approval rates, operational processes, and disbursal efficiency.
Coordinate with product and engineering teams to implement lending workflows, lender integrations, process improvements, and automation initiatives.
Work with credit/risk teams to understand rejection patterns, approval criteria, policy changes, and opportunities to improve portfolio and funnel performance.
Track critical lending metrics and build structured reporting around applications, approvals, rejections, conversions, disbursals, lender performance, and T"
no,,,63,Alliance Manager-Digital Lending,Ujjivan small finance bank limited,"Bengaluru, Karnataka",https://www.jobaaj.com/job/ujjivan-small-finance-bank-limited-alliance-manager-digital-lending-bengaluru-bangalore-karnataka-5-to-8-years-797229?utm_campaign=google_jobs_apply&utm_source=google_jobs_apply&utm_medium=organic,55,59,76,competitive,0.28,0/1,handling Fintech partnerships/banking Partnerships,"[{""need"": ""handling Fintech partnerships/banking Partnerships"", ""gain"": 13}, {""need"": ""Data and MIS reporting"", ""gain"": 6}, {""need"": ""Anchor Led Dealer finance/vendor finance"", ""gain"": 4}, {""need"": ""SID/PID"", ""gain"": 4}]",,"{""skill_match"": 0.3833, ""experience_fit"": 0.804, ""domain"": 1, ""education"": 1.0, ""achievement"": 1, ""trajectory"": 1.0}",unknown,unknown,,serpapi,aggregator,,,,data/resumes/2026-09-09/Ujjivan_small_finance_bank_limited_Alliance_Manager_Digital_Lending/Mehul_Agarwal.docx,data/resumes/2026-09-09/Ujjivan_small_finance_bank_limited_Alliance_Manager_Digital_Lending/Mehul_Agarwal.pdf,"Product manager with 4+ years of experience across digital product, growth, and partnerships in consumer lending at Bajaj Finance. Proven track record of scaling digital lending channels, growing live partner networks, and managing cross-functional alignment across technical and business functions. Experienced in owning business outcomes, lead allocation matching engines, and strategic alliances to drive digital growth.","[""Grew the live partner network from 4 to 6 lenders (2 more in build), negotiating lead-exchange and commission economics with Legal, Business, and Technology so a single customer can be matched against multiple partners’ criteria and monetised through distribution."", ""Designed and shipped the MCP (Minimum Credit Parameters) Master and Lead Allocation Master — a two-sided matching engine that scores ~90,000 leads/month against each partner’s credit criteria and routes every lead to its best-fit lender, lifting lead-to-login conversion 40% and lead-to-disbursal from 0.5% to 0.7% at a ~40% approval rate and 50% match rate."", ""Part of a ~20-member cross-functional pod (product, engineering, growth, CX, analytics) with 2 direct reports, aligning 10 functions — Business, Sales, Call Centre, Credit Policy, Risk, Legal, Compliance, IT, CX, and Marketing.""]","[{""original"": ""Grew the live partner network from 4 to 6 lenders (2 more in build), negotiating lead-exchange and commission economics with Legal, Business, and Technology so a single customer can be matched against multiple partners’ criteria and monetised through distribution."", ""rewritten"": ""Developed and negotiated partnerships by initiating and managing relationships with lending partners, growing the live partner network from 4 to 6 lenders while handling internal stakeholders across legal, business, and tech.""}, {""original"": ""Designed and shipped the MCP (Minimum Credit Parameters) Master and Lead Allocation Master — a two-sided matching engine that scores ~90,000 leads/month against each partner’s credit criteria and routes every lead to its best-fit lender, lifting lead-to-login conversion 40% and lead-to-disbursal from 0.5% to 0.7% at a ~40% approval rate and 50% match rate."", ""rewritten"": ""Designed and shipped lead allocation and distribution engines that process ~90,000 leads/month against partner credit criteria, tracking business performance through conversion and disbursal metrics.""}, {""original"": ""Part of a ~20-member cross-functional pod (product, engineering, growth, CX, analytics) with 2 direct reports, aligning 10 functions — Business, Sales, Call Centre, Credit Policy, Risk, Legal, Compliance, IT, CX, and Marketing."", ""rewritten"": ""Managed internal stakeholders and liaised with different departments like tech, ops, risk, legal, compliance, and IT to align cross-functional teams across 10 functions.""}]","[""partnerships"", ""alliances"", ""stakeholder management"", ""digital lending"", ""lead allocation"", ""lending-partner integrations""]","[""Experience managing digital lending partnerships and alliances"", ""Coordination with internal departments like legal, ops, risk, and tech for program execution"", ""Tracking performance through business and credit metrics like disbursements""]","[""Experience level: JD asks for 5-8 years of experience of handling Fintech partnerships/banking Partnerships, whereas candidate has 4+ years total across product, growth, and partnerships (3+ at Bajaj Finance)""]","[""Specific experience with anchor-led dealer finance/vendor finance, Digital Business Loans, or SID/PID as requested in the JD"", ""Direct experience working within a Small Finance Bank's core banking system infrastructure""]","Hi, I lead digital growth and lending partnerships at Bajaj Finance, scaling our partner network and managing lead allocation across multiple lenders. I'd love to bring my experience in structuring partnerships and cross-functional execution to Ujjivan SFB's alliance team. Let's connect!","Summary rewritten for this JD; Bullets reprioritized in: Product Manager - Home Loans; Skill groups reordered (Business, Growth & Partnerships first)","The JD asks for 5-8 years of experience specifically handling fintech or banking partnerships, whereas the candidate has 4+ years of total experience with 3+ years in consumer lending at Bajaj Finance.","fintech, internal, different, tech, transaction, system, onboarding, timely, activities, handling, ensuring, various",good_fit,stated,5-8,"asks for 5-8 years, you have 4","ROLE PURPOSE & OBJECTIVEDevelop new partnerships and alliances by initiating, structuring, negotiating and maintaining relationships with SME Lending Fintechs to drive revenue growth for the organization.Take full ownership of identifying, onboarding, taking live and scaling Fintech partnershipsManage internal stakeholder and liaise with different departments like tech, ops, risk, infosec, legal etc. to ensure everyones timely approval for different activities.Work with Fintech partners to start and scale different lending products and programs like Anchor Led Dealer finance/vendor finance, Digital Business Loans, SID/PID etc.Develop program notes and model and work with tech to integrate with partner.Projectize the partnership engagement and undertake all activities necessary for on time go live,Handling post go live activities like ensuring continuous business from different Fintech partners.Handling and monitoring the Fintech based transactions by liaising with the Fintech partner team and Internal Transaction team.Maintaining Data and MIS for various reporting and presentations.2.KEY DUTIES & RESPONSIBILITIES OF THE ROLEBusiness/ FinancialsHelp bank for executing engagements with Fintech, technology companies in Digital lending domain for achieving targeted business numbers.Help in processing of customer onboarding from Fintech channel.Track performance of the business through MISs on various business and credit parameters like disbursements, no. of accounts, fees, delinquencies, etc.Customer (Both Internal & External)To work towards automation and credit automation in order to provide consistency in decision making and faster TATs.Understand Banks infra and core banking system and help in implementing solutions to go live faster.Internal ProcessCoordinate with internal functions like legal, ops, credit and tech for faster go live.Coordinate with Fintech partner, Credit and Operations teams for ensuring timely processing of proposals on system, customer ID creat"
no,,,61,DMI Finance - Product Manager - Direct Platforms,DMI Finance Private Limited,"New Delhi, Delhi",https://www.iimjobs.com/j/dmi-finance-product-manager-direct-platforms-1696841?utm_campaign=google_jobs_apply&utm_source=google_jobs_apply&utm_medium=organic,63,65,79,competitive,0.4,2/4,"Product development, positioning, and go-to-market execution, Financial services (Fintech, NBFC, Banking) or B2C experience","[{""need"": ""Product development, positioning, and go-to-market execution"", ""gain"": 6}, {""need"": ""Financial services (Fintech, NBFC, Banking) or B2C experience"", ""gain"": 6}, {""need"": ""Cross-functional execution and collaboration"", ""gain"": 3}, {""need"": ""Product roadmap definition and delivery"", ""gain"": 3}, {""need"": ""Customer insights and analytics"", ""gain"": 3}]",,"{""skill_match"": 0.2875, ""experience_fit"": 1.0, ""domain"": 1, ""education"": 1.0, ""achievement"": 1, ""trajectory"": 1.0}",unknown,unknown,,serpapi,aggregator,,,,data/resumes/2026-09-09/DMI_Finance_Private_Limited_DMI_Finance_Product_Manager_Direct_Platf/Mehul_Agarwal.docx,data/resumes/2026-09-09/DMI_Finance_Private_Limited_DMI_Finance_Product_Manager_Direct_Platf/Mehul_Agarwal.pdf,"Product manager with 4+ years of digital product, growth, and lending experience, including owning the Personal Loan digital platform at Bajaj Finance at ~15 lakh Form-1 submissions/month. Experienced in launching and scaling consumer-facing lending applications on app and web, driving funnel optimization, A/B testing, and cross-functional execution. B.Tech graduate with a strong data-first mindset, expertise in SQL, and a proven track record of shipping product roadmaps and improving user conversion.","[""Owned the Personal Loan digital platform (app and web) at ~15 lakh Form-1 submissions/month, turning business and credit requirements into shipped capability while the channel scaled from ~₹400 Cr to ~₹1,100 Cr in monthly disbursals through a period of sector-wide tightening in consumer credit."", ""Rebuilt the application journey with UI/UX — cutting drop-off 40% and completion time 15%, lifting completed applications 30% and automating 22% more of the journey end-to-end through straight-through processing."", ""Lifted conversion 23% and user acquisition 14% by instrumenting the journey in Google Analytics and CleverTap, isolating the cohorts that dropped, and sequencing fixes by revenue impact rather than ticket count.""]","[{""original"": ""Ran the full product lifecycle for platform releases — requirement intake, PRDs, design, build, QA, deployment, and post-launch iteration — as the primary interface between business stakeholders and Engineering on scope, trade-offs, and release status."", ""rewritten"": ""Executed the full product lifecycle for platform releases through cross-functional collaboration and engineering alignment — requirement intake, PRDs, design, build, QA, deployment, and post-launch iteration.""}, {""original"": ""Lifted conversion 23% and user acquisition 14% by instrumenting the journey in Google Analytics and CleverTap, isolating the cohorts that dropped, and sequencing fixes by revenue impact rather than ticket count."", ""rewritten"": ""Tracked funnel conversions, product adoption, and user behavior using analytics tools like Google Analytics and CleverTap, lifting conversion 23% and user acquisition 14% through data-driven optimization.""}]","[""mobile"", ""insights"", ""understanding"", ""execution"", ""collaboration""]","[""BTech education requirement"", ""3-4 years of experience in Product Management"", ""Experience launching and scaling high user-volume consumer-facing products in India (1M+ users supported by ~15 lakh Form-1 submissions/month)"", ""Prior experience in financial services / NBFC / lending"", ""Experience in funnel optimization and A/B testing across web and app journeys"", ""Good understanding of SQL""]","[""Experience with specific tools: CV demonstrates Google Analytics, CleverTap, Looker Studio, Azure DevOps, and Figma, but does not explicitly mention JIRA, WebEngage, AppsFlyer, or Firebase.""]","[""Direct product management experience on UPI, Bill Payments, or Zest platforms specifically.""]","Hi, I lead digital lending platforms at Bajaj Finance managing ~15 lakh monthly submissions and scaled our consumer loan app journey. I'd love to bring my expertise in mobile app roadmaps, funnel optimization, and data-driven product growth to DMI Finance's Direct Platforms team.",Summary rewritten for this JD; 2 bullet(s) reworded to JD vocabulary (metrics preserved verbatim); Skill items resequenced toward JD mentions,"The CV does not explicitly mention experience with JIRA, WebEngage, AppsFlyer, or Firebase, nor specific product ownership of UPI and Bill Payments platforms.","platforms, execution, collaboration, needs, deliver, mobile, track, these, features, insights, understanding, existing",good_fit,stated,3-4,"asks for 3-4 years, you have 4","Job Purpose:

As a product manager, you'll play a crucial role in solving problems for our customers to deliver value for them and help build a sustainable business for DMI Finance. 

This role will cover the overall vision and execution for the digital platforms such as DMI mobile app, website and zest platforms. This role will work in the teams working together to improve customer experience, making the platforms relevant for customers during the lending relationship and beyond.

Principal Accountabilities:

Define, Build and Execute on Roadmap 

 1) Build and deliver product roadmap same through cross-functional execution and collaboration. Set well defined metrics, key results to track the performance of various initiatives for these Platforms.

2) Collaborate with engineers, data scientists, customer service team, operations, marketing and other stakeholders in solutioning and prioritizing these concepts and programs. 

3) Partner with engineering, and other stakeholders to scope and build features that solve and create new opportunities.

4) Work to ensure onboarding customers for new products such as UPI, Loans, Bill Payments etc. are done timely.

5) Experimentation to drive outcomes: Carry out small experiments and iterate the solutions thereby creating business impact. 

Customer insights and analytics 

1) Gain a deep understanding of customer experience, identify, and fill product gaps and generate new ideas that improve customer experience and drive growth.

2) Determine customers' needs and desires by speaking with customers and conducting research needed to obtain market information. 

3) Collect and analyze feedback from end-users, stakeholders, and other teams to shape requirements, features, and end products. 

4) Speak to customers regularly for new and existing needs

 Product Analytics / Research

1) Form and test hypothesis using data from in built analytics, funnels, database & other sources.

2) Conduct market research and develop insights in"
no,,,59,Business Analyst -Credit Risk,Payu,"Gurugram, Haryana",https://www.shine.com/jobs/business-analyst-credit-risk/payu/19455397?utm_campaign=google_jobs_apply&utm_source=google_jobs_apply&utm_medium=organic,49,47,68,competitive,0.29,1/3,"Problem-solving abilities, Proficiency in at least one technical language (R, SAS, Python, or SQL)","[{""need"": ""Problem-solving abilities"", ""gain"": 8}, {""need"": ""Proficiency in at least one technical language (R, SAS, Python, or SQL)"", ""gain"": 8}, {""need"": ""Data science methodologies"", ""gain"": 4}, {""need"": ""Advanced analytics"", ""gain"": 4}]",,"{""skill_match"": 0.4282, ""experience_fit"": 0.83, ""domain"": 0.75, ""education"": 1.0, ""achievement"": 1, ""trajectory"": 1.0}",unknown,unknown,,serpapi,aggregator,,,27 days ago,data/resumes/2026-09-09/Payu_Business_Analyst_Credit_Risk/Mehul_Agarwal.docx,data/resumes/2026-09-09/Payu_Business_Analyst_Credit_Risk/Mehul_Agarwal.pdf,"Product manager with 4+ years of experience across digital product, growth, and credit partnerships at Bajaj Finance, India's largest retail NBFC. Experienced in defining credit parameters, designing lead allocation engines, and partnering with credit policy and risk teams to manage mortgage and personal loan portfolios. Holds a B.Tech degree and brings strong SQL skills, stakeholder management, and cross-functional leadership in lending and credit.","[""Designed and shipped the MCP (Minimum Credit Parameters) Master and Lead Allocation Master — a two-sided matching engine that scores ~90,000 leads/month against each partner’s credit criteria and routes every lead to its best-fit lender, lifting lead-to-login conversion 40% and lead-to-disbursal from 0.5% to 0.7% at a ~40% approval rate and 50% match rate."", ""Define the capability roadmap and requirements for the channel as its business owner — translating the disbursal target into product, policy, and partner asks for Technology, Credit, and Legal to build against."", ""Part of a ~20-member cross-functional pod (product, engineering, growth, CX, analytics) with 2 direct reports, aligning 10 functions — Business, Sales, Call Centre, Credit Policy, Risk, Legal, Compliance, IT, CX, and Marketing.""]","[{""original"": ""Designed and shipped the MCP (Minimum Credit Parameters) Master and Lead Allocation Master — a two-sided matching engine that scores ~90,000 leads/month against each partner’s credit criteria and routes every lead to its best-fit lender, lifting lead-to-login conversion 40% and lead-to-disbursal from 0.5% to 0.7% at a ~40% approval rate and 50% match rate."", ""rewritten"": ""Designed and shipped credit parameter rules and a matching engine that scores ~90,000 leads/month against credit criteria and routes every lead, lifting lead-to-login conversion 40% and lead-to-disbursal from 0.5% to 0.7% at a ~40% approval rate and 50% match rate.""}, {""original"": ""Define the capability roadmap and requirements for the channel as its business owner — translating the disbursal target into product, policy, and partner asks for Technology, Credit, and Legal to build against."", ""rewritten"": ""Collaborated across Business, Technology, and Credit policy to define capability roadmaps and requirements, translating targets into risk and product strategies.""}, {""original"": ""Made the call to optimise for qualified demand over raw lead volume, accepting lower lead counts — feeding qualification outcomes back into campaign targeting to cut cost per lead 33%, from ~₹1,350 to ~₹900."", ""rewritten"": ""Optimised acquisition strategies for qualified demand over raw lead volume, feeding qualification outcomes back into campaign targeting to cut cost per lead 33%, from ~₹1,350 to ~₹900.""}]","[""SQL"", ""Stakeholder Management"", ""Cross-functional"", ""Analytics""]","[""Bachelor's degree (B.Tech from Manipal Institute of Technology)"", ""Strong problem-solving abilities with communication and stakeholder management skills"", ""Proficiency in technical language (SQL)"", ""Collaboration across Business, Product, and Technology teams""]","[""Credit risk management strategies: CV shows experience working with credit policy, risk teams, and credit parameters in consumer lending, but does not explicitly title past roles as 'Credit Risk Analyst'.""]","[""Direct hands-on experience using R, SAS, or Python (CV lists SQL, Google Analytics, Excel, etc.)"", ""Specific 1-2 years of direct experience titled in Credit Risk Policy / Risk Analytics or Business Analytics / Business Strategy (candidate has 4+ years in product management and digital growth within lending)""]","Hi, I saw the BA-Credit Risk role at PayU. With 4+ years in consumer lending at Bajaj Finance—including designing credit parameter engines and working directly with credit policy teams—I bring strong SQL and cross-functional execution skills. Would love to connect about this opportunity.",Summary rewritten for this JD; 3 bullet(s) reworded to JD vocabulary (metrics preserved verbatim); Bullets reprioritized in: Product Manager - Home Loans; Skill groups reordered (Data & Tools first); Skill items resequenced toward JD mentions,"The CV does not demonstrate explicit direct experience in a dedicated Credit Risk Policy or Risk Analytics role, nor does it list proficiency in R, SAS, or Python.","payu, strategies, details, position, division, track, record, innovation, merchant, alternative, traditional, sources",good_fit,stated,1-2,"asks for 1-2 years, you have 4","Job Description PAYU PAYMENTS PRIVATE LIMITED Job Details Position Title BA-Credit Risk Company PayU Finance Location: Gurgaon (preferable) About Us PayU Finance stands as the premier credit and lending division of the PayU brand, a wholly-owned subsidiary of the globally renowned Prosus group (formerly Naspers group) headquartered in Amsterdam, Netherlands. With an impressive track record of disbursing over $280 million in consumer credit and approximately 20 billion loans by volume, we have established ourselves as a market leader in financial technology innovation. PayU Finance provides consumers and merchants with easy access to affordable short-term/medium-term loans.


About Role
This pivotal position sits at the intersection of innovation and expansion within our embedded merchant lending division at PayU Finance. As a key contributor, you will be instrumental in our 0 to 1 scaling journey, where your expertise will drive the transformation of how we leverage both alternative and traditional data sources to extend credit to underserved/new market segments.


Your impact will be realized through the strategic application of advanced analytics, cutting-edge data science methodologies, and deep domain knowledge. Role Details - Develop and implement credit risk management strategies ensuring lending activities are prudent, profitable, and compliant with regulations


Design credit policies using traditional and alternative data sources to optimize risk-adjusted returns while meeting business objectivesPartner with senior leadership and partners to establish scalable risk frameworks that support our hyper-growth trajectoryEstablish and refine acquisition and customer management strategies specifically tailored for our merchant lending businessCollaborate across Business, Data Science, Product, and Technology teams to create customer-centric solutions that enable prudent scalingWork directly with C-suite executives to ensure appropriate risk strategies are implemen"
no,,,48,"Junior Product Manager, Fintech Platform",INDmoney,"Bengaluru, Karnataka",https://www.jobaaj.com/job/indmoney-junior-product-manager-fintech-platform-bangalore-0-to-1-years-821667?utm_campaign=google_jobs_apply&utm_source=google_jobs_apply&utm_medium=organic,43,50,57,borderline,0.5,3/12,"Prioritize features, Track product performance metrics, Defining product specifications and user stories, Working with engineering to develop and launch features, Measuring and reporting on product performance, Collaborating with marketing on product launches, Managing stakeholder communication, Understanding of agile development methodologies, Excellent communication and collaboration skills","[{""need"": ""Prioritize features"", ""gain"": 4}, {""need"": ""Track product performance metrics"", ""gain"": 4}, {""need"": ""Defining product specifications and user stories"", ""gain"": 4}, {""need"": ""Working with engineering to develop and launch features"", ""gain"": 4}, {""need"": ""Measuring and reporting on product performance"", ""gain"": 4}]",,"{""skill_match"": 0.2678, ""experience_fit"": 0.85, ""domain"": 0.7, ""education"": 1.0, ""achievement"": 1, ""trajectory"": 1.0}",adjacent,allowlist,'INDmoney' is on the company allowlist under 'wealthtech_investment',serpapi,aggregator,,,,data/resumes/2026-09-09/INDmoney_Junior_Product_Manager_Fintech_Platform/Mehul_Agarwal.docx,data/resumes/2026-09-09/INDmoney_Junior_Product_Manager_Fintech_Platform/Mehul_Agarwal.pdf,"Product manager with 4+ years of experience across digital product, growth, and fintech platforms, specializing in consumer lending and digital acquisition. Experienced in managing full product lifecycles, gathering requirements, prioritizing features, and collaborating with cross-functional engineering, design, and marketing teams. Proficient in product analytics tools and agile development methodologies to track performance metrics and drive user conversion.","[""Ran the full product lifecycle for platform releases — requirement intake, PRDs, design, build, QA, deployment, and post-launch iteration — as the primary interface between business stakeholders and Engineering on scope, trade-offs, and release status."", ""Lifted conversion 23% and user acquisition 14% by instrumenting the journey in Google Analytics and CleverTap, isolating the cohorts that dropped, and sequencing fixes by revenue impact rather than ticket count."", ""Owned the Personal Loan digital platform (app and web) at ~15 lakh Form-1 submissions/month, turning business and credit requirements into shipped capability while the channel scaled from ~₹400 Cr to ~₹1,100 Cr in monthly disbursals through a period of sector-wide tightening in consumer credit.""]","[{""original"": ""Ran the full product lifecycle for platform releases — requirement intake, PRDs, design, build, QA, deployment, and post-launch iteration — as the primary interface between business stakeholders and Engineering on scope, trade-offs, and release status."", ""rewritten"": ""Collaborated with engineering, design, and stakeholders to manage the product lifecycle for platform releases — requirement intake, PRDs, design, build, QA, deployment, and post-launch iteration — defining product specifications and managing release status.""}, {""original"": ""Lifted conversion 23% and user acquisition 14% by instrumenting the journey in Google Analytics and CleverTap, isolating the cohorts that dropped, and sequencing fixes by revenue impact rather than ticket count."", ""rewritten"": ""Tracked product performance metrics and user behavior by instrumenting the journey in Google Analytics and CleverTap, isolating dropped cohorts to lift conversion 23% and user acquisition 14%.""}, {""original"": ""Rebuilt the application journey with UI/UX — cutting drop-off 40% and completion time 15%, lifting completed applications 30% and automating 22% more of the journey end-to-end through straight-through processing."", ""rewritten"": ""Gathered user requirements to rebuild the application journey with UI/UX — cutting drop-off 40% and completion time 15%, lifting completed applications 30% and automating 22% more of the journey end-to-end.""}]","[""Product Management"", ""Agile/Scrum"", ""Requirement Gathering"", ""Google Analytics"", ""Stakeholder Management""]","[""Gathering user requirements and defining product specifications/PRDs"", ""Working with engineering teams to develop and launch features"", ""Measuring and reporting on product performance using analytics tools"", ""Managing stakeholder communication and collaborating across cross-functional teams""]","[""Product management experience: CV has 4+ years of experience, which exceeds the preferred 0-1 years entry-level bracket specified in the JD."", ""Understanding of agile development methodologies: Supported by Agile/Scrum in CORE SKILLS, though specific sprint planning is less explicitly detailed as a primary daily task.""]","[""Bachelor's degree in Computer Science, Engineering, or related field: Candidate holds a B.Tech (specific branch not listed as Computer Science) and an MBA.""]","Hi, I'm Mehul, a Product Manager with 4+ years of experience building digital platforms and managing full product lifecycles at Bajaj Finance. I've spent my career gathering requirements, collaborating with engineering, and tracking performance metrics via tools like Google Analytics. I'd love to bring this execution experience to INDmoney's Fintech platform.",Summary rewritten for this JD; 3 bullet(s) reworded to JD vocabulary (metrics preserved verbatim); Skill groups reordered (Product & Delivery first); Skill items resequenced toward JD mentions,"The job description requests a Bachelor's degree in Computer Science or Engineering, whereas the candidate holds a B.Tech and an MBA.","development, play, contribute, execution, indmoney, fintech, collaborate, teams.what, gather, prioritize, features, track",good_fit,stated,0-1,"asks for 0-1 years, you have 4","What role you will play in team: Contribute to the overall product strategy and execution of INDmoney's Fintech platform. Collaborate with engineering, design, and marketing teams.What you will do: Gather user requirements, prioritize features, and track product performance metrics.Key responsibility:Market research and competitive analysis.Defining product specifications and user stories.Working with engineering to develop and launch features.Measuring and reporting on product performance.Collaborating with marketing on product launches.Managing stakeholder communication.Required Qualification and Skills:Bachelor's degree in Computer Science, Engineering, or related field.0-1 years of experience in product management preferred (Entry Level).Understanding of agile development methodologies.Excellent communication and collaboration skills.Experience with product analytics tools.Benefits Included:Competitive salary and benefits package.Opportunities for professional development.Stock options.Great work environment.A Day in the Life: A day involves meetings with the team, analyzing data, planning sprints, and collaborating on product development."
no,,,46,Trade & Working Capital Product Manager - Payments - Vice President,JP Morgan,"Mumbai, Maharashtra",https://getmereferred.com/job-listing/trade-&-working-capital-product-manager---payments---vice-president-jp-morgan-mumbai-5-to-10-years-experience-4f0dfccb-6e33-4ac3-ba0b-a34d7aeaf1b7?utm_campaign=google_jobs_apply&utm_source=google_jobs_apply&utm_medium=organic,57,51,62,competitive,0.63,1/7,"Trade & Working Capital, traditional and structured trade products, product development life cycle, technical design, and data analytics, organization, communication and management skills, creative and problem solver, presentation skills","[{""need"": ""Trade & Working Capital"", ""gain"": 4}, {""need"": ""traditional and structured trade products"", ""gain"": 4}, {""need"": ""product development life cycle, technical design, and data analytics"", ""gain"": 4}, {""need"": ""organization, communication and management skills"", ""gain"": 4}, {""need"": ""creative and problem solver"", ""gain"": 4}]",,"{""skill_match"": 0.1291, ""experience_fit"": 0.615, ""domain"": 1, ""education"": 1.0, ""achievement"": 1, ""trajectory"": 1.0}",unknown,unknown,,serpapi,aggregator,,,,data/resumes/2026-09-09/JP_Morgan_Trade_Working_Capital_Product_Manager_Pa/Mehul_Agarwal.docx,data/resumes/2026-09-09/JP_Morgan_Trade_Working_Capital_Product_Manager_Pa/Mehul_Agarwal.pdf,"Product manager with 4+ years of experience across digital product, growth, and cross-functional execution at Bajaj Finance. Proven ability to own end-to-end product lifecycles, lead cross-functional pods spanning Risk, Legal, Compliance, and IT, and scale financial portfolios. Holds an MBA in International Business and a B.Tech degree.","[""Part of a ~20-member cross-functional pod (product, engineering, growth, CX, analytics) with 2 direct reports, aligning 10 functions — Business, Sales, Call Centre, Credit Policy, Risk, Legal, Compliance, IT, CX, and Marketing."", ""Define the capability roadmap and requirements for the channel as its business owner — translating the disbursal target into product, policy, and partner asks for Technology, Credit, and Legal to build against."", ""Ran the full product lifecycle for platform releases — requirement intake, PRDs, design, build, QA, deployment, and post-launch iteration — as the primary interface between business stakeholders and Engineering on scope, trade-offs, and release status.""]","[{""original"": ""Define the capability roadmap and requirements for the channel as its business owner — translating the disbursal target into product, policy, and partner asks for Technology, Credit, and Legal to build against."", ""rewritten"": ""Manage product development and execution by defining capability roadmaps and requirements as a business owner — translating targets into product, policy, and partner asks for Technology, Credit, and Legal to build against.""}, {""original"": ""Ran the full product lifecycle for platform releases — requirement intake, PRDs, design, build, QA, deployment, and post-launch iteration — as the primary interface between business stakeholders and Engineering on scope, trade-offs, and release status."", ""rewritten"": ""Managed the product development lifecycle for releases — requirement intake, PRDs, design, build, QA, deployment, and iteration — acting as the primary interface between business stakeholders and Engineering on scope, trade-offs, and release status.""}, {""original"": ""Part of a ~20-member cross-functional pod (product, engineering, growth, CX, analytics) with 2 direct reports, aligning 10 functions — Business, Sales, Call Centre, Credit Policy, Risk, Legal, Compliance, IT, CX, and Marketing."", ""rewritten"": ""Collaborated within a ~20-member cross-functional pod with 2 direct reports, driving strong cross-functional alignment across 10 functions including Risk, Legal, Compliance, IT, Business, Sales, Call Centre, Credit Policy, CX, and Marketing.""}]","[""Product Management"", ""Product Strategy"", ""Stakeholder Management"", ""Risk"", ""Legal"", ""Compliance""]","[""Product management and development experience"", ""Cross-functional collaboration with Risk, Legal, and Compliance"", ""Masters or Post Graduate degree""]","[""Experience in Trade & Working Capital: CV shows extensive retail lending, consumer lending, and mortgage portfolio experience at an NBFC, but lacks traditional Trade Finance or Supply Chain Finance (SCF) domain expertise."", ""Delivery of revenue goals and product-specific initiatives: CV demonstrates carrying disbursal numbers and revenue/growth initiatives in retail lending, but not specifically for JP Morgan's T&WC division.""]","[""8+ years of experience in Trade & Working Capital with expertise in delivering traditional and structured trade products"", ""Experience within a Wholesale, Investment or Commercial bank""]","Hi, I saw the T&WC Product Manager role at J.P. Morgan and wanted to connect. At Bajaj Finance, I own product lifecycles, cross-functional execution across Risk, Legal, and Compliance, and partner ecosystems. My background in digital product execution and stakeholder management could bring immediate value.",Summary rewritten for this JD; 3 bullet(s) reworded to JD vocabulary (metrics preserved verbatim); Skill items resequenced toward JD mentions,The CV does not demonstrate 8+ years of experience in Trade & Working Capital or expertise in traditional and structured trade products.,"trade, solutions, development, capital, morgan, manage, capabilities, chain, traditional, corporations, financial, institutions",stretch,stated,8+,asks for 8+ years vs your 4,"Trade & Working Capital (“T&WC”) is a division of J.P. Morgan Payments.  T&WC connects counterparties with market-leading Supply Chain Finance (SCF), Receivables Finance, Working Capital Lending, Export Agency Finance (EAF), and Traditional Trade solutions.  Core  Trade is part of (T&WC) and includes Trade Loans, Commercial & Standby Letters of Credit, Guarantees, Corporate Draft Discounting, Documentary Collections and other Core Product offerings to corporations and financial institutions.  As a  Product Manager in India T&WC, you will be responsible for driving the product strategy, development, execution, maintenance and commercialization of the Core Trade and Supply Chain Finance (SCF) solutions that J.P. Morgan offers to corporations and financial institutions in India and South Asia.  The position will be based in Mumbai, reporting into the T&WC Product Head, India.    Job responsibilities  Manage the product development and execution by continuously adapting, developing new products and methodologies to achieve enhanced capabilities, reduce risk, increase operational efficiency, and propel revenue growth in alignment  with the global strategy  Deliver on  revenue goals, achieve expense targets, manage cost allocations and product-specific initiatives.   Ensure good understanding of the clients and markets, assess current client portfolio and identify opportunities to tweak existing business flows to grow J.P. Morgan wallet share from existing client base. Anticipate internal and external factors impacting business and implement plans to mitigate risks and capitalize on opportunities   Serve as the key point of connection with regulators, engagement with Audit and Business Controls.  Provide market updates, trends and guidance on new or changes to regulations impacting T&WC products and  solutions.  Interface with sales to provide technical product support, including for client pitch and response to RFP  Manage product level governance and risk and control en"
no,,,41,InCred- Associate Product Manager - APM ( Audit & Compliance),NextHire Consulting,"Mumbai, Maharashtra",https://builtin.com/job/incred-associate-product-manager-apm-audit-compliance/9644308?utm_campaign=google_jobs_apply&utm_source=google_jobs_apply&utm_medium=organic,43,37,28,weak,0.32,2/4,"Ability to translate requirements into product specifications, one-pagers, and user stories, Working knowledge of SQL & Excel and basic knowledge of APIs","[{""need"": ""Ability to translate requirements into product specifications, one-pagers, and user stories"", ""gain"": 6}, {""need"": ""Working knowledge of SQL & Excel and basic knowledge of APIs"", ""gain"": 6}, {""need"": ""End-to-End Ownership"", ""gain"": 3}, {""need"": ""Operational Visibility"", ""gain"": 3}, {""need"": ""Data & Requirement Precision"", ""gain"": 3}]",,"{""skill_match"": 0.24, ""experience_fit"": 0.83, ""domain"": 0.5, ""education"": 1.0, ""achievement"": 1, ""trajectory"": 1.0}",unknown,unknown,,serpapi,aggregator,,,16 days ago,data/resumes/2026-09-09/NextHire_Consulting_InCred_Associate_Product_Manager_APM_Aud/Mehul_Agarwal.docx,data/resumes/2026-09-09/NextHire_Consulting_InCred_Associate_Product_Manager_APM_Aud/Mehul_Agarwal.pdf,"Product Manager with 4+ years of experience across digital product, growth, and fintech lending at Bajaj Finance, owning end-to-end product execution, business requirements, and cross-functional stakeholder alignment. Demonstrated experience collaborating with Legal, Compliance, Risk, and IT to build product capabilities, manage complex requirements, and drive delivery. B.Tech graduate from Manipal Institute of Technology with strong data aptitude, SQL, and agile delivery experience.","[""Part of a ~20-member cross-functional pod (product, engineering, growth, CX, analytics) with 2 direct reports, aligning 10 functions — Business, Sales, Call Centre, Credit Policy, Risk, Legal, Compliance, IT, CX, and Marketing."", ""Ran the full product lifecycle for platform releases — requirement intake, PRDs, design, build, QA, deployment, and post-launch iteration — as the primary interface between business stakeholders and Engineering on scope, trade-offs, and release status."", ""Define the capability roadmap and requirements for the channel as its business owner — translating the disbursal target into product, policy, and partner asks for Technology, Credit, and Legal to build against.""]","[{""original"": ""Ran the full product lifecycle for platform releases — requirement intake, PRDs, design, build, QA, deployment, and post-launch iteration — as the primary interface between business stakeholders and Engineering on scope, trade-offs, and release status."", ""rewritten"": ""Managed product specifications and execution across the full product lifecycle for platform releases — requirement intake, PRDs, design, build, QA, deployment, and post-launch iteration — ensuring alignment between business stakeholders and Engineering.""}, {""original"": ""Define the capability roadmap and requirements for the channel as its business owner — translating the disbursal target into product, policy, and partner asks for Technology, Credit, and Legal to build against."", ""rewritten"": ""Translated complex business requirements into clear capability roadmaps and requirements for the channel as its business owner, partnering with Technology, Credit, and Legal.""}, {""original"": ""Part of a ~20-member cross-functional pod (product, engineering, growth, CX, analytics) with 2 direct reports, aligning 10 functions — Business, Sales, Call Centre, Credit Policy, Risk, Legal, Compliance, IT, CX, and Marketing."", ""rewritten"": ""Operated within a cross-functional pod, engaging with stakeholders across Risk, Legal, Compliance, and IT to manage cross-functional alignment and execution.""}]","[""SQL"", ""Agile/Scrum"", ""Stakeholder Management"", ""Requirement Gathering"", ""BRDs/PRDs""]","[""1-3 years of experience and at least 1 year of Product Management experience in the fintech / lending industry"", ""BTech from an engineering school (Manipal Institute of Technology)"", ""Cross-functional stakeholder management including Risk, Compliance, and Legal/Audit teams"", ""Working knowledge of SQL and Excel""]","[""End-to-end product specification and delivery: CV shows BRDs/PRDs, requirement gathering, and agile delivery, but the JD specifically emphasizes compliance audits and audit-focused product delivery which is not explicitly detailed in the CV."", ""Gen AI prototyping: CV lists strong general tech and product skills (Figma, SQL, Azure DevOps), but does not explicitly mention Gen AI prototyping tools like Lovable.""]","[""Direct hands-on experience participating in critical regulatory compliance audits and scrutinies as a product manager."", ""Experience making no-code prototypes on Lovable or similar prototyping software.""]","Hi, I lead product journeys and cross-functional execution in fintech lending at Bajaj Finance, managing stakeholders across Risk, Legal, and Compliance. I'd love to bring my ownership mindset and experience translating complex requirements to InCred's APM role.",Summary rewritten for this JD; 2 bullet(s) reworded to JD vocabulary (metrics preserved verbatim); Bullets reprioritized in: Product Manager - Home Loans; Skill groups reordered (Product & Delivery first); Skill items resequenced toward JD mentions,The CV does not demonstrate direct participation in critical regulatory compliance audits or experience using no-code prototyping tools like Lovable.,"audit, complex, high, visibility, execution, projects, problem, manage, unblock, critical, audits, ensuring",good_fit,stated,1-3,"asks for 1-3 years, you have 4","Company- InCred  ( https://www.incredgroup.com) 

Role- Full Time 

Apply- https://docs.google.com/forms/...


Position- APM _ Associate Product Manager _ ( Audit & Compliance)

Location- Mumbai 

YOE- 1-3 Years


About the Role-
We are seeking an Associate Product Manager (APM) who operates with an ""owner’s
mindset."" This role is for a problem solver who can analyze complex requirements, manage
tough stakeholders (especially Risk, Compliance, and Audit teams), and unblock engineering
teams independently. You will be responsible for participating and playing a vital role in critical
regulatory compliance audits, and ensuring that product/data delivery happens on time, every
time. We need someone comfortable with high visibility, data precision, and driving execution
without constant supervision.
Key Responsibilities
Product Specification & Delivery: Translate customer/business requirements into clear,
detailed product specifications, one-pagers, and user stories. You will work with your manager
to write effective specs that speak the ""engineer’s language"", ensuring absolute clarity for your
peers. Your specifications must be detailed enough that AI could read them and write working code. 

End-to-End Ownership: Take full independent ownership of your pod to drive the product
roadmap and execution pace without requiring constant intervention or supervision.
Stakeholder Management: Proactively engage with stakeholders across the organization to
gather feedback and ensure everyone is on the same page regarding the sequence of
execution. You will act as the primary Point of Contact (POC)—specifically for the Risk,
Compliance, and Audit teams—building strong rapport while managing their expectations
firmly. Your stakeholders feel comfort in being heard and feel obliged to give you business
outcomes.
Operational Visibility & Presence: Maintain high visibility and availability in the office to
facilitate real-time coordination with cross-functional teams. You must be prese"
no,,,40,"Product Manager, Mobile Payments",Paytm,"Noida, Uttar Pradesh",https://www.jobaaj.com/job/paytm-product-manager-mobile-payments-noida-1-to-2-years-750710?utm_campaign=google_jobs_apply&utm_source=google_jobs_apply&utm_medium=organic,42,47,32,weak,0.42,1/5,"fintech industry experience, mobile payments and financial technologies, analytical and problem-solving skills, Agile development methodologies","[{""need"": ""fintech industry experience"", ""gain"": 6}, {""need"": ""mobile payments and financial technologies"", ""gain"": 6}, {""need"": ""analytical and problem-solving skills"", ""gain"": 6}, {""need"": ""Agile development methodologies"", ""gain"": 6}, {""need"": ""customer feedback"", ""gain"": 3}]",,"{""skill_match"": 0.1176, ""experience_fit"": 0.83, ""domain"": 0.7, ""education"": 1.0, ""achievement"": 1, ""trajectory"": 1.0}",adjacent,allowlist,'Paytm' is on the company allowlist under 'payments_merchant_solutions',serpapi,aggregator,,,,data/resumes/2026-09-09/Paytm_Product_Manager_Mobile_Payments/Mehul_Agarwal.docx,data/resumes/2026-09-09/Paytm_Product_Manager_Mobile_Payments/Mehul_Agarwal.pdf,"Product manager with 4+ years of experience in digital product and consumer lending at Bajaj Finance, owning end-to-end application journeys and platform scalability. Experienced in translating business and credit requirements into shipped capability, managing product lifecycles, and executing requirement gathering, roadmapping, and UX design. Brings strong analytical skills with experience in Google Analytics and data-driven funnel optimisation.","[""Owned the Personal Loan digital platform (app and web) at ~15 lakh Form-1 submissions/month, turning business and credit requirements into shipped capability while the channel scaled from ~₹400 Cr to ~₹1,100 Cr in monthly disbursals through a period of sector-wide tightening in consumer credit."", ""Rebuilt the application journey with UI/UX — cutting drop-off 40% and completion time 15%, lifting completed applications 30% and automating 22% more of the journey end-to-end through straight-through processing."", ""Lifted conversion 23% and user acquisition 14% by instrumenting the journey in Google Analytics and CleverTap, isolating the cohorts that dropped, and sequencing fixes by revenue impact rather than ticket count.""]","[{""original"": ""Ran the full product lifecycle for platform releases — requirement intake, PRDs, design, build, QA, deployment, and post-launch iteration — as the primary interface between business stakeholders and Engineering on scope, trade-offs, and release status."", ""rewritten"": ""Collaborated with engineering and design teams to develop new features, running the full product lifecycle for platform releases — requirement intake, PRDs, design, build, QA, deployment, and post-launch iteration — as the primary interface between business stakeholders and Engineering on scope, trade-offs, and release status.""}, {""original"": ""Define the capability roadmap and requirements for the channel as its business owner — translating the disbursal target into product, policy, and partner asks for Technology, Credit, and Legal to build against."", ""rewritten"": ""Defined product strategy and roadmap for the channel as its business owner — translating targets into product, policy, and partner asks for Technology, Credit, and Legal to build against.""}, {""original"": ""Lifted conversion 23% and user acquisition 14% by instrumenting the journey in Google Analytics and CleverTap, isolating the cohorts that dropped, and sequencing fixes by revenue impact rather than ticket count."", ""rewritten"": ""Analyzed product performance and monitored data using Google Analytics and CleverTap, isolating dropped cohorts to lift conversion 23% and user acquisition 14% by sequencing fixes by revenue impact rather than ticket count.""}]","[""Product Management"", ""Agile"", ""User Research""]","[""Experience in product management within fintech/financial technologies"", ""Strong analytical and problem-solving skills"", ""Bachelor's degree (B.Tech)"", ""Experience collaborating with engineering and design teams""]","[""Product vision and roadmap: The CV shows defining capability roadmaps and requirements, but doesn't explicitly frame it as mobile payment feature vision."", ""User research: The CV mentions customer journey mapping and isolating cohorts, but does not explicitly detail formal user research activities.""]","[""Direct experience in mobile payments specifically"", ""Degree specifically in Computer Science or Engineering (candidate holds a B.Tech in an unspecified branch and an MBA)""]","Hi, I lead digital product and lending journeys at Bajaj Finance, scaling platforms from ₹400 Cr to ₹1,100 Cr in monthly disbursals. I bring strong agile execution, analytics, and cross-functional leadership experience. Would love to discuss how I can contribute to Paytm's mobile payments team.",Summary rewritten for this JD; 3 bullet(s) reworded to JD vocabulary (metrics preserved verbatim),"The JD asks for direct experience in mobile payments, which is not present in the CV.","mobile, vision, payment, identify, play, innovation, payments.what, responsible, defining, features, services.key, responsibility",good_fit,stated,1-2,"asks for 1-2 years, you have 4","What role you will play in team: You'll be a key member of the team driving innovation in mobile payments.What you will do: You will be responsible for defining the product vision, strategy, and roadmap for new payment features and services.Key responsibility:Define product vision, strategy, and roadmap for mobile payment features.Conduct user research and gather customer feedback.Collaborate with engineering and design teams to develop new features.Analyze market trends and identify opportunities for innovation.Monitor product performance and identify areas for improvement.Manage the product backlog and prioritize features.Required Qualification and Skills:Bachelor's degree in Computer Science, Engineering, or Business.1-2 years of experience in product management, preferably in the fintech industry.Strong understanding of mobile payments and financial technologies.Excellent analytical and problem-solving skills.Experience with Agile development methodologies.Benefits Included:Competitive salary and benefits package.Opportunities for professional growth and development.Work in a dynamic and fast-paced environment.Opportunity to make a significant impact on a large user base.A Day in the Life: A typical day involves user research, meeting with engineering, reviewing analytics, and brainstorming new ideas."
no,,,40,Lead Digital Product Owner,Wells Fargo,"Hyderabad, India",https://wf.wd1.myworkdayjobs.com/en-US/WellsFargoJobs/job/Hyderabad-India/Lead-Digital-Product-Owner_R-573510,36,29,25,weak,0.31,1/1,,"[{""need"": ""digital business plans"", ""gain"": 8}, {""need"": ""product/functionality/experience area decision making"", ""gain"": 8}, {""need"": ""stakeholder collaboration"", ""gain"": 8}]",,"{""skill_match"": 0.5, ""experience_fit"": 0.804, ""domain"": 0.25, ""education"": 1.0, ""achievement"": 1, ""trajectory"": 1.0}",unknown,unknown,,workday,direct,,,Posted Yesterday,data/resumes/2026-09-09/Wells_Fargo_Lead_Digital_Product_Owner/Mehul_Agarwal.docx,data/resumes/2026-09-09/Wells_Fargo_Lead_Digital_Product_Owner/Mehul_Agarwal.pdf,"Product manager with 4+ years of digital product experience spanning consumer lending platforms, digital growth, and strategic partnerships at Bajaj Finance. Owned large-scale digital application journeys, driving disbursal scale-up from ~₹400 Cr to ~₹1,100 Cr and currently carrying a ~₹100 Cr/month online channel disbursal number. Led cross-functional product pods and engineered matching engines and automated workflows to optimize digital strategy and conversion.","[""Own the business side of digital acquisition for the mortgage portfolio (Home Loans, LAP, Balance Transfer, Top-up), carrying the disbursal number for an online channel at ~₹100 Cr/month (~₹1,200 Cr annualised), up from ~₹80 Cr, against a full-year mandate of ~₹1,500 Cr."", ""Designed and shipped the MCP (Minimum Credit Parameters) Master and Lead Allocation Master — a two-sided matching engine that scores ~90,000 leads/month against each partner’s credit criteria and routes every lead to its best-fit lender, lifting lead-to-login conversion 40% and lead-to-disbursal from 0.5% to 0.7% at a ~40% approval rate and 50% match rate."", ""Owned the Personal Loan digital platform (app and web) at ~15 lakh Form-1 submissions/month, turning business and credit requirements into shipped capability while the channel scaled from ~₹400 Cr to ~₹1,100 Cr in monthly disbursals through a period of sector-wide tightening in consumer credit."", ""Rebuilt the application journey with UI/UX — cutting drop-off 40% and completion time 15%, lifting completed applications 30% and automating 22% more of the journey end-to-end through straight-through processing.""]","[{""original"": ""Define the capability roadmap and requirements for the channel as its business owner — translating the disbursal target into product, policy, and partner asks for Technology, Credit, and Legal to build against."", ""rewritten"": ""Drive the development and execution of digital business plans, programs, and initiatives as channel business owner, translating disbursal targets into product and policy requirements for Technology, Credit, and Legal.""}, {""original"": ""Ran the full product lifecycle for platform releases — requirement intake, PRDs, design, build, QA, deployment, and post-launch iteration — as the primary interface between business stakeholders and Engineering on scope, trade-offs, and release status."", ""rewritten"": ""Lead full product lifecycle management for digital releases, acting as key participant in planning and collaborating with stakeholders and engineering to deliver strategy and functionality.""}, {""original"": ""Part of a ~20-member cross-functional pod (product, engineering, growth, CX, analytics) with 2 direct reports, aligning 10 functions — Business, Sales, Call Centre, Credit Policy, Risk, Legal, Compliance, IT, CX, and Marketing."", ""rewritten"": ""Lead and collaborate across a broad team of digital professionals and multiple functions (Business, Sales, Call Centre, Credit Policy, Risk, Legal, Compliance, IT, CX, Marketing) to meet deliverables and drive initiatives.""}]","[""Product Management"", ""Product Strategy"", ""Roadmapping"", ""Stakeholder Management"", ""Agile/Scrum""]","[""Experience leading digital product initiatives, development, and execution"", ""Collaborating with cross-functional peers and senior managers to achieve goals"", ""Analyzing digital strategy and making product functionality/experience decisions""]","[""5+ years of digital product management experience: CV shows 4+ years of total digital product, growth, and partnerships experience, which is slightly under the 5+ years requested.""]","[""Enterprise-scale banking experience specifically within an institution like Wells Fargo""]","Hi, I lead digital product initiatives at Bajaj Finance, scaling digital lending channels from ~₹400 Cr to ~₹1,100 Cr and managing mortgage digital acquisition. With 4+ years in product lifecycle management and cross-functional leadership, I'd love to bring my expertise in digital strategy to Wells Fargo.",Summary rewritten for this JD; 2 bullet(s) reworded to JD vocabulary (metrics preserved verbatim),"The CV shows 4+ years of digital product experience, which falls slightly short of the 5+ years required by the job posting.","wells, fargo, which, decisions, disabilities, drug, execution, complex, programs, initiatives, broad, product/functionality/experience",over_senior,inferred,8-14,"title implies roughly 8-14 years (centre ~11y), above your 8-year ceiling — inferred from wording, not stated in the posting","About this role: Wells Fargo is seeking a Lead Digital Product Owner In this role, you will: Lead the development and execution of complex digital business plans, programs and initiatives which have impact across the enterprise with broad impact Act as key participant in large-scale planning Review and analyze complex digital strategy for product/functionality/experience area Influence digital strategy for the business line requiring in-depth evaluation of multiple factors including intangibles or unprecedented factors Make decisions in digital strategy for product/functionality/experience area requiring strong understanding of the business, policies, procedures and/or compliance requirements Lead a broad team of digital professionals to meet deliverables and drive new initiatives Strategically collaborate and consult with peers, colleagues and mid-level to senior managers to resolve issues and achieve goals Potentially lead projects, teams or serve as a peer mentor Required Qualifications: 5&#43; years of digital product management experience, or equivalent demonstrated through one or a combination of the following: work experience, training, military experience, education Posting End Date: 14 Sep 2026 *Job posting may come down early due to volume of applicants. We Value Equal Opportunity Wells Fargo is an equal opportunity employer. All qualified applicants will receive consideration for employment without regard to race, color, religion, sex, sexual orientation, gender identity, national origin, disability, status as a protected veteran, or any other legally protected characteristic. Employees support our focus on building strong customer relationships balanced with a strong risk mitigating and compliance-driven culture which firmly establishes those disciplines as critical to the success of our customers and company. They are accountable for execution of all applicable risk programs (Credit, Market, Financial Crimes, Operational, Regulatory Compliance), which i"
no,,,38,"Product Manager, Amazon Prime",Amazon,"Bengaluru, Karnataka",https://www.jobaaj.com/job/amazon-product-manager-amazon-prime-bangalore-1-to-2-years-771488?utm_campaign=google_jobs_apply&utm_source=google_jobs_apply&utm_medium=organic,38,45,29,weak,0.44,3/6,"Strong analytical and problem-solving skills, Excellent communication, presentation, and interpersonal skills, Proven ability to manage multiple projects simultaneously","[{""need"": ""Strong analytical and problem-solving skills"", ""gain"": 6}, {""need"": ""Excellent communication, presentation, and interpersonal skills"", ""gain"": 6}, {""need"": ""Proven ability to manage multiple projects simultaneously"", ""gain"": 6}, {""need"": ""analyze data"", ""gain"": 3}, {""need"": ""collaborate with cross-functional teams"", ""gain"": 3}]",,"{""skill_match"": 0.462, ""experience_fit"": 0.83, ""domain"": 0, ""education"": 1.0, ""achievement"": 1, ""trajectory"": 1.0}",unknown,unknown,,serpapi,aggregator,,,,data/resumes/2026-09-09/Amazon_Product_Manager_Amazon_Prime/Mehul_Agarwal.docx,data/resumes/2026-09-09/Amazon_Product_Manager_Amazon_Prime/Mehul_Agarwal.pdf,"Product manager with 4+ years of experience across digital product, growth, and cross-functional feature launches, currently owning digital acquisition and platform capability roadmaps at Bajaj Finance. Brings deep expertise in defining product roadmaps, analyzing data with Google Analytics and SQL, and collaborating with cross-functional teams to drive engagement and growth. Holds a Bachelor of Technology degree along with extensive experience in managing product lifecycles and delivering exceptional customer journeys at scale.","[""Lifted conversion 23% and user acquisition 14% by instrumenting the journey in Google Analytics and CleverTap, isolating the cohorts that dropped, and sequencing fixes by revenue impact rather than ticket count."", ""Rebuilt the application journey with UI/UX — cutting drop-off 40% and completion time 15%, lifting completed applications 30% and automating 22% more of the journey end-to-end through straight-through processing."", ""Ran the full product lifecycle for platform releases — requirement intake, PRDs, design, build, QA, deployment, and post-launch iteration — as the primary interface between business stakeholders and Engineering on scope, trade-offs, and release status.""]","[{""original"": ""Define the capability roadmap and requirements for the channel as its business owner — translating the disbursal target into product, policy, and partner asks for Technology, Credit, and Legal to build against."", ""rewritten"": ""Define the product roadmap and requirements for the channel as its business owner — translating business targets into product, policy, and partner asks for Technology, Credit, and Legal to deliver against.""}, {""original"": ""Lifted conversion 23% and user acquisition 14% by instrumenting the journey in Google Analytics and CleverTap, isolating the cohorts that dropped, and sequencing fixes by revenue impact rather than ticket count."", ""rewritten"": ""Analyzed product performance data to track metrics, lifting conversion 23% and user acquisition 14% by instrumenting the journey in Google Analytics and CleverTap, isolating dropping cohorts, and sequencing fixes by revenue impact.""}, {""original"": ""Designed and shipped the MCP (Minimum Credit Parameters) Master and Lead Allocation Master — a two-sided matching engine that scores ~90,000 leads/month against each partner’s credit criteria and routes every lead to its best-fit lender, lifting lead-to-login conversion 40% and lead-to-disbursal from 0.5% to 0.7% at a ~40% approval rate and 50% match rate."", ""rewritten"": ""Collaborated with cross-functional teams to design and ship features, including a matching engine that scores ~90,000 leads/month and routes every lead to its best-fit partner, lifting lead-to-login conversion 40%.""}, {""original"": ""Ran the full product lifecycle for platform releases — requirement intake, PRDs, design, build, QA, deployment, and post-launch iteration — as the primary interface between business stakeholders and Engineering on scope, trade-offs, and release status."", ""rewritten"": ""Collaborated closely with engineering and stakeholders across the product lifecycle — requirement intake, PRDs, design, build, QA, deployment, and post-launch iteration — managing scope, trade-offs, and release status.""}]","[""product roadmap"", ""market research"", ""data analysis"", ""cross-functional teams"", ""customer experience"", ""product performance"", ""problem-solving"", ""stakeholder management""]","[""Bachelor's degree in engineering (B.Tech from MIT)"", ""Product management experience (4+ years)"", ""Strong analytical and problem-solving skills"", ""Experience using data analytics tools (Google Analytics, SQL)""]","[""Experience in the e-commerce industry — CV shows extensive digital lending and NBFC experience at Bajaj Finance rather than traditional e-commerce"", ""Managing product budget — CV mentions managing disbursal targets and economics but does not explicitly cite managing a product budget""]","[""Direct experience working on Amazon Prime or within the Amazon ecosystem""]","Hi, I'm a Product Manager with 4+ years scaling digital platforms and driving growth journeys at Bajaj Finance. I've built roadmaps, analyzed product performance data using Google Analytics, and led cross-functional launches. I’d love to bring this experience to the Amazon Prime team.","Summary rewritten for this JD; 3 bullet(s) reworded to JD vocabulary (metrics preserved verbatim); Bullets reprioritized in: Product Manager - Personal Loans; Skill groups reordered (Business, Growth & Partnerships first)","The JD asks for e-commerce industry experience, which the CV supports via digital lending platforms rather than traditional e-commerce retail.","amazon, prime, manage, identify, performance, play, focusing, enhancing, service, closely, deliver, exceptional",unknown,unknown,,no experience requirement found in the available text,"What role you will play in team: You will be a key member of the Amazon Prime product team, focusing on enhancing the customer experience and driving growth for the service. You will work closely with engineering, marketing, and research teams to deliver exceptional results.What you will do: You will define the product roadmap, conduct market research, analyze data, and collaborate with stakeholders to bring new features to market. You will be responsible for the success and growth of Prime-related products. Key responsibility:Define and manage the product roadmap for Amazon Prime features.Conduct market research to identify new opportunities and customer needs.Analyze data to track product performance and identify areas for improvement.Collaborate with cross-functional teams to launch new products and features.Manage the product budget and resources effectively.Develop and maintain strong relationships with stakeholders.Required Qualification and Skills:Bachelor's degree in business, engineering, or a related field.1-2 years of experience in product management, preferably in the e-commerce industry.Strong analytical and problem-solving skills.Excellent communication, presentation, and interpersonal skills.Experience using data analytics tools.Proven ability to manage multiple projects simultaneously.Benefits Included:Competitive salary and benefits package.Opportunities for professional development and growth.Dynamic and collaborative work environment.Work from home options.Health InsuranceA Day in the Life: A typical day might involve reviewing product performance data, attending team meetings, collaborating with engineers, and developing product requirements."
no,,,36,"Product Manager, Fintech Integration Platforms",JPMorgan Chase Funding,"Gurugram, Haryana",https://www.jobaaj.com/job/jpmorgan-chase-funding-product-manager-fintech-integration-platforms-gurugram-3-to-5-years-765689?utm_campaign=google_jobs_apply&utm_source=google_jobs_apply&utm_medium=organic,41,40,29,weak,0.51,1/6,"financial technology, APIs, analytical and problem-solving skills, communication and presentation skills, understanding of regulatory compliance in the financial industry","[{""need"": ""financial technology"", ""gain"": 5}, {""need"": ""APIs"", ""gain"": 5}, {""need"": ""analytical and problem-solving skills"", ""gain"": 5}, {""need"": ""communication and presentation skills"", ""gain"": 5}, {""need"": ""understanding of regulatory compliance in the financial industry"", ""gain"": 5}]",,"{""skill_match"": 0.2452, ""experience_fit"": 1.0, ""domain"": 0.25, ""education"": 1.0, ""achievement"": 1, ""trajectory"": 1.0}",unknown,unknown,,serpapi,aggregator,,,,data/resumes/2026-09-09/JPMorgan_Chase_Funding_Product_Manager_Fintech_Integration_Plat/Mehul_Agarwal.docx,data/resumes/2026-09-09/JPMorgan_Chase_Funding_Product_Manager_Fintech_Integration_Plat/Mehul_Agarwal.pdf,"Product manager with 4+ years of experience across digital product, growth, and partnerships, including 3+ years in consumer lending at Bajaj Finance. Proven track record of defining product strategy, roadmaps, and requirements while collaborating with legal, compliance, and engineering teams. Experienced in driving digital platforms, credit criteria matching engines, and lending-partner integrations at scale.","[""• Grew the live partner network from 4 to 6 lenders (2 more in build), negotiating lead-exchange and commission economics with Legal, Business, and Technology so a single customer can be matched against multiple partners’ criteria and monetised through distribution."", ""• Part of a ~20-member cross-functional pod (product, engineering, growth, CX, analytics) with 2 direct reports, aligning 10 functions — Business, Sales, Call Centre, Credit Policy, Risk, Legal, Compliance, IT, CX, and Marketing."", ""• Define the capability roadmap and requirements for the channel as its business owner — translating the disbursal target into product, policy, and partner asks for Technology, Credit, and Legal to build against.""]","[{""original"": ""• Grew the live partner network from 4 to 6 lenders (2 more in build), negotiating lead-exchange and commission economics with Legal, Business, and Technology so a single customer can be matched against multiple partners’ criteria and monetised through distribution."", ""rewritten"": ""• Grew the live partner network from 4 to 6 lenders (2 more in build), collaborating with legal, compliance, and engineering teams to deliver secure solutions for multi-partner lead-exchange and monetisation.""}, {""original"": ""• Define the capability roadmap and requirements for the channel as its business owner — translating the disbursal target into product, policy, and partner asks for Technology, Credit, and Legal to build against."", ""rewritten"": ""• Define the product roadmap and requirements for the platform, collaborating with legal and engineering teams to translate business targets into execution.""}, {""original"": ""• Run the full product lifecycle for platform releases — requirement intake, PRDs, design, build, QA, deployment, and post-launch iteration — as the primary interface between business stakeholders and Engineering on scope, trade-offs, and release status."", ""rewritten"": ""• Manage the product lifecycle and execution for platform releases — requirement intake, PRDs, design, build, QA, deployment, and post-launch iteration — working closely with engineering teams.""}]","[""Product Management"", ""Product Strategy"", ""Roadmapping"", ""Stakeholder Management"", ""Cross-functional Leadership""]","[""Bachelor's degree in a related field"", ""3-5 years of experience in product management"", ""Experience with financial technology and lending platforms"", ""Strong analytical and problem-solving skills"", ""Excellent communication and presentation skills"", ""Collaborating with legal and compliance teams""]","[""Product roadmap and backlog management — demonstrated through defining channel capability roadmaps and requirements, though explicit 'backlog management' terminology is not highlighted.""]","[""Direct experience with specific banking API platforms or integration platforms outside of internal/external lending-partner integrations.""]","Hi, I saw your opening for a Product Manager for Fintech Integration Platforms. I bring 4+ years of product experience, including 3+ years at Bajaj Finance managing digital platforms and lending-partner integrations with engineering, legal, and compliance teams. I'd love to discuss how my background fits your team.",Summary rewritten for this JD; 3 bullet(s) reworded to JD vocabulary (metrics preserved verbatim); Bullets reprioritized in: Product Manager - Home Loans,The CV does not explicitly mention explicit external banking or payment API integrations outside of lending-partner integrations.,"closely, prioritize, features, regulatory, financial, play, responsible, execution, fintech, integration, platforms, deliver",good_fit,stated,3-5,"asks for 3-5 years, you have 4","What role you will play in team: You will be a key member of our product team, responsible for the strategy and execution of our Fintech integration platforms. You will work closely with engineering, legal, and compliance teams to deliver secure and reliable solutions.What you will do: You will define the product vision, strategy, and roadmap. You will conduct market research and competitive analysis. You'll work with engineering to prioritize features and bug fixes.Key responsibility:Define and manage the product roadmapConduct market research and competitive analysisWork with engineering to prioritize features and bug fixesCollaborate with legal and compliance teamsManage the product backlogEnsure compliance with regulatory requirementsTrack product performance and identify areas for improvementRequired Qualification and Skills:Bachelor's degree in a related field3-5 years of experience in product managementExperience with financial technology and APIsStrong analytical and problem-solving skillsExcellent communication and presentation skillsUnderstanding of regulatory compliance in the financial industryBenefits Included:Competitive salary and benefitsOpportunities for professional developmentA collaborative and supportive work environmentFlexible work arrangementsA Day in the Life: A typical day might involve attending sprint planning meetings, reviewing API documentation, and collaborating with engineers on product development. You will also work closely with legal and compliance to ensure all products are compliant."
no,,,30,Product Manager  (Internal Platform),meesho,"Bangalore, Karnataka",https://jobs.lever.co/meesho/2f1dba8f-bc99-4490-8200-d2cd7f92f544,40,31,5,weak,0.14,0/0,,"[{""need"": ""Experimentation"", ""gain"": 5}, {""need"": ""Segmentation"", ""gain"": 5}, {""need"": ""Payouts"", ""gain"": 5}, {""need"": ""Security"", ""gain"": 5}, {""need"": ""Cross-functional collaboration"", ""gain"": 5}]",,"{""skill_match"": 0.3133, ""experience_fit"": 0.85, ""domain"": 0, ""education"": 1.0, ""achievement"": 1, ""trajectory"": 1.0}",unknown,unknown,,lever,direct,,,1786092305140,data/resumes/2026-09-09/meesho_Product_Manager_Internal_Platform/Mehul_Agarwal.docx,data/resumes/2026-09-09/meesho_Product_Manager_Internal_Platform/Mehul_Agarwal.pdf,"Product manager with 4+ years of experience building digital platforms, operational systems, and internal workflows across consumer lending and growth. Experienced in driving end-to-end product lifecycles, translating complex cross-functional requirements into scalable technical solutions, and aligning engineering, analytics, and business stakeholders. Brings a strong foundation in product strategy, requirement gathering, and agile delivery.","[""Ran the full product lifecycle for platform releases — requirement intake, PRDs, design, build, QA, deployment, and post-launch iteration — as the primary interface between business stakeholders and Engineering on scope, trade-offs, and release status."", ""Owned the Personal Loan digital platform (app and web) at ~15 lakh Form-1 submissions/month, turning business and credit requirements into shipped capability while the channel scaled from ~₹400 Cr to ~₹1,100 Cr in monthly disbursals through a period of sector-wide tightening in consumer credit."", ""Designed and shipped the MCP (Minimum Credit Parameters) Master and Lead Allocation Master — a two-sided matching engine that scores ~90,000 leads/month against each partner’s credit criteria and routes every lead to its best-fit lender, lifting lead-to-login conversion 40% and lead-to-disbursal from 0.5% to 0.7% at a ~40% approval rate and 50% match rate.""]","[{""original"": ""Ran the full product lifecycle for platform releases — requirement intake, PRDs, design, build, QA, deployment, and post-launch iteration — as the primary interface between business stakeholders and Engineering on scope, trade-offs, and release status."", ""rewritten"": ""Managed the full product lifecycle for platform releases — requirement intake, PRDs, design, build, QA, deployment, and post-launch iteration — acting as the primary interface between cross-functional stakeholders and Engineering to build scalable technical solutions.""}, {""original"": ""Define the capability roadmap and requirements for the channel as its business owner — translating the disbursal target into product, policy, and partner asks for Technology, Credit, and Legal to build against."", ""rewritten"": ""Defined capability roadmaps and product requirements by translating complex operational targets into technical execution plans for engineering and cross-functional partners to build against.""}, {""original"": ""Part of a ~20-member cross-functional pod (product, engineering, growth, CX, analytics) with 2 direct reports, aligning 10 functions — Business, Sales, Call Centre, Credit Policy, Risk, Legal, Compliance, IT, CX, and Marketing."", ""rewritten"": ""Collaborated within a cross-functional pod comprising product, engineering, analytics, and data science functions, driving alignment across multiple internal stakeholders to deliver impactful solutions.""}]","[""Agile/Scrum"", ""Product Lifecycle Management"", ""Product Strategy"", ""Requirement Gathering"", ""BRDs/PRDs"", ""Stakeholder Management""]","[""Experience working with cross-functional teams including product managers, engineers, and analysts"", ""Ability to drive initiatives independently and translate complex ideas into actionable products"", ""Experience in product lifecycle management and requirement gathering""]","[""Platform product management experience: CV demonstrates platform ownership in financial services and digital lending systems, but not explicitly in e-commerce internal platform tools as requested by Meesho.""]","[""Specific experience building internal platform tools for data acquisition, analytics tools, experimentation, segmentation, payouts, security, and reporting within an e-commerce ecosystem.""]","Hi, I'm a Product Manager with 4+ years of experience building digital platforms and leading cross-functional pods with engineering and analytics. I've owned end-to-end product lifecycles and technical delivery at scale at Bajaj Finance. Would love to connect regarding Meesho's platform product team.",Summary rewritten for this JD; 2 bullet(s) reworded to JD vocabulary (metrics preserved verbatim); Bullets reprioritized in: Product Manager - Home Loans,"The CV demonstrates platform product management in digital lending and financial services, but does not show prior experience building internal platform tools specifically for e-commerce ecosystems like data acquisition, analytics tools, or experimentation platforms.","meesho, platforms, location, bangalore, backbone, ecosystem, empowering, tech, science, scalable, enable, make",unknown,unknown,,no experience requirement found in the available text,"Location - Bangalore            
                                                                                                
About the Team : The Platform Product team at Meesho is the backbone of our product ecosystem, empowering functions across product, business, analytics, tech, and data science. By building scalable platforms and tools, we enable teams to make data-driven decisions, accelerate development cycles, and enhance productivity. Our key focus areas include Data Acquisition, Analytics Tools, Experimentation, Segmentation, Payouts,  Security, Reporting and so on, which support critical functions of Meesho
 
 
About the Role : As a Platform Product Manager, you will own and drive one or more product charters within the Platform Product charter. Your role will be pivotal in enabling Meesho’s growth by ensuring seamless cross-functional collaboration and delivering impactful technical solutions. You will work closely with product managers, engineers, analysts, and data scientists across the organisation to turn complex ideas into actionable products.We’re looking for strategic thinkers passionate about building platforms that solve large-scale challenges. We want to hear from you if you are a self-starter, excel in driving initiatives independently, and thrive in dynamic environments."
no,,,30,Senior Business Analyst_BFSI,Benchmark IT Solutions India Pvt Ltd,"Baner, Pune",https://www.adzuna.in/details/5851958146?utm_medium=api&utm_source=195aa6d0,38,72,18,weak,0.52,3/6,"Agile delivery, end-to-end requirement ownership, BFSI domain expertise","[{""need"": ""Agile delivery"", ""gain"": 8}, {""need"": ""end-to-end requirement ownership"", ""gain"": 8}, {""need"": ""BFSI domain expertise"", ""gain"": 8}, {""need"": ""solution"", ""gain"": 4}, {""need"": ""quality"", ""gain"": 4}]",,"{""skill_match"": 0.3571, ""experience_fit"": 0.72, ""domain"": 0, ""education"": 1.0, ""achievement"": 1, ""trajectory"": 1.0}",unknown,unknown,,adzuna,aggregator,,,2026-08-22T08:58:13Z,data/resumes/2026-09-09/Benchmark_IT_Solutions_India_Pvt_Ltd_Senior_Business_Analyst_BFSI/Mehul_Agarwal.docx,data/resumes/2026-09-09/Benchmark_IT_Solutions_India_Pvt_Ltd_Senior_Business_Analyst_BFSI/Mehul_Agarwal.pdf,"Product manager with over 4 years of experience, including 3+ years in consumer lending and BFSI at Bajaj Finance, India’s largest retail NBFC. Strong expertise in business requirements, stakeholder management, end-to-end requirement ownership, and Agile delivery across digital product and growth initiatives. Proven capability in translating business needs into product requirements, requirement gathering, and cross-functional execution.","[""Define the capability roadmap and requirements for the channel as its business owner — translating the disbursal target into product, policy, and partner asks for Technology, Credit, and Legal to build against."", ""Part of a ~20-member cross-functional pod (product, engineering, growth, CX, analytics) with 2 direct reports, aligning 10 functions — Business, Sales, Call Centre, Credit Policy, Risk, Legal, Compliance, IT, CX, and Marketing."", ""Ran the full product lifecycle for platform releases — requirement intake, PRDs, design, build, QA, deployment, and post-launch iteration — as the primary interface between business stakeholders and Engineering on scope, trade-offs, and release status.""]","[{""original"": ""Define the capability roadmap and requirements for the channel as its business owner — translating the disbursal target into product, policy, and partner asks for Technology, Credit, and Legal to build against."", ""rewritten"": ""Handled business requirements and end-to-end requirement ownership as channel business owner, translating targets into product, policy, and partner asks for Technology, Credit, and Legal to build against.""}, {""original"": ""Ran the full product lifecycle for platform releases — requirement intake, PRDs, design, build, QA, deployment, and post-launch iteration — as the primary interface between business stakeholders and Engineering on scope, trade-offs, and release status."", ""rewritten"": ""Managed the full product lifecycle for platform releases via Agile delivery — requirement intake, PRDs, design, build, QA, deployment, and post-launch iteration — working closely with stakeholders on scope and release status.""}, {""original"": ""Part of a ~20-member cross-functional pod (product, engineering, growth, CX, analytics) with 2 direct reports, aligning 10 functions — Business, Sales, Call Centre, Credit Policy, Risk, Legal, Compliance, IT, CX, and Marketing."", ""rewritten"": ""Executed stakeholder management across a ~20-member cross-functional pod with 2 direct reports, aligning 10 functions including Business, Sales, Call Centre, Credit Policy, Risk, Legal, Compliance, IT, CX, and Marketing.""}, {""original"": ""Owned the Personal Loan digital platform (app and web) at ~15 lakh Form-1 submissions/month, turning business and credit requirements into shipped capability while the channel scaled from ~₹400 Cr to ~₹1,100 Cr in monthly disbursals through a period of sector-wide tightening in consumer credit."", ""rewritten"": ""Conducted business analysis and process analysis for the Personal Loan digital platform at ~15 lakh Form-1 submissions/month, turning business and credit requirements into shipped capability during a period of sector-wide credit tightening.""}]","[""agile"", ""stakeholder management"", ""requirement gathering"", ""process analysis""]","[""Agile delivery"", ""Stakeholder management"", ""Business requirements and requirement ownership""]","[""BFSI domain expertise: CV shows 3+ years in consumer lending at Bajaj Finance (an NBFC), but does not explicitly name the Solution & Quality CoE context requested by the JD."", ""Senior role level: CV shows 4+ years of total experience, which may fall slightly short if the role strictly requires 6 years.""]","[""6 years of experience explicitly demanded by the job posting (CV has 4+ years total experience).""]","Hi, I saw the Senior Business Analyst role at Benchmark IT. With 3+ years in BFSI lending at Bajaj Finance, I own end-to-end requirements, BRDs/PRDs, and Agile delivery across cross-functional pods. Let's connect.",Summary rewritten for this JD; 3 bullet(s) reworded to JD vocabulary (metrics preserved verbatim); Skill items resequenced toward JD mentions,"The job description asks for 6 years of experience, whereas the CV shows 4+ years of total experience.","bfsi, senior, analyst, solution, quality, location, employment, type, full-time, department, experienced, expertise",good_fit,stated,6+,"asks for 6+ years, you have 4","Senior Business Analyst – BFSI Location: Pune Experience: 6 years Employment Type: Full-time Department: Solution & Quality CoE Job Summary We are looking for an experienced Senior Business Analyst with strong BFSI domain expertise to join our Solution & Quality CoE. The ideal candidate should have strong experience in business requirements, process analysis, Agile delivery, stakeholder management, and end-to-end requirement ownership. The candidate should have minimum 3 years of BFSI experienc…"
no,,,29,Senior Product Manager,Cornerstone OnDemand,"Pune, Maharashtra",https://www.adzuna.in/land/ad/5875412584?se=8mZchSWs8RGqUsrXbQAUXg&utm_medium=api&utm_source=195aa6d0&v=94E25EF325CDC0DDAA57BBD72AEA1BE8D815BCBD,48,50,4,weak,0.08,0/0,,"[{""need"": ""cornerstone ondemand"", ""gain"": 2}, {""need"": ""inclusive employer"", ""gain"": 2}, {""need"": ""mygwork"", ""gain"": 2}, {""need"": ""largest global platform"", ""gain"": 2}, {""need"": ""lgbtq business community"", ""gain"": 2}]",,"{""skill_match"": 0.2879, ""experience_fit"": 0.85, ""domain"": 0, ""education"": 1.0, ""achievement"": 1, ""trajectory"": 1.0}",unknown,unknown,,adzuna,aggregator,,,2026-09-08T14:23:30Z,,,,[],[],[],[],[],[],,,,"senior, cornerstone, ondemand, inclusive, employer, mygwork, global, lgbtq, community, please, contact, recruiter",good_fit,inferred,6-10,"asks for 6-10 years, you have 4","This job is with Cornerstone OnDemand, an inclusive employer and a member of myGwork – the largest global platform for the LGBTQ business community. Please do not contact the recruiter directly. Senior Product Manager About the Role We're looking for a Senior Product Manager to lead the strategy and execution for our skills and AI platform. In this role you'll own products at the intersection of AI-powered experiences and skills intelligence - helping organizations understand the capabilities o…"
no,,,29,Product Manager (stock broking E-KYC experience mandatory),Ashika Group,"Mumbai, Maharashtra",https://www.jobaaj.com/job/ashika-group-product-manager-stock-broking-e-kyc-experience-mandatory-mumbai-maharashtra-5-to-7-years-495160?utm_campaign=google_jobs_apply&utm_source=google_jobs_apply&utm_medium=organic,40,37,14,weak,0.45,2/11,"stock broking e-kyc, mandatory, ashika, financial services firm, offers services comprising, retail broking, investment banking, wealthmanagement, alternative investment funds","[{""need"": ""stock broking e-kyc"", ""gain"": 1}, {""need"": ""mandatory"", ""gain"": 1}, {""need"": ""ashika"", ""gain"": 1}, {""need"": ""financial services firm"", ""gain"": 1}, {""need"": ""offers services comprising"", ""gain"": 1}]",,"{""skill_match"": 0.1503, ""experience_fit"": 0.85, ""domain"": 0.25, ""education"": 1.0, ""achievement"": 1, ""trajectory"": 1.0}",services,negative_list,JD mentions 'our client',serpapi,aggregator,,,,,,,[],[],[],[],[],[],,,,"e-kyc, onboarding, development, ashika, financial, services, regulatory, performance, investment, seamless, vision, identify",good_fit,stated,5+,"asks for 5+ years, you have 4","About Us: Ashika is a financial services firm that offers services comprising of Retail broking, lending, investment banking, wealthmanagement and alternative investment funds. As a forward thinking organization, Ashika believes in prioritising thewell-being and professional development of its employees as a foundation of its success. Through the increasedcustomer satisfaction and the belief in growing and sharing with our clients, Ashika has been able to become one ofIndias principal retail financial services groups.Role Overview: We are seeking a highly motivated and experienced Product Manager for E-KYC. The ideal candidate will be responsible for leading the strategy, development, and execution of our e-KYC solutions. This role focuses on driving seamless and efficient customer onboarding experiences, ensuring regulatory compliance, and leveraging cutting-edge technology to deliver exceptional results.Key Responsibilities:1. Product Strategy and Vision:Develop a strategic vision for the e-KYC onboarding process aligned with company objectives and regulatory requirements. Identify market trends, customer needs, and technological advancements to enhance the e-KYC product offerings.Define product roadmaps, priorities, and timelines in collaboration with cross-functional teams.2. Product Development and Optimization:Lead the design, development, and deployment of e-KYC onboarding workflows and technologies.Collaborate with engineers, UX/UI designers, and data teams to create seamless user experiences.Optimize onboarding processes for speed, accuracy, and compliance with minimal friction.3. Compliance and Risk Management:Ensure that e-KYC processes comply with all relevant regulations, including AML (Anti-Money Laundering), GDPR, and local laws.Work closely with legal, compliance, and risk teams to identify and mitigate potential risks.4. Stakeholder Collaboration:Coordinate with business, sales, and customer support teams to align product functionalities with organi"
no,,,28,Senior AI Product Manager,Accellor,"Hyderabad, Telangana",https://www.adzuna.in/details/5875447852?utm_medium=api&utm_source=195aa6d0,46,46,3,weak,0.08,0/0,,"[{""need"": ""senior ai"", ""gain"": 2}, {""need"": ""operate"", ""gain"": 2}, {""need"": ""intersection"", ""gain"": 2}, {""need"": ""client engagement"", ""gain"": 2}, {""need"": ""execution"", ""gain"": 2}]",,"{""skill_match"": 0.2842, ""experience_fit"": 0.85, ""domain"": 0, ""education"": 1.0, ""achievement"": 1, ""trajectory"": 1.0}",unknown,unknown,,adzuna,aggregator,,,2026-09-08T16:11:54Z,,,,[],[],[],[],[],[],,,,"execution, experienced, operate, intersection, engagement, high-ownership, enterprise-facing, someone, excited, shape, cutting-edge, directly",good_fit,inferred,6-10,"asks for 6-10 years, you have 4","We are looking for an experienced AI Product Manager who can operate at the intersection of product, technology, client engagement, and execution. This is a high-ownership, enterprise-facing role for someone who is excited by the opportunity to shape cutting-edge AI applications, work directly with international clients, and translate complex business problems into scalable AI-enabled products. The AI Product Manager will lead the definition, shaping, and execution of enterprise AI products and…"
no,,,28,Senior AI Product Manager,Accellor,"Bangalore, Karnataka",https://www.adzuna.in/details/5875447878?utm_medium=api&utm_source=195aa6d0,46,46,3,weak,0.08,0/0,,"[{""need"": ""senior ai"", ""gain"": 2}, {""need"": ""operate"", ""gain"": 2}, {""need"": ""intersection"", ""gain"": 2}, {""need"": ""client engagement"", ""gain"": 2}, {""need"": ""execution"", ""gain"": 2}]",,"{""skill_match"": 0.2842, ""experience_fit"": 0.85, ""domain"": 0, ""education"": 1.0, ""achievement"": 1, ""trajectory"": 1.0}",unknown,unknown,,adzuna,aggregator,,,2026-09-08T16:11:54Z,,,,[],[],[],[],[],[],,,,"execution, experienced, operate, intersection, engagement, high-ownership, enterprise-facing, someone, excited, shape, cutting-edge, directly",good_fit,inferred,6-10,"asks for 6-10 years, you have 4","We are looking for an experienced AI Product Manager who can operate at the intersection of product, technology, client engagement, and execution. This is a high-ownership, enterprise-facing role for someone who is excited by the opportunity to shape cutting-edge AI applications, work directly with international clients, and translate complex business problems into scalable AI-enabled products. The AI Product Manager will lead the definition, shaping, and execution of enterprise AI products and…"
no,,,27,Growth Manager,Neo Wealth and Asset Management,"Mumbai, Maharashtra",https://www.adzuna.in/details/5876411061?utm_medium=api&utm_source=195aa6d0,38,47,3,weak,0.08,0/0,,"[{""need"": ""neo group"", ""gain"": 2}, {""need"": ""neo wealth"", ""gain"": 2}, {""need"": ""asset management"", ""gain"": 2}, {""need"": ""rapidly growing"", ""gain"": 2}, {""need"": ""growing financial"", ""gain"": 2}]",,"{""skill_match"": 0.125, ""experience_fit"": 0.85, ""domain"": 0.25, ""education"": 1.0, ""achievement"": 1, ""trajectory"": 1.0}",unknown,unknown,,adzuna,aggregator,,,2026-09-09T06:19:06Z,,,,[],[],[],[],[],[],,,,"wealth, asset, financial, rapidly, growing, services, businesses, spanning, capital, markets, founded, simple",unknown,unknown,,no experience requirement found in the available text,"About Neo Group: Neo Wealth and Asset Management is a rapidly growing financial services company with businesses spanning wealth management, asset management, capital markets and lending. Founded in 2021 with a simple and enduring purpose, Do Good , Neo is building a modern financial institution from India, with global aspirations. Today, Neo manages and advises on over ₹1.3 lakh crore in client assets, serves clients across more than 200 locations, and is powered by a team of over 850 professi…"
no,,,27,Product Owner- Loans Platform * Pipeline *,BNY,"Pune, Maharashtra",https://www.jobaaj.com/job/bny-product-owner-loans-platform-pipeline-pune-maharashtra-india-6-to-8-years-457574?utm_campaign=google_jobs_apply&utm_source=google_jobs_apply&utm_medium=organic,38,37,13,weak,0.51,0/12,"signoff, stories through, through active, active participation, validation, sprint reviewsfacilitates handoff, stories, operational readiness, training, adoption, continuing, track metrics","[{""need"": ""signoff"", ""gain"": 3}, {""need"": ""stories through"", ""gain"": 3}, {""need"": ""through active"", ""gain"": 3}, {""need"": ""active participation"", ""gain"": 3}, {""need"": ""validation"", ""gain"": 3}]",,"{""skill_match"": 0.1042, ""experience_fit"": 0.85, ""domain"": 0.3, ""education"": 1.0, ""achievement"": 1, ""trajectory"": 1.0}",services,negative_list,JD mentions 'our client',serpapi,aggregator,,,,,,,[],[],[],[],[],[],,,,"pipeline, future, world, stories, resources, needs, culture, financial, make, operational, companies, intended",good_fit,stated,6+,"asks for 6+ years, you have 4","Job DescriptionTHIS IS A PIPELINE REQ, INTENDED TO PIPELINE RESOURCES FOR FUTURE POTENTIAL HIRING NEEDS*At BNY, our culture empowers you to grow and succeed. As a leading global financial services company at the center of the world’s financial system we touch nearly 20% of the world’s investible assets. Every day around the globe, our 50,000 employees bring the power of their perspective to the table to create solutions with our clients that benefit businesses, communities, and people everywhere.We continue to be a leader in the industry, awarded as a top home for innovators and for creating an inclusive workplace. Through our unique ideas and talents, together we help make money work for the world. This is what is all about.BNY Loans Platform provides world-class servicing for loan products, including two business partners: Credit Services and Structured Debt. We combine the best people, processes, and technology to support the loan life cycle from origination to servicing and monitoring.Loans Platform is responsible for innovative strategy, targeted development, and best-in-class operational execution. The next three years will bring focused attention to building the right long-term platform, including system enhancement and consolidation, comprehensive workflow redesign, and a singular data strategy.We’re seeking a future team member for the role of Product Owner– (Loans Platform) at all levels to join our team. This role will be in New York or Houston Pittsburgh or Lake Mary. The Primary Responsibilities Of The Role Are As FollowsProduct Ownership of a loan product, including product strategy, annual roadmaps, and quarterly initiativesContributes to the platform’s strategic objectives and key results through the use of product-specific data, metrics, and goalsCollaborate with cross-functional teams in operations and client teams to translate the business needs into epics and stories. Responsible for prioritization of the work based on business value, using estim"
no,,,26,Securities Services - Data & AI Product Manager - Vice President,JPMorganChase,"Bangalore, Karnataka",https://www.adzuna.in/details/5875720624?utm_medium=api&utm_source=195aa6d0,42,46,2,weak,0.08,0/0,,"[{""need"": ""securities services"", ""gain"": 2}, {""need"": ""vice president"", ""gain"": 2}, {""need"": ""president description"", ""gain"": 2}, {""need"": ""description promote"", ""gain"": 2}, {""need"": ""promote data"", ""gain"": 2}]",,"{""skill_match"": 0.3333, ""experience_fit"": 0.85, ""domain"": 0, ""education"": 1.0, ""achievement"": 1, ""trajectory"": 1.0}",unknown,unknown,,adzuna,aggregator,,,2026-09-08T21:19:20Z,,,,[],[],[],[],[],[],,,,"promote, securities, services, description, spearhead, development, vice, president, excellence, exciting, dynamic, growing",over_senior,inferred,6-14,"title implies roughly 6-14 years (centre ~10y), above your 8-year ceiling — inferred from wording, not stated in the posting","Description Promote Data and AI strategy, spearhead product development, as Vice President in Securities Services Data and AI Centre of Excellence. Are you looking for an exciting opportunity to join a dynamic and growing team in a fast paced and challenging area? This is a unique opportunity for you to work in our team to partner with the Business to provide a comprehensive view. As the Data and AI Product Manager within the Securities Services Data Product Management team, you will promote th…"
no,,,26,Partnership Support Manager,Ethos Life,"Bangalore, Karnataka",https://www.adzuna.in/details/5874240226?utm_medium=api&utm_source=195aa6d0,30,31,2,weak,0.08,0/0,,"[{""need"": ""ethos ethos"", ""gain"": 2}, {""need"": ""leading life"", ""gain"": 2}, {""need"": ""life insurance"", ""gain"": 2}, {""need"": ""insurance technology"", ""gain"": 2}, {""need"": ""protect families"", ""gain"": 2}]",,"{""skill_match"": 0.2404, ""experience_fit"": 0.85, ""domain"": 0, ""education"": 1.0, ""achievement"": 1, ""trajectory"": 1.0}",unknown,unknown,,adzuna,aggregator,,,2026-09-07T21:13:08Z,,,,[],[],[],[],[],[],,,,"ethos, life, insurance, agents, leading, mission, protect, families, democratizing, access, empowering, robust",unknown,unknown,,no experience requirement found in the available text,"About Ethos Ethos is a leading life insurance technology company on a mission to protect families by democratizing access to life insurance and empowering agents at scale. With its robust three-sided technology platform, Ethos is transforming the life insurance experience for consumers, agents, and carriers alike. Ethos offers instant, accessible products and a seamless online process that requires no medical exams and just a few health questions; it eliminates traditional barriers, making it e…"
no,,,25,"Product Manager, FX Trading Platform",NatWest Markets,"Chennai, Tamil Nadu",https://www.jobaaj.com/job/natwest-markets-product-manager-fx-trading-platform-chennai-3-to-5-years-709289?utm_campaign=google_jobs_apply&utm_source=google_jobs_apply&utm_medium=organic,37,43,9,weak,0.44,1/4,"Strong understanding of foreign exchange (FX) trading and markets, Communication and presentation skills, Agile development methodologies","[{""need"": ""Strong understanding of foreign exchange (FX) trading and markets"", ""gain"": 7}, {""need"": ""Communication and presentation skills"", ""gain"": 7}, {""need"": ""Agile development methodologies"", ""gain"": 7}, {""need"": ""Strategy and execution"", ""gain"": 4}, {""need"": ""Product roadmap definition"", ""gain"": 4}]",,"{""skill_match"": 0.1867, ""experience_fit"": 1.0, ""domain"": 0, ""education"": 1.0, ""achievement"": 1, ""trajectory"": 1.0}",unknown,unknown,,serpapi,aggregator,,,,data/resumes/2026-09-09/NatWest_Markets_Product_Manager_FX_Trading_Platform/Mehul_Agarwal.docx,data/resumes/2026-09-09/NatWest_Markets_Product_Manager_FX_Trading_Platform/Mehul_Agarwal.pdf,"Product manager with 4+ years across digital product, growth, and fintech lending at Bajaj Finance, managing end-to-end product lifecycles, PRDs, roadmaps, and Agile/Scrum delivery. Experienced in collaborating with cross-functional engineering, design, and business teams to define strategy, prioritize backlogs, and drive key performance metrics. Brings a strong foundation in financial services, stakeholder management, and translating complex requirements into shipped product capabilities.","[""Ran the full product lifecycle for platform releases — requirement intake, PRDs, design, build, QA, deployment, and post-launch iteration — as the primary interface between business stakeholders and Engineering on scope, trade-offs, and release status."", ""Define the capability roadmap and requirements for the channel as its business owner — translating the disbursal target into product, policy, and partner asks for Technology, Credit, and Legal to build against."", ""Rebuilt the application journey with UI/UX — cutting drop-off 40% and completion time 15%, lifting completed applications 30% and automating 22% more of the journey end-to-end through straight-through processing.""]","[{""original"": ""Ran the full product lifecycle for platform releases — requirement intake, PRDs, design, build, QA, deployment, and post-launch iteration — as the primary interface between business stakeholders and Engineering on scope, trade-offs, and release status."", ""rewritten"": ""Managed the product lifecycle and backlog for platform releases — requirement intake, PRDs, design, build, QA, deployment, and post-launch iteration — collaborating with engineering and stakeholders on scope, trade-offs, and release status.""}, {""original"": ""Define the capability roadmap and requirements for the channel as its business owner — translating the disbursal target into product, policy, and partner asks for Technology, Credit, and Legal to build against."", ""rewritten"": ""Defined and managed the product roadmap and requirements for the channel — collaborating with engineering and cross-functional teams to build features and enhancements based on business value.""}, {""original"": ""Lifted conversion 23% and user acquisition 14% by instrumenting the journey in Google Analytics and CleverTap, isolating the cohorts that dropped, and sequencing fixes by revenue impact rather than ticket count."", ""rewritten"": ""Tracked key performance indicators (KPIs) and measured product success, lifting conversion 23% and user acquisition 14% by instrumenting the journey in Google Analytics and CleverTap and prioritizing fixes based on customer needs.""}]","[""Product Management"", ""Product Lifecycle Management"", ""Product Strategy"", ""Roadmapping"", ""Agile/Scrum"", ""Stakeholder Management""]","[""Product management experience in the financial industry"", ""Collaboration with engineering, design, and stakeholders"", ""Product roadmap definition and feature prioritization"", ""Tracking KPIs and measuring product success"", ""Bachelor's degree""]","[""Product management within the financial industry: CV has 3+ years in consumer lending at Bajaj Finance, but lacks specific FX trading platform experience.""]","[""Strong understanding of foreign exchange (FX) trading and markets""]","Hi, I lead product lifecycles and roadmaps for digital platforms at Bajaj Finance, scaling lending journeys and managing engineering collaboration. I'd love to discuss how my financial product background translates to NatWest Markets' FX platform team.",Summary rewritten for this JD; 3 bullet(s) reworded to JD vocabulary (metrics preserved verbatim); Bullets reprioritized in: Product Manager - Personal Loans,The CV does not demonstrate experience with foreign exchange (FX) trading and markets.,"trading, features, development, play, execution, features.what, collaborate, engineers, designers, enhance, develop, platform.key",good_fit,stated,3-5,"asks for 3-5 years, you have 4","What role you will play in team: Lead the strategy and execution for our FX trading platform's product features.What you will do: You'll collaborate with engineers, designers, and sales to enhance and develop the platform.Key responsibility:Define and manage the product roadmap for the FX trading platform.Conduct market research and competitive analysis to identify opportunities.Collaborate with engineering, design, and sales to build new features and enhancements.Prioritize features based on business value and customer needs.Track key performance indicators (KPIs) and measure product success.Manage the product backlog and prioritize features for development.Required Qualification and Skills:Bachelor's degree in Finance, Computer Science, or a related field.3-5 years of experience in product management within the financial industry.Strong understanding of foreign exchange (FX) trading and markets.Excellent communication and presentation skills.Experience with Agile development methodologies.Benefits Included:Competitive salary and benefits packageOpportunities for career advancementWork in a challenging and dynamic environmentA Day in the Life: Your day-to-day responsibilities involve working with development teams, analyzing market trends, and refining product features for the FX trading platform."
no,,,23,Senior Product Manager - Presales,Weekday AI,"Mumbai, Maharashtra",https://www.adzuna.in/details/5875526745?utm_medium=api&utm_source=195aa6d0,42,48,2,weak,0.08,0/0,,"[{""need"": ""presales"", ""gain"": 2}, {""need"": ""weekday"", ""gain"": 2}, {""need"": ""clients salary range"", ""gain"": 2}, {""need"": ""inr"", ""gain"": 2}, {""need"": ""lpa"", ""gain"": 2}]",,"{""skill_match"": 0.1806, ""experience_fit"": 0.85, ""domain"": 0, ""education"": 1.0, ""achievement"": 1, ""trajectory"": 1.0}",unknown,unknown,,adzuna,aggregator,,,2026-09-08T17:00:21Z,,,,[],[],[],[],[],[],,,,"weekday, clients, salary, range, location, bengaluru, maharashtra, jobtype, full-time, seeking, experienced, analytical",good_fit,stated,5+,"asks for 5+ years, you have 4","This role is for one of Weekday’s clients Salary range: Rs 1800000 - Rs 3500000 (ie INR 18 - 35 LPA) Min Experience: 5 years Location: Bengaluru, Mumbai, Maharashtra, India JobType: full-time We are seeking an experienced and analytical Senior Product Manager – Presales to lead product initiatives that improve the lead-to-sales conversion journey. This is a hands-on, outcome-driven role focused on building scalable systems and workflows that help convert qualified customer interest into schedul…"
no,,,23,Product Analyst-Marketing- Automobile company(OEM)-Mumbai,UNISON INTERNATIONAL CONSULTING,"Mumbai, Maharashtra",https://www.adzuna.in/land/ad/5876013343?se=BHuyriWs8RGwn507sZh0kw&utm_medium=api&utm_source=195aa6d0&v=F245E5F370A9984064D926AD584F8211F2B22539,43,61,9,weak,0.52,2/12,"product analyst-marketing automobile, oem, mumbai hiring, luxury automobile, product analyst-marketing location, mumbai, yrs, automotive industry, following, product planning","[{""need"": ""product analyst-marketing automobile"", ""gain"": 4}, {""need"": ""oem"", ""gain"": 4}, {""need"": ""mumbai hiring"", ""gain"": 4}, {""need"": ""luxury automobile"", ""gain"": 4}, {""need"": ""product analyst-marketing location"", ""gain"": 4}]",,"{""skill_match"": 0.1417, ""experience_fit"": 1.0, ""domain"": 0, ""education"": 1.0, ""achievement"": 1, ""trajectory"": 1.0}",unknown,unknown,,adzuna,aggregator,,,2026-09-09T01:02:24Z,,,,[],[],[],[],[],[],,,,"planning, intelligence, hiring, luxury, automobile, analyst-marketing, location, automotive, industry, candidates, following, analytical",good_fit,stated,3-5,"asks for 3-5 years, you have 4","Hiring for a Luxury Automobile Company(OEM) Opening : Product Analyst-Marketing Location : Mumbai Experience Required: 3 to 5 yrs in the automotive industry Looking for candidates with experience in the following: Experience in product planning and pricing (preferred) Strong market intelligence and analytical skills Outline of Role : The primary role is to support product strategy and business performance through market intelligence, competitor analysis, pricing, product planning, and launch ac…"
no,,,22,"Affordability Partnerships Manager, Devices and Services",Google,"Bangalore, Karnataka",https://www.adzuna.in/details/5876718718?utm_medium=api&utm_source=195aa6d0,31,39,1,weak,0.08,0/0,,"[{""need"": ""affordability partnerships manager"", ""gain"": 2}, {""need"": ""devices"", ""gain"": 2}, {""need"": ""services affordability"", ""gain"": 2}, {""need"": ""affordability partnerships"", ""gain"": 2}, {""need"": ""services share"", ""gain"": 2}]",,"{""skill_match"": 0.1667, ""experience_fit"": 0.85, ""domain"": 0, ""education"": 1.0, ""achievement"": 1, ""trajectory"": 1.0}",unknown,unknown,,adzuna,aggregator,,,2026-09-09T11:07:34Z,,,,[],[],[],[],[],[],,,,"affordability, devices, services, share, corporate, fare, place, bengaluru, karnataka, gurugram, haryana, advanced",unknown,unknown,,no experience requirement found in the available text,"Affordability Partnerships Manager, Devices and Services Share Affordability Partnerships Manager, Devices and Services _corporate_fare_ Google _place_ Bengaluru, Karnataka, India; Gurugram, Haryana, India Advanced Experience owning outcomes and decision making, solving ambiguous problems and influencing stakeholders; deep expertise in domain. Share Affordability Partnerships Manager, Devices and Services _info_outline_ XNote: By applying to this position you will have an opportunity to share y…"
no,,,21,Product Manager,Acme Services Private Limited,"Noida, Ghaziabad",https://www.adzuna.in/details/5875848633?utm_medium=api&utm_source=195aa6d0,41,49,1,weak,0.08,0/0,,"[{""need"": ""description"", ""gain"": 2}, {""need"": ""product sense"", ""gain"": 2}, {""need"": ""understands consumer"", ""gain"": 2}, {""need"": ""user behavior"", ""gain"": 2}, {""need"": ""simplify complex"", ""gain"": 2}]",,"{""skill_match"": 0.1571, ""experience_fit"": 0.85, ""domain"": 0, ""education"": 1.0, ""achievement"": 1, ""trajectory"": 1.0}",unknown,unknown,,adzuna,aggregator,2400000,2500000,2026-09-08T23:40:10Z,,,,[],[],[],[],[],[],,,,"understands, description, sense, behavior, simplify, complex, journeys, usability, detail-oriented, reliability, quality, cross-functionally",unknown,unknown,,no experience requirement found in the available text,"Job Description: Has strong product sense and understands consumer user behavior Can simplify complex user journeys and improve usability Is detail-oriented about UI/UX, reliability, and product quality Can work cross-functionally with developers, designers, firmware teams, and operations Uses data, user feedback, and experimentation to make product decisions Has experience managing mobile app products Understands current AI trends, tools, and how AI can improve consumer app experiences Has a s…"
no,,,21,AI Program Manager,Bullet Microdrama OTT,"New Delhi, Delhi",https://www.adzuna.in/land/ad/5876027128?se=pqp4siWs8RGN55pnK-PhvQ&utm_medium=api&utm_source=195aa6d0&v=388D9A51737EDE4505E71BE0DE06E83223FD3103,38,58,1,weak,0.08,0/0,,"[{""need"": ""ai program"", ""gain"": 2}, {""need"": ""program manager"", ""gain"": 2}, {""need"": ""engineering leader"", ""gain"": 2}, {""need"": ""leader trinetra"", ""gain"": 2}, {""need"": ""trinetra ai"", ""gain"": 2}]",,"{""skill_match"": 0.1571, ""experience_fit"": 0.85, ""domain"": 0, ""education"": 1.0, ""achievement"": 1, ""trajectory"": 1.0}",unknown,unknown,,adzuna,aggregator,,,2026-09-09T01:07:23Z,,,,[],[],[],[],[],[],,,,"trinetra, leader, intelligence, production, location, type, full-time, stage, ai-native, next-generation, decision-making, brings",unknown,unknown,,no experience requirement found in the available text,"AI Engineering Leader — Trinetra AI Location: Delhi NCR Role Type: Full-time, Leadership Stage: 0→1 Build and Scale About Trinetra AI Trinetra AI is building an AI-native platform for next-generation content creation, intelligence, production and decision-making . The platform brings together Generative AI, multimodal intelligence, video technology, creator workflows, content analytics, production tools and enterprise-grade SaaS/PaaS infrastructure . We are looking for an AI Engineering Leader …"
no,,,19,Associate Product Manager - Financial Services,American Express,"New Delhi, Delhi",https://www.jobaaj.com/job/american-express-associate-product-manager-financial-services-delhi-ncr-0-to-1-years-690288?utm_campaign=google_jobs_apply&utm_source=google_jobs_apply&utm_medium=organic,37,37,3,weak,0.33,0/4,"Analytical and problem-solving skills, Communication and presentation skills, Proficiency in Microsoft Office Suite, Familiarity with Agile development methodologies","[{""need"": ""Analytical and problem-solving skills"", ""gain"": 7}, {""need"": ""Communication and presentation skills"", ""gain"": 7}, {""need"": ""Proficiency in Microsoft Office Suite"", ""gain"": 7}, {""need"": ""Familiarity with Agile development methodologies"", ""gain"": 7}, {""need"": ""Product requirements development"", ""gain"": 4}]",,"{""skill_match"": 0.1193, ""experience_fit"": 0.85, ""domain"": 0, ""education"": 1.0, ""achievement"": 1, ""trajectory"": 1.0}",unknown,unknown,,serpapi,aggregator,,,,data/resumes/2026-09-09/American_Express_Associate_Product_Manager_Financial_Serv/Mehul_Agarwal.docx,data/resumes/2026-09-09/American_Express_Associate_Product_Manager_Financial_Serv/Mehul_Agarwal.pdf,"Product manager with 4+ years of experience across digital product, growth, and credit platforms in consumer lending at Bajaj Finance. Proven track record of analyzing customer data to identify optimization opportunities, collaborating with cross-functional pods, and developing product requirements for digital lending journeys. Experienced in running the full product lifecycle from PRDs to deployment and tracking product performance to drive conversion improvements.","[""Lifted conversion 23% and user acquisition 14% by instrumenting the journey in Google Analytics and CleverTap, isolating the cohorts that dropped, and sequencing fixes by revenue impact rather than ticket count."", ""Ran the full product lifecycle for platform releases — requirement intake, PRDs, design, build, QA, deployment, and post-launch iteration — as the primary interface between business stakeholders and Engineering on scope, trade-offs, and release status."", ""Part of a ~20-member cross-functional pod (product, engineering, growth, CX, analytics) with 2 direct reports, aligning 10 functions — Business, Sales, Call Centre, Credit Policy, Risk, Legal, Compliance, IT, CX, and Marketing.""]","[{""original"": ""Ran the full product lifecycle for platform releases — requirement intake, PRDs, design, build, QA, deployment, and post-launch iteration — as the primary interface between business stakeholders and Engineering on scope, trade-offs, and release status."", ""rewritten"": ""Collaborated with cross-functional teams and managed product requirements through the full product lifecycle for platform releases — requirement intake, PRDs, design, build, QA, deployment, and post-launch iteration.""}, {""original"": ""Lifted conversion 23% and user acquisition 14% by instrumenting the journey in Google Analytics and CleverTap, isolating the cohorts that dropped, and sequencing fixes by revenue impact rather than ticket count."", ""rewritten"": ""Analyzed customer data by instrumenting the journey in Google Analytics and CleverTap to isolate dropped cohorts, lifting conversion 23% and user acquisition 14%.""}]","[""Agile"", ""Product Management"", ""Stakeholder Management"", ""Cross-functional""]","[""Bachelor's degree (B.Tech from Manipal Institute of Technology)"", ""Strong analytical and problem-solving skills"", ""Familiarity with Agile development methodologies"", ""Collaborating with cross-functional teams""]","[""Analyzing customer data: CV shows analysis via Google Analytics and CleverTap, though specific financial customer data analytics for banking products isn't fully detailed in an entry-level context since the candidate has 4+ years of experience rather than 0-1 years."", ""Developing product requirements: CV shows PRD creation and requirement gathering, but the JD asks for an entry-level (0-1 years) profile while the candidate is more senior with 4+ years of experience.""]","[""None identified regarding core product tasks, though the candidate is overqualified for a 0-1 years experience band.""]","Hi! I saw the APM role at AmEx. With 4+ years in product at Bajaj Finance, I've built digital lending journeys, analyzed customer data to lift conversion 23%, and collaborated with cross-functional teams. Would love to connect!",Summary rewritten for this JD; 2 bullet(s) reworded to JD vocabulary (metrics preserved verbatim); Bullets reprioritized in: Product Manager - Home Loans,"The job description asks for 0-1 years of experience, whereas the candidate has 4+ years of professional experience.","development, financial, support, senior, managers, services, play, conduct, analyze, contribute, requirements.key, responsibility",good_fit,inferred,0-3,"asks for 0-3 years, you have 4","What role you will play in team: Support senior product managers in the development and launch of new financial products and services. What you will do: Conduct market research, analyze customer data, and contribute to the development of product requirements.Key responsibility:Support senior product managers in the development and launch of new financial products and services.Conduct market research and competitive analysis.Analyze customer data to identify opportunities for product improvement.Develop and maintain product documentation.Collaborate with cross-functional teams to ensure successful product launches.Assist in the tracking of product performance and identification of areas for improvement.Required Qualification and Skills:Bachelor's degree in Business Administration, Finance, or a related field.0-1 years of experience in product management, preferably in the financial services industry.Strong analytical and problem-solving skills.Excellent communication and presentation skills.Proficiency in Microsoft Office Suite.Familiarity with Agile development methodologies.Benefits Included:Competitive salary and benefits package.Opportunities for professional development and advancement.Supportive and inclusive work environment.Health insurancePaid time offA Day in the Life: A day involves analyzing data, collaborating with colleagues, supporting product launches and attending meetings."
no,,,18,Principal Technical Program Manager,gitlab,"Bangalore, India",https://job-boards.greenhouse.io/gitlab/jobs/8784056002,30,27,3,weak,0.37,1/2,many successful,"[{""need"": ""many successful"", ""gain"": 3}, {""need"": ""principal technical"", ""gain"": 1}, {""need"": ""technical program"", ""gain"": 1}, {""need"": ""program manager"", ""gain"": 1}, {""need"": ""manager gitlab"", ""gain"": 1}]",Unverifiable mandatory gate — confirm manually: licence/certification,"{""skill_match"": 0.1429, ""experience_fit"": 0.85, ""domain"": 0, ""education"": 1.0, ""achievement"": 1, ""trajectory"": 1.0}",unknown,unknown,,greenhouse,direct,,,2026-09-09T02:19:23-04:00,,,,[],[],[],[],[],[],,,,"gitlab, nbsp, technical, initiatives, security, fortune, program, programs, communication, complex, executive, enterprise",over_senior,inferred,8-14,"title implies roughly 8-14 years (centre ~11y), above your 8-year ceiling — inferred from wording, not stated in the posting","GitLab is the intelligent orchestration platform for DevSecOps. GitLab enables organizations to increase developer productivity, improve operational efficiency, reduce security and compliance risk, and accelerate digital transformation. More than 50 million registered users and more than 50% of the Fortune 100* trust GitLab to ship better, more secure software faster. The same principles built into our products are reflected in how our team works: we embrace AI as a core productivity multiplier, with all team members expected to incorporate AI into their daily workflows to drive efficiency, innovation, and impact. GitLab is where careers accelerate, innovation flourishes, and every voice is valued. Our high-performance culture is driven by our values&nbsp;and continuous knowledge exchange, enabling our team members to reach their full potential while collaborating with industry leaders to solve complex problems. Co-create the future with us as we build technology that transforms how the world develops software. * Fortune 500® is a registered trademark of Fortune Media IP Limited, used under license. Claim based on GitLab data. Fortune 100 refers to the top 20% ranked companies in the 2025 Fortune 500 list, published in June 2025. Fortune and Fortune Media IP Limited are not affiliated with, and do not endorse products or services of GitLab. An overview of this role As a Technical Program Manager on GitLab's all-remote R&amp;D PMO team, you will own complex, end-to-end programs that are central to our AI-powered DevSecOps strategy. You will drive high-priority initiatives across product, engineering, data, and security teams, transforming strategic vision into executable plans that deliver innovative capabilities like the GitLab Duo Agent Platform and next-generation developer tools. You will work closely with executive leaders and cross-functional stakeholders, serving as the bridge between strategy and execution through clear communication, proactive risk managemen"
no,,,18,Program Manager,FlairX,"Bangalore, Karnataka",https://www.adzuna.in/land/ad/5875419357?se=pqp4siWs8RGN55pnK-PhvQ&utm_medium=api&utm_source=195aa6d0&v=1D58B740640DE2D25D3E594B947A13A9DC2DFB0B,33,44,1,weak,0.08,0/0,,"[{""need"": ""program manager"", ""gain"": 2}, {""need"": ""hiring"", ""gain"": 2}, {""need"": ""purpose-driven organization"", ""gain"": 2}, {""need"": ""intersection"", ""gain"": 2}, {""need"": ""well-being"", ""gain"": 2}]",,"{""skill_match"": 0.091, ""experience_fit"": 0.85, ""domain"": 0, ""education"": 1.0, ""achievement"": 1, ""trajectory"": 1.0}",services,negative_list,JD mentions 'our client',adzuna,aggregator,,,2026-09-08T14:39:58Z,,,,[],[],[],[],[],[],,,,"program, programs, initiatives, planning, execution, hiring, clients, purpose-driven, organization, intersection, well-being, transformational",unknown,unknown,,no experience requirement found in the available text,"We’re hiring for one of our clients—a purpose-driven organization working at the intersection of well-being, education, and transformational learning. We’re looking for a Program Manager who can take ownership of strategic programs and cross-functional initiatives from planning to successful execution. What You’ll Do Lead programs and strategic initiatives from planning through execution. Coordinate with cross-functional teams to ensure timely delivery of key milestones. Track program progress,…"
no,,,17,Senior Product Manager - Payments,Simplicity First,"Pune, Maharashtra",https://www.adzuna.in/details/5876480328?utm_medium=api&utm_source=195aa6d0,37,44,3,weak,0.46,1/2,Managing and releasing complex SaaS products,"[{""need"": ""Managing and releasing complex SaaS products"", ""gain"": 16}, {""need"": ""Product ownership"", ""gain"": 8}, {""need"": ""Developer or QA experience in a top tier technology company"", ""gain"": 5}, {""need"": ""Scrum Master or PMP certifications"", ""gain"": 5}]",,"{""skill_match"": 0.1579, ""experience_fit"": 0.552, ""domain"": 0, ""education"": 1.0, ""achievement"": 1, ""trajectory"": 1.0}",unknown,unknown,,adzuna,aggregator,,,2026-09-09T07:37:39Z,data/resumes/2026-09-09/Simplicity_First_Senior_Product_Manager_Payments/Mehul_Agarwal.docx,data/resumes/2026-09-09/Simplicity_First_Senior_Product_Manager_Payments/Mehul_Agarwal.pdf,"Product manager with over 4 years of experience building digital products and consumer lending platforms at scale, managing full product lifecycles from requirements gathering to deployment. Experienced in defining capability roadmaps, driving requirement intake, PRDs, design, build, QA, and deployment across cross-functional teams. Holds a Bachelor of Technology and an MBA, bringing deep technical and business expertise to product development and delivery.","[""Ran the full product lifecycle for platform releases — requirement intake, PRDs, design, build, QA, deployment, and post-launch iteration — as the primary interface between business stakeholders and Engineering on scope, trade-offs, and release status."", ""Rebuilt the application journey with UI/UX — cutting drop-off 40% and completion time 15%, lifting completed applications 30% and automating 22% more of the journey end-to-end through straight-through processing."", ""Owned the Personal Loan digital platform (app and web) at ~15 lakh Form-1 submissions/month, turning business and credit requirements into shipped capability while the channel scaled from ~₹400 Cr to ~₹1,100 Cr in monthly disbursals through a period of sector-wide tightening in consumer credit.""]","[{""original"": ""Ran the full product lifecycle for platform releases — requirement intake, PRDs, design, build, QA, deployment, and post-launch iteration — as the primary interface between business stakeholders and Engineering on scope, trade-offs, and release status."", ""rewritten"": ""Managed the full product lifecycle for platform releases through requirement intake, PRDs, design, build, QA, deployment, and post-launch iteration, serving as the technical interface between stakeholders and Engineering.""}, {""original"": ""Define the capability roadmap and requirements for the channel as its business owner — translating the disbursal target into product, policy, and partner asks for Technology, Credit, and Legal to build against."", ""rewritten"": ""Defined the product roadmap and technical requirements as owner, translating business targets into product, policy, and partner technical specifications for Technology and engineering teams to build against.""}]","[""Bachelor of Technology"", ""MBA""]","[""Bachelor's Degree in a technology or technical related field (B.Tech in MIT)"", ""MBA or other graduate-level degree (MBA from Delhi School of Economics)""]","[""Overall experience: CV shows 4+ years of experience, whereas the JD asks for 10 years of overall experience."", ""Product Owner/Manager experience: CV shows 4+ years, while the JD asks for 7 years as a Product Owner/Manager in a top-tier technology/SaaS company.""]","[""SaaS product experience: CV product experience is in retail NBFC digital lending platforms rather than SaaS products."", ""Developer or QA experience: CV shows product management and marketing experience rather than 3 years as a dedicated developer or QA."", ""Certifications: CV does not list Scrum Master or PMP certifications.""]","Hi, I saw the Senior Product Manager - Payments role and wanted to connect. I bring 4+ years of product lifecycle management experience, shipping complex digital platforms and defining technical requirements. Would love to discuss how my product execution background fits your team.",Summary rewritten for this JD; 2 bullet(s) reworded to JD vocabulary (metrics preserved verbatim); Bullets reprioritized in: Product Manager - Personal Loans,The candidate has 4+ years of digital product experience primarily in fintech/NBFC rather than 10 years overall and 7 years in SaaS requested by the JD.,"degree, saas, technical, related, field, graduate-level, preferably, owner/manager, top-tier, technology/saas, developer, tier",stretch,stated,7+,asks for 7+ years vs your 4,QUALIFICATIONS AND REQUIREMENTS: Bachelor s Degree in a technology or technical related field MBA or other graduate-level degree (preferred) 10 years of overall experience preferably in a product / SaaS company 7 years as a Product Owner/Manager in a top-tier technology/SaaS company 3 years of experience as a developer or QA in a top tier technology company (preferred) Proven track record of successfully managing and releasing complex SaaS products Certifications such as Scrum Master or PMP (pr…
no,,,17,Brand Partnership/Business Development Manager,Monk-E,"Bangalore, Karnataka",https://www.adzuna.in/land/ad/5873074448?se=NrfWoyWs8RGqUsrXbQAUXg&utm_medium=api&utm_source=195aa6d0&v=F0AD1A183D06352E4AC06133BB339D0884CB1CFA,33,50,1,weak,0.08,0/0,,"[{""need"": ""brand partnership/business"", ""gain"": 3}, {""need"": ""partnership/business development"", ""gain"": 3}, {""need"": ""development manager"", ""gain"": 3}, {""need"": ""currently"", ""gain"": 3}, {""need"": ""dynamic"", ""gain"": 3}]",,"{""skill_match"": 0.0827, ""experience_fit"": 0.85, ""domain"": 0, ""education"": 1.0, ""achievement"": 1, ""trajectory"": 1.0}",unknown,unknown,,adzuna,aggregator,,,2026-09-06T18:35:31Z,,,,[],[],[],[],[],[],,,,"relationships, brands, influencer, currently, dynamic, result, driven, department, play, pivotal, opportunities, closing",unknown,unknown,,no experience requirement found in the available text,"About the Company We are currently looking for a dynamic and result driven sales professional to join our team. As a key member of our sales department, you will play a pivotal role in driving our business growth by identifying new opportunities, building strong relationships with the brands and closing deals. Responsibilities Actively find brands that are spending on influencer marketing and secure briefs from them Build formidable relationships with agencies engaging in influencer marketing t…"
no,,,15,Product Owner,NMS Infraa,"Pune, Maharashtra",https://www.adzuna.in/details/5876485416?utm_medium=api&utm_source=195aa6d0,32,38,1,weak,0.08,0/0,,"[{""need"": ""product owner key"", ""gain"": 2}, {""need"": ""product ownership"", ""gain"": 2}, {""need"": ""take full ownership"", ""gain"": 2}, {""need"": ""product claims feature"", ""gain"": 2}, {""need"": ""alignment"", ""gain"": 2}]",,"{""skill_match"": 0.0417, ""experience_fit"": 0.85, ""domain"": 0, ""education"": 1.0, ""achievement"": 1, ""trajectory"": 1.0}",unknown,unknown,,adzuna,aggregator,,,2026-09-09T07:41:55Z,,,,[],[],[],[],[],[],,,,"ownership, initiatives, take, claims, feature, ensuring, alignment, goals, indian, insurance, needs, maintain",unknown,unknown,,no experience requirement found in the available text,"Key Responsibilities: Product Ownership: Take full ownership of the Product Claims feature team, ensuring alignment with strategic goals and Indian insurance market needs. Maintain a clear, prioritized list of work items aligned with business objectives. Write epics and user stories with well-defined acceptance criteria to deliver value and quality to customers. Strategic Initiatives: Support the development and execution of strategic initiatives under guidance from senior colleagues. Tailor in…"
no,,,15,Senior Business Analyst,J&J Family of Companies,"Bangalore, Karnataka",https://www.adzuna.in/details/5876722024?utm_medium=api&utm_source=195aa6d0,22,23,1,weak,0.08,0/0,,"[{""need"": ""senior business analyst"", ""gain"": 2}, {""need"": ""johnson johnson"", ""gain"": 2}, {""need"": ""believe health"", ""gain"": 2}, {""need"": ""everything"", ""gain"": 2}, {""need"": ""strength"", ""gain"": 2}]",,"{""skill_match"": 0.0417, ""experience_fit"": 0.85, ""domain"": 0, ""education"": 1.0, ""achievement"": 1, ""trajectory"": 1.0}",unknown,unknown,,adzuna,aggregator,,,2026-09-09T11:09:36Z,,,,[],[],[],[],[],[],,,,"johnson, health, healthcare, solutions, believe, everything, strength, innovation, empowers, world, complex, diseases",good_fit,inferred,6-10,"asks for 6-10 years, you have 4","At Johnson & Johnson,?we believe health is everything. Our strength in healthcare innovation empowers us to build a?world where complex diseases are prevented, treated, and cured,?where treatments are smarter and less invasive, and?solutions are personal.?Through our expertise in Innovative Medicine and MedTech, we are uniquely positioned to innovate across the full spectrum of healthcare solutions today to deliver the breakthroughs of tomorrow, and profoundly impact health for humanity.?Learn …"
no,,,15,NaBFID Business Analyst Recruitment 2026 – 24 Vacancies for Newly Qualified CAs – Fixed Term Contract,NaBFID – Business Analyst Recruitment (Advt No: NaBFID/REC/BNA/2026-27/01),"Mumbai, Maharashtra",https://www.rojgarpulse.in/jobs/5obbui2mnmm1?utm_campaign=google_jobs_apply&utm_source=google_jobs_apply&utm_medium=organic,34,40,1,weak,0.31,0/0,,"[{""need"": ""nabfid business"", ""gain"": 1}, {""need"": ""business analyst"", ""gain"": 1}, {""need"": ""analyst recruitment"", ""gain"": 1}, {""need"": ""vacancies"", ""gain"": 1}, {""need"": ""newly qualified"", ""gain"": 1}]",,"{""skill_match"": 0.0198, ""experience_fit"": 0.42, ""domain"": 0.25, ""education"": 1.0, ""achievement"": 1, ""trajectory"": 1.0}",unknown,unknown,,serpapi,aggregator,,,,,,,[],[],[],[],[],[],,,,"icai, nabfid, placements, fixed, term, portal, compensation, interview, analyst, total, june, apply",unknown,unknown,,no experience requirement found in the available text,"NaBFID Business Analyst Recruitment 2026 + National Bank for Financing Infrastructure and Development (NaBFID) invites applications from newly qualified Chartered Accountants (CAs) for Business Analyst positions on a fixed term (short term contract) basis. + + Vacancy Details + Stream SC ST OBC EWS UR Total + Lending & Project Finance 2 2 2 1 3 10 + Risk Management 1 1 1 – 2 5 + Compliance – – 1 1 1 3 + Internal Audit – – – – 1 1 + Investment & Treasury – – 1 – 1 2 + Accounts – – – – 3 3 + Total 3 2 4 1 12 22 + + + Eligibility Criteria + + Qualification: Cleared final CA exam as on 30 June 2026 + Age: 21–32 years as on 30 June 2026. Relaxation: SC/ST – 5 yrs, OBC – 3 yrs, PwBD – 10 yrs + Registration: Must be registered at ICAI Placements Portal + + + Compensation + Annual Fixed Compensation: Rs. 16.67 Lakh (approx.) + Variable Pay: Up to 20% of fixed compensation as performance bonus + Benefits: Group Insurance (Medical, Accidental & Term Life) + + Selection Process + + Shortlisting from ICAI placements portal registrations + Personal Interview (100 marks, minimum 40% for GEN/EWS, 35% for SC/ST/OBC/PwBD) + Tentative Interview Date: 4 August 2026 + Interview location: Mumbai (ICAI Centre) + + + How to Apply + Apply through the ICAI Placements Portal only: https://icaiplacements.icai.org + No hard copy or direct applications to NaBFID will be accepted. + + Important Links + Link Action + Official Notification Download PDF + NaBFID Careers nabfid.org/careers + ICAI Placements i"
no,,,12,Lead Business Analyst - Credit Analyst,Société Générale,"Bengaluru, Karnataka",https://www.simplyhired.co.in/job/TDf5HuhYCwfTCaTZoPVcPJswvCIAJmxtjmKowRfXfY-tuadMIr7aYQ?utm_campaign=google_jobs_apply&utm_source=google_jobs_apply&utm_medium=organic,33,26,4,weak,0.69,2/7,"ideal, proven track record, end-to-end project delivery, agile environments, profile","[{""need"": ""ideal"", ""gain"": 2}, {""need"": ""proven track record"", ""gain"": 2}, {""need"": ""end-to-end project delivery"", ""gain"": 2}, {""need"": ""agile environments"", ""gain"": 2}, {""need"": ""profile"", ""gain"": 2}]",,"{""skill_match"": 0.1721, ""experience_fit"": 0.51, ""domain"": 0.25, ""education"": 1.0, ""achievement"": 1, ""trajectory"": 1.0}",unknown,unknown,,serpapi,aggregator,,,,,,,[],[],[],[],[],[],,,,"agile, project, complex, manage, proven, mentor, junior, major, ensuring, methodologies, facilitate, environment",over_senior,stated,12+,"asks for 12+ years, above your 8-year ceiling","Responsibilities
Experience : 12+ Years


Job Summary: We are seeking an experienced Principal Business Analyst / Consultant to lead and manage complex business analysis initiatives across multiple teams. The ideal candidate will have a proven track record in requirement gathering, stakeholder management, and end-to-end project delivery within Agile environments. You will mentor and guide junior Business Analysts, oversee testing of major features, and manage up to three cross-functional teams to ensure successful project outcomes.


Knowledge of entire credit risk life cycle.
Experience covering large corporates in underwriting process across various industries and regions.
Working knowledge of risk methodology, rating models etc.
 Working experience on credit risk modelling to prepare financial models/forecasts for various scenarios.


Key Responsibilities:


Lead Complex Studies:


Drive and manage large-scale, complex business analysis studies, ensuring alignment with organizational goals and stakeholder expectations. Writing BDDs/user stories in a clear way.
Agile Practice Leadership:


Champion Agile methodologies and best practices across teams. Facilitate Agile ceremonies (e.g., sprint planning, backlog grooming, retrospectives), and ensure continuous improvement in Agile delivery.
Team Management:


Oversee and coordinate the work of up to three business analysis teams, providing leadership, direction, and support to ensure high performance and professional growth.
Mentorship :


Coach and mentor junior Business Analysts, fostering a collaborative and knowledge-sharing environment.
Requirement Gathering:


Facilitate workshops, interviews, and other techniques to elicit, analyze, and document business and system requirements from stakeholders.
Stakeholder Engagement:


Build strong relationships with business and technical stakeholders, acting as a trusted advisor and ensuring clear communication throughout the project lifecycle.
Testing Oversight:


Lead t"
no,,,8,Partner Alliance & Growth Manager,Selective Global Search Pvt. Ltd.,"Mumbai, Maharashtra",https://www.adzuna.in/land/ad/5875602603?se=KlhmtiWs8RGqUsrXbQAUXg&utm_medium=api&utm_source=195aa6d0&v=ABCF70828BE75490C918F6A7A1739B8233BE1AD4,39,52,1,weak,0.3,0/0,,"[{""need"": ""manager hiring"", ""gain"": 2}, {""need"": ""hiring partner"", ""gain"": 2}, {""need"": ""manager mumbai"", ""gain"": 2}, {""need"": ""confidential leadership mandate"", ""gain"": 2}, {""need"": ""leading professional"", ""gain"": 2}]",,"{""skill_match"": 0.1496, ""experience_fit"": 0.58, ""domain"": 0, ""education"": 1.0, ""achievement"": 1, ""trajectory"": 1.0}",unknown,unknown,,adzuna,aggregator,,,2026-09-08T18:40:40Z,,,,[],[],[],[],[],[],,,,"cloud, hiring, alliance, confidential, leading, services, organisation, accomplished, development, exposure, ecosystem, ex-google",over_senior,stated,9-15,"asks for 9-15 years, above your 8-year ceiling","Hiring | Partner Alliance & Growth Manager  Mumbai |  9–15 Years We are working on a confidential leadership mandate with a leading professional services organisation and are looking for an accomplished business development professional with strong exposure to the Google / Google Cloud partner ecosystem or Ex-Google . The role is suited to someone who has built strategic relationships, originated business and worked closely with Google/Google Cloud teams to create and grow enterprise opportuni…"
