applied,applied_on,match_feedback,score,title,company,location,url,frozen_score,legacy_score,percentile,band,jd_difficulty,must_coverage,missing_must,top_gaps,score_flags,sub_scores,source,apply_channel,salary_min,salary_max,updated_at,resume_docx,resume_pdf,tailored_summary,bullets_to_lead_with,rewritten_bullets,keywords_to_add_if_true,fit_exact,fit_partial,fit_gaps,outreach_note,change_log,honest_gap_note,missing_keywords,exp_verdict,exp_confidence,exp_required,exp_why,description_snippet
no,,,67,QA Business Analyst,Verisk Careers | Verisk,"Hyderabad, Telangana",https://fa-ewmy-saasfaprod1.fa.ocs.oraclecloud.com/hcmUI/CandidateExperience/en/sites/CX_1/job/3833?utm_campaign=google_jobs_apply&utm_source=google_jobs_apply&utm_medium=organic,38,35,76,competitive,0.14,0/0,,"[{""need"": ""Underwriting products support"", ""gain"": 12}]",,"{""skill_match"": 0.6667, ""experience_fit"": 0.85, ""domain"": 0, ""education"": 1.0, ""achievement"": 0.8571, ""trajectory"": 1.0}",serpapi,aggregator,,,2 days ago,data/resumes/2026-08-16/Verisk_Careers_Verisk_QA_Business_Analyst/Mehul_Agarwal.docx,data/resumes/2026-08-16/Verisk_Careers_Verisk_QA_Business_Analyst/Mehul_Agarwal.pdf,"Product Manager with 4+ years building digital lending products, translating business and credit-policy requirements into scalable lead-generation and qualification systems. Experienced in writing detailed product specifications and requirements in partnership with engineering teams to ensure aligned, on-time delivery. Grounded in data, uses analytics to validate decisions, prioritize the roadmap, and drive conversion optimization.","[""Served as primary liaison between technical and business stakeholders, driving alignment on requirements and project status throughout the delivery lifecycle."", ""Wrote detailed product specifications and requirements in partnership with engineering teams to ensure aligned, on-time delivery."", ""Owned end-to-end delivery — from concept and design through development, testing, deployment, and post-launch support — ensuring seamless product releases.""]","[{""original"": ""Served as primary liaison between technical and business stakeholders, driving alignment on requirements and project status throughout the delivery lifecycle."", ""rewritten"": ""Served as primary liaison between technical and business stakeholders, driving alignment on requirements and project status throughout the product development and delivery lifecycle.""}, {""original"": ""Wrote detailed product specifications and requirements in partnership with engineering teams to ensure aligned, on-time delivery."", ""rewritten"": ""Wrote detailed product specifications and requirements in close partnership with engineering teams to ensure aligned, on-time product delivery.""}, {""original"": ""Owned end-to-end delivery — from concept and design through development, testing, deployment, and post-launch support — ensuring seamless product releases."", ""rewritten"": ""Owned end-to-end product delivery — from concept and design through development, testing, deployment, and post-launch support — ensuring seamless product releases.""}]","[""product managers"", ""IT"", ""delivery""]","[""Working closely with product managers and IT/engineering"", ""Delivering and supporting digital product solutions""]","[""Requirements gathering and specification writing: CV shows writing detailed product specifications and requirements with engineering teams, but lacks formal QA testing or insurance/underwriting domain experience.""]","[""Quality Assurance (QA) business analysis experience"", ""Insurance and underwriting domain knowledge (ISO Underwriting / Electronic Rating Content)"", ""Specific QA testing, rating content development, or underwriting systems background""]","Hi, I bring 4+ years of product management experience working closely with engineering and business teams on end-to-end digital platforms at Bajaj Finance. I'd love to discuss how my stakeholder alignment and requirements background fits your team.",Summary rewritten for this JD; 3 bullet(s) reworded to JD vocabulary (metrics preserved verbatim); Skill groups reordered (Domain & Growth first),"The CV does not demonstrate QA Business Analyst experience, insurance domain knowledge, or underwriting rating content development.","underwriting, verisk, analyst, unit, insurance, solutions, hiring, developing, supporting, electronic, rating, closely",unknown,unknown,,no experience requirement found in the available text,"The ISO Underwriting unit of Verisk Insurance Solutions is hiring a QA Business Analyst as part of the team developing and supporting ISO’s Electronic Rating Content (ERC) product.  As a QA Business Analyst at Verisk, you will be part of our Underwriting Products team, working closely with product managers and IT to enable success for our customers and drive the ERC product forward."
no,,,64,Senior Growth Manager - Digital Advertising,Paytm Services Private Limited,"Noida, Uttar Pradesh",https://apna.co/job/noida/growth-management-sr-manager-paytm-ads-1002403659?utm_campaign=google_jobs_apply&utm_source=google_jobs_apply&utm_medium=organic,46,49,85,strong,0.41,2/5,"Program management, Business planning for ad property portfolios, Reporting and insights analysis","[{""need"": ""Program management"", ""gain"": 5}, {""need"": ""Business planning for ad property portfolios"", ""gain"": 5}, {""need"": ""Reporting and insights analysis"", ""gain"": 5}, {""need"": ""Cross-functional execution"", ""gain"": 3}, {""need"": ""Data-focused problem solving"", ""gain"": 3}]",,"{""skill_match"": 0.2927, ""experience_fit"": 1.0, ""domain"": 0.5, ""education"": 1.0, ""achievement"": 1, ""trajectory"": 1.0}",serpapi,aggregator,,,23 days ago,data/resumes/2026-08-16/Paytm_Services_Private_Limited_Senior_Growth_Manager_Digital_Advertisin/Mehul_Agarwal.docx,data/resumes/2026-08-16/Paytm_Services_Private_Limited_Senior_Growth_Manager_Digital_Advertisin/Mehul_Agarwal.pdf,"Product Manager with 4+ years building digital lending products and acquisition stacks in fintech, currently owning the Home Loan digital acquisition stack at Bajaj Finance. Experienced in translating business requirements into scalable lead-generation and qualification systems, driving digital campaign infrastructure, and optimizing user funnels. Grounded in data, uses Google Analytics, CleverTap, and Looker Studio to validate decisions and prioritize roadmaps.","[""• Define requirements and drive execution of digital campaign infrastructure across search, social, and paid channels to generate high-quality home loan demand."", ""• Map and optimize the end-to-end digital home loan funnel — from awareness and lead generation through login, sanction, and disbursal — identifying drop-off points and prioritizing fixes."", ""• Led development and management of digital platforms (app and web) for the Personal Loan product, growing user engagement 27% and user acquisition 14%.""]","[{""original"": ""• Own product strategy for Home Loan digital acquisition, translating business and credit-policy requirements into scalable lead-generation and qualification systems."", ""rewritten"": ""• Own product strategy for Home Loan digital acquisition, driving growth initiatives and translating business and credit-policy requirements into scalable lead-generation systems.""}, {""original"": ""• Map and optimize the end-to-end digital home loan funnel — from awareness and lead generation through login, sanction, and disbursal — identifying drop-off points and prioritizing fixes."", ""rewritten"": ""• Execute end-to-end growth initiatives across the digital home loan funnel — from awareness and lead generation through login, sanction, and disbursal — analyzing drop-off points and prioritizing fixes.""}, {""original"": ""• Used Google Analytics and CleverTap to track user behaviour and KPIs, driving data-informed decisions that lifted conversion rates 23%."", ""rewritten"": ""• Used Google Analytics and CleverTap to track user behavior and KPIs, driving data-informed growth insights and decisions that lifted conversion rates 23%.""}, {""original"": ""• Managed Instagram Ads and Facebook Ads campaigns, optimizing ad copy and targeting to reduce cost-per-click by 58% and increase ROI by 35%."", ""rewritten"": ""• Managed digital advertising campaigns (Instagram Ads and Facebook Ads), optimizing ad copy and targeting to reduce cost-per-click by 58% and increase ROI by 35%.""}]","[""Growth Management"", ""Performance Marketing"", ""Facebook/Google Ads"", ""Lead Funnel Optimisation"", ""Stakeholder Management""]","[""4-8+ years of experience in growth, product, or strategy"", ""Comfort operating in fast-paced, data-focused environment"", ""Demonstrated analytical problem-solving ability and experience driving strategic initiatives""]","[""Past experience in growth or strategy roles in B2C/consumer internet businesses (CV demonstrates B2C fintech digital lending rather than general ecommerce/scratch cards)"", ""Cross-functional program management and stakeholder collaboration (CV shows stakeholder management with tech, business, and credit teams, but not specifically for a scratch cards & deals ad property portfolio)""]","[""No direct experience managing a scratch cards & deals business within an ad platform like Paytm Ads"", ""No direct experience in advertising portfolio revenue planning or ad inventory monetization""]","Hi, I saw the Sr. Manager - Paytm Ads growth role and wanted to connect. With 4+ years owning digital acquisition stacks and lead funnels at Bajaj Finance—driving growth, conversion rate lifts, and performance campaigns—I bring strong analytical execution. I'd love to discuss how my data-driven growth background maps to your team.",Summary rewritten for this JD; 4 bullet(s) reworded to JD vocabulary (metrics preserved verbatim); Skill groups reordered (Domain & Growth first); Skill items resequenced toward JD mentions,The CV does not demonstrate past experience in digital advertising platform revenue management or managing scratch cards and deals ad properties.,"paytm, payments, insights, initiatives, aptitude, mobile, services, businesses, commerce, ecosystem, analytical, depth",good_fit,stated,4-8,"asks for 4-8 years, you have 4","Growth Management- Sr. Manager- Paytm Ads Location- Noida About Us: Paytm is India's leading mobile payments and financial services distribution company. Pioneer of the mobile QR payments revolution in India, Paytm builds technologies that help small businesses with payments and commerce. Paytm’s mission is to serve half a billion Indians and bring them to the mainstream economy with the help of technology. About the Team Paytm Ads is the digital advertising platform of Paytm, enabling brands to reach and engage with over 350M+ users across Paytm’s ecosystem of 200+ payment, commerce, and retail services—both online and offline. By leveraging transaction signals and behavioral insights, Paytm Ads enables advertisers to target highly relevant consumer cohorts and deliver performance-driven campaigns. Role Overview The Growth Manager will execute end to end growth initiatives for the Paytm scratch cards & deals business within Paytm ads. This role demands high aptitude, strong analytical depth with robust collaboration with stakeholder teams across product, sales, operations, platform and revenue heads. Key Responsibilities - Own end-to-end execution of cross functional growth initiatives across category and functions - Program manage - initiative progress, stakeholder engagement, product asks, while representing the business team - Business planning for the ad property portfolio to ensure optimal revenue per impression - Reporting and insights - work closely with analytics and data science teams to drive insights and presentations for business reviews, leadership reviews - Collaborate closely with Product, Analytics, and CRM teams to track performance on growth projects assigned Experience & Aptitude - Graduate/Postgraduate with 4-8+ years of experience in Growth, Product, Strategy or Marketing - Past experience in growth or strategy/ planning roles in B2C/ ecommerce/ consumer internet businesses is a plus - Demonstrated high aptitude and strong analytical problem-so"
no,,,64,Product Manager — B2B SaaS & AI,Charlie,"Bangalore, Karnataka",https://www.adzuna.in/details/5843301419?utm_medium=api&utm_source=195aa6d0,49,71,79,competitive,0.29,1/1,,"[{""need"": ""engineering, design, and business collaboration"", ""gain"": 9}, {""need"": ""problem discovery through delivery and iteration"", ""gain"": 9}]",,"{""skill_match"": 0.5, ""experience_fit"": 1.0, ""domain"": 0, ""education"": 1.0, ""achievement"": 0.8571, ""trajectory"": 1.0}",adzuna,aggregator,,,2026-08-15T21:58:18Z,data/resumes/2026-08-16/Charlie_Product_Manager_B2B_SaaS_AI/Mehul_Agarwal.docx,data/resumes/2026-08-16/Charlie_Product_Manager_B2B_SaaS_AI/Mehul_Agarwal.pdf,"Product Manager with 4+ years of product management experience building digital platforms and lending products in fintech, collaborating with engineering, design, and business teams. Proven track record of owning product areas end-to-end from problem discovery through delivery, iteration, and lead optimization. Grounded in data, uses analytics to drive product decisions and scale digital user acquisition.","[""• Own product strategy for Home Loan digital acquisition, translating business and credit-policy requirements into scalable lead-generation and qualification systems."", ""• Led development and management of digital platforms (app and web) for the Personal Loan product, growing user engagement 27% and user acquisition 14%."", ""• Served as primary liaison between technical and business stakeholders, driving alignment on requirements and project status throughout the delivery lifecycle.""]","[{""original"": ""• Served as primary liaison between technical and business stakeholders, driving alignment on requirements and project status throughout the delivery lifecycle."", ""rewritten"": ""• Worked closely with technical and business stakeholders, driving alignment on requirements and project status from problem discovery through delivery and iteration.""}, {""original"": ""• Wrote detailed product specifications and requirements in partnership with engineering teams to ensure aligned, on-time delivery."", ""rewritten"": ""• Wrote detailed product specifications and requirements in partnership with engineering teams to turn requirements into scalable products.""}, {""original"": ""• Map and optimize the end-to-end digital home loan funnel — from awareness and lead generation through login, sanction, and disbursal — identifying drop-off points and prioritizing fixes."", ""rewritten"": ""• Owned product areas from discovery to delivery, mapping and optimizing the end-to-end funnel to solve operational drop-off points and prioritize fixes.""}]","[""product management"", ""delivery"", ""iteration""]","[""Product management experience (4+ years)"", ""Working closely with engineering, design, and business teams"", ""Owning product areas from problem discovery through delivery and iteration""]","[""B2B SaaS and AI: The CV demonstrates product management and AI voice assist implementation, but the domain is fintech and digital lending rather than B2B SaaS.""]","[""Experience specifically in a B2B SaaS company building products for modern businesses""]","Hi, I saw your PM opening in India. With 4+ years in product management owning end-to-end digital platforms and cross-functional delivery at Bajaj Finance, I'd love to connect.",Summary rewritten for this JD; 3 bullet(s) reworded to JD vocabulary (metrics preserved verbatim),"The JD asks for B2B SaaS and AI company experience, whereas the candidate's background is focused on fintech and digital lending.","customer, problems, hiring, confidential, saas, modern, businesses, solve, complex, operational, closely, turn",good_fit,stated,4-8,"asks for 4-8 years, you have 4","We’re hiring a Product Manager in India for a confidential B2B SaaS and AI company building products used by modern businesses to solve complex operational and customer problems. You’ll work closely with engineering, design, and business teams to turn customer problems into products that are useful, measurable, and scalable. We’re looking for someone with 4–8 years of product management experience who can: • Own product areas from problem discovery through delivery and iteration • Identify mean…"
no,,,60,Senior Business Analyst (LAS),Pluginlive,"Navi Mumbai, Maharashtra",https://www.adzuna.in/details/4863399647?utm_medium=api&utm_source=195aa6d0,50,56,73,competitive,0.32,1/2,Securities Lending Domain (LAS – Loan against securities),"[{""need"": ""Securities Lending Domain (LAS – Loan against securities)"", ""gain"": 10}, {""need"": ""Share sale"", ""gain"": 5}, {""need"": ""Corporate action"", ""gain"": 5}, {""need"": ""Banking industry Experience"", ""gain"": 3}]",,"{""skill_match"": 0.27, ""experience_fit"": 0.7, ""domain"": 0.75, ""education"": 1.0, ""achievement"": 0.8571, ""trajectory"": 1.0}",adzuna,aggregator,1000000,2500000,2024-09-14T11:27:03Z,data/resumes/2026-08-16/Pluginlive_Senior_Business_Analyst_LAS/Mehul_Agarwal.docx,data/resumes/2026-08-16/Pluginlive_Senior_Business_Analyst_LAS/Mehul_Agarwal.pdf,"Product Manager with 4+ years building digital lending products in fintech, currently owning the Home Loan digital acquisition stack at Bajaj Finance including credit eligibility rules and lead allocation engines. Experienced in managing digital lending platforms, business process workflows, and stakeholder alignment across engineering, design, and credit policy teams. Grounded in data analytics, using tools like Google Analytics, CleverTap, and Looker Studio to track user behavior and optimize loan funnels.","[""Design and ship the MCP (Minimum Credit Parameters) Master and Lead Allocation Master — a rules engine that pre-qualifies leads and routes them to the right lending partner based on credit profile, eligibility, and business rules."", ""Map and optimize the end-to-end digital home loan funnel — from awareness and lead generation through login, sanction, and disbursal — identifying drop-off points and prioritizing fixes."", ""Owned end-to-end delivery — from concept and design through development, testing, deployment, and post-launch support — ensuring seamless product releases.""]","[{""original"": ""Own product strategy for Home Loan digital acquisition, translating business and credit-policy requirements into scalable lead-generation and qualification systems."", ""rewritten"": ""Own product strategy for Home Loan digital acquisition, translating business and credit-policy requirements into scalable lead-generation, qualification, and lending systems.""}, {""original"": ""Map and optimize the end-to-end digital home loan funnel — from awareness and lead generation through login, sanction, and disbursal — identifying drop-off points and prioritizing fixes."", ""rewritten"": ""Map and optimize the end-to-end digital home loan funnel — from awareness and lead generation through login, sanction, and disbursal — supporting portfolio analytics by identifying drop-off points and prioritizing fixes.""}, {""original"": ""Led development and management of digital platforms (app and web) for the Personal Loan product, growing user engagement 27% and user acquisition 14%."", ""rewritten"": ""Led development and management of digital platforms (app and web) for commercial loan product functions, growing user engagement 27% and user acquisition 14%.""}]","[""Digital Lending"", ""Product Management"", ""Risk Management"", ""Business Process""]","[""Digital lending and fintech domain experience"", ""End-to-end product delivery, solution design, and business process automation workflows"", ""Credit eligibility rules, risk management parameters, and portfolio analytics tools""]","[""Lending area experience is demonstrated in digital personal loans and home loans rather than explicitly specified commercial loan products or loan servicing platforms."", ""Experience spans 4+ years, falling short of the requested 6 to 10 years.""]","[""No experience in Securities Lending Domain (LAS – Loan against securities) or managing multiple securities events like share sales and corporate actions.""]","Hi, I lead digital lending platforms and acquisition stacks at Bajaj Finance, building credit qualification rules engines and optimizing loan funnels end-to-end. My background in fintech product management aligns well with building lending solutions. I'd love to discuss how my execution experience fits your team.","Summary rewritten for this JD; 3 bullet(s) reworded to JD vocabulary (metrics preserved verbatim); Bullets reprioritized in: Product Manager, Product Manager - Home Loan; Skill groups reordered (Product & Delivery first)",The CV does not demonstrate experience in the Securities Lending Domain (LAS – Loan against securities) or handling corporate actions.,"securities, location, navi, compensation, upto, commensurate, banking, industry, preferably, against, solution, following",good_fit,stated,6-10,"asks for 6-10 years, you have 4","Location : Navi Mumbai Experience : 6 to 10 years Compensation : Upto 27 LPA (Commensurate with Experience) Key Responsibilities: Banking industry Experience, preferably in Securities Lending Domain (LAS – Loan against securities). Solution experience in one of more of the following Lending areas :- Business Process Automation, Credit & Portfolio Analytics, Commercial Loan Product, Loan Servicing and Risk Management. Familiar with multiple securities events i.e. Share sale, Corporate action, Re…"
no,,,58,YouTube Growth Manager,PassionMojo,"Mumbai, Maharashtra",https://bebee.com/in/jobs/youtube-growth-manager-passionmojo-mumbai--ss-in-wt3o45?utm_campaign=google_jobs_apply&utm_source=google_jobs_apply&utm_medium=organic,47,57,72,competitive,0.38,3/6,"YouTube management, OTT platforms, Google and YouTube algorithms","[{""need"": ""YouTube management"", ""gain"": 4}, {""need"": ""OTT platforms"", ""gain"": 4}, {""need"": ""Google and YouTube algorithms"", ""gain"": 4}, {""need"": ""YouTube channel growth strategy"", ""gain"": 2}, {""need"": ""digital media and marketing"", ""gain"": 2}]",,"{""skill_match"": 0.39, ""experience_fit"": 0.85, ""domain"": 0, ""education"": 1.0, ""achievement"": 1, ""trajectory"": 1.0}",serpapi,aggregator,,,4 days ago,data/resumes/2026-08-16/PassionMojo_YouTube_Growth_Manager/Mehul_Agarwal.docx,data/resumes/2026-08-16/PassionMojo_YouTube_Growth_Manager/Mehul_Agarwal.pdf,"Product Manager with 4+ years of experience in digital acquisition, digital marketing campaigns, and stakeholder management in fintech. Demonstrated success in performance marketing, SEO, and executing digital campaign infrastructure across search and social channels. Brings analytical rigor using Google Analytics to optimize lead funnels and drive data-informed growth strategies.","[""Defined requirements and drive execution of digital campaign infrastructure across search, social, and paid channels to generate high-quality home loan demand."", ""Managed Instagram Ads and Facebook Ads campaigns, optimizing ad copy and targeting to reduce cost-per-click by 58% and increase ROI by 35%."", ""Raised the website's SEO score from 34 to 71 through on-page and off-page optimization and keyword research, driving a 40% increase in organic search traffic.""]","[{""original"": ""Managed Instagram Ads and Facebook Ads campaigns, optimizing ad copy and targeting to reduce cost-per-click by 58% and increase ROI by 35%."", ""rewritten"": ""Formulated and executed digital marketing campaigns across social channels, optimizing ad copy and targeting to reduce cost-per-click by 58% and increase ROI by 35%.""}, {""original"": ""Defined requirements and drive execution of digital campaign infrastructure across search, social, and paid channels to generate high-quality home loan demand."", ""rewritten"": ""Formulated digital marketing plans and executed campaigns across search, social, and paid channels to generate high-quality home loan demand and drive traffic.""}]","[""SEO""]","[""Digital marketing campaigns execution"", ""SEO and digital marketing tools usage"", ""Performance marketing and lead funnel optimization""]","[""Digital media and marketing: CV shows digital marketing and ad management experience through Kantha India and Voxturr Consulting, but lacks direct OTT platform marketing experience."", ""Partner integrations and relationship building: CV demonstrates NBFC and financial-institution partnerships and stakeholder management, but not influencer or YouTuber tie-ups.""]","[""YouTube channel growth strategy and algorithm optimization"", ""YouTuber relations and influencer marketing / tie-ups"", ""OTT platform exposure and partnerships""]","Hi, I saw the YouTube Growth Manager role. My background includes managing digital marketing campaigns, SEO optimization, and driving traffic growth as demonstrated in my past marketing roles. Let's connect.",Summary rewritten for this JD; 2 bullet(s) reworded to JD vocabulary (metrics preserved verbatim); Skill groups reordered (Domain & Growth first); Skill items resequenced toward JD mentions,"The job requires YouTube channel growth, influencer/YouTuber relations, and OTT platform exposure, which are not present in the candidate's fintech-focused CV.","youtube, implement, channel, algorithms, trends, media, utilize, presence, influencer, tie-ups, influencers, passion",unknown,unknown,,no experience requirement found in the available text,"Key Responsibilities:

YouTube Channel Growth Strategy:

Develop and implement a comprehensive growth strategy for YouTube channel.
Understand YouTube algorithms and trends to optimize content for maximum visibility.


Digital Media and Marketing:

Formulate and execute digital marketing plans to drive traffic to website and OTT platform.
Design and implement effective marketing campaigns across various digital channels.
Utilize SEO, SEM, and other tools to enhance online presence.


YouTuber Relations and Influencer Tie-ups:

Build and nurture relationships with You Tubers and influencers to drive traffic to OTT platform.
Negotiate and establish tie-ups with influencers for collaborative content and promotions.
Leverage influencer marketing to increase OTT visibility within the target audience.


OTT Platform Exposure:

Utilize knowledge of OTT platforms to enhance OTT presence in the digital space.
Explore opportunities for partnerships and collaborations with other OTT platforms.
Stay updated on industry trends and implement best practices for OTT growth.


Content Development Understanding:


Collaborate with content development teams to ensure the creation of engaging and relevant content.
Ensure consistency and quality across all digital platforms.

Qualifications and Skills:

Experience: Relevant experience in digital marketing, YouTube management, and OTT platforms.
Technical Skills: Proficient in Google and YouTube algorithms, SEO, and digital marketing tools.
Passion: A geeky and techie individual with a passion for digital media and content creation."
no,,,55,Growth Manager – Cards & Payments (Bengaluru),Poptech Growth Private,"Bengaluru, Karnataka",https://in.jobrapido.com/jobpreview/82989469069737984?utm_campaign=google_jobs_apply&utm_source=google_jobs_apply&utm_medium=organic,43,39,68,competitive,0.42,0/5,"Growth, Business, Product Growth or similar experience, Robust analytical and problem-solving skills with hands-on knowledge of SQL and Excel/Google Sheets, Strong understanding of growth funnels, customer segmentation and experimentation, Ability to independently move from data -> insight -> action -> impact, Comfortable working cross-functionally with Product, CRM, Analytics and Business teams","[{""need"": ""Growth, Business, Product Growth or similar experience"", ""gain"": 4}, {""need"": ""Robust analytical and problem-solving skills with hands-on knowledge of SQL and Excel/Google Sheets"", ""gain"": 4}, {""need"": ""Strong understanding of growth funnels, customer segmentation and experimentation"", ""gain"": 4}, {""need"": ""Ability to independently move from data -> insight -> action -> impact"", ""gain"": 4}, {""need"": ""Comfortable working cross-functionally with Product, CRM, Analytics and Business teams"", ""gain"": 4}]",,"{""skill_match"": 0.0566, ""experience_fit"": 1.0, ""domain"": 0.5, ""education"": 1.0, ""achievement"": 1, ""trajectory"": 1.0}",serpapi,aggregator,,,2 days ago,data/resumes/2026-08-16/Poptech_Growth_Private_Growth_Manager_Cards_Payments_Bengaluru/Mehul_Agarwal.docx,data/resumes/2026-08-16/Poptech_Growth_Private_Growth_Manager_Cards_Payments_Bengaluru/Mehul_Agarwal.pdf,"Product Manager with 4+ years of fintech experience building digital lending products, driving user acquisition, and optimizing digital funnels through data-informed decisions. Adept at cross-functional collaboration with product, engineering, and business teams to conceptualize campaigns, experiments, and growth initiatives. Grounded in data analytics using Google Analytics, CleverTap, and Looker Studio to track user behavior and KPIs.","[""• Map and optimize the end-to-end digital home loan funnel — from awareness and lead generation through login, sanction, and disbursal — identifying drop-off points and prioritizing fixes."", ""• Used Google Analytics and CleverTap to track user behaviour and KPIs, driving data-informed decisions that lifted conversion rates 23%."", ""• Led development and management of digital platforms (app and web) for the Personal Loan product, growing user engagement 27% and user acquisition 14%.""]","[{""original"": ""• Map and optimize the end-to-end digital home loan funnel — from awareness and lead generation through login, sanction, and disbursal — identifying drop-off points and prioritizing fixes."", ""rewritten"": ""• Map and optimize the end-to-end digital home loan funnel — from awareness and lead generation through login, sanction, and disbursal — identifying funnel gaps and prioritizing fixes.""}, {""original"": ""• Used Google Analytics and CleverTap to track user behaviour and KPIs, driving data-informed decisions that lifted conversion rates 23%."", ""rewritten"": ""• Used Google Analytics and CleverTap to track user behaviour and KPIs, conducting deep dives into customer behaviour to drive data-informed decisions that lifted conversion rates 23%.""}, {""original"": ""• Conceptualise campaigns, propositions and experiments to drive card adoption and usage."", ""rewritten"": ""• Conceptualise campaigns, propositions and experiments to drive customer adoption and usage.""}, {""original"": ""• Designed and ship the MCP (Minimum Credit Parameters) Master and Lead Allocation Master — a rules engine that pre-qualifies leads and routes them to the right lending partner based on credit profile, eligibility, and business rules."", ""rewritten"": ""• Designed and shipped the MCP (Minimum Credit Parameters) Master and Lead Allocation Master — a rules engine that segments customers and routes them based on credit profile, eligibility, and business rules.""}]","[""fintech"", ""Product Management"", ""Data Analytics"", ""A/B Testing"", ""Lead Funnel Optimisation"", ""Stakeholder Management""]","[""2-3 years of experience in fintech / product roles"", ""Strong understanding of growth funnels and customer segmentation"", ""Comfortable working cross-functional with Product, Analytics, and Business teams"", ""Ability to independently move from data to insight and impact""]","[""Growth, business, or product growth experience — candidate has 4+ years of Product Management experience in fintech with strong funnel optimization background, but card/payment-specific growth experience is thin.""]","[""Hands-on knowledge of SQL and Excel/Google Sheets is not explicitly demonstrated in the CV beyond general MS-Excel proficiency."", ""Direct ownership of Cards & Payments or Recharge & Bill Payments businesses is not present in the CV.""]","Hi, I saw the Growth Manager role at POP and wanted to connect. With 4+ years in fintech product management, I’ve built acquisition funnels and led data-driven optimization projects that lifted user conversion by 23%. I'd love to bring this execution rigor to your growth team.",Summary rewritten for this JD; 3 bullet(s) reworded to JD vocabulary (metrics preserved verbatim); Skill groups reordered (Product & Delivery first); Skill items resequenced toward JD mentions,"The CV does not demonstrate hands-on SQL experience or direct domain experience managing Cards, Payments, Recharge, and Bill Payments businesses.","payments, initiatives, card, customer, bengaluru, recharge, bill, identify, full-time, cards, rewarding, earn",good_fit,stated,2-3,"asks for 2-3 years, you have 4","Poptech Growth Pvt Ltd · Bengaluru · Full-Time

Growth Manager – Cards &

- Payments

Growth &

- Business

Full-Time · 2–3 Years · HSR Layout, Bengaluru · Work from Office

ABOUT POP

We’re POP, a new-age fintech company that’s making payments fun, rewarding, and totally worth it! With POP UPI, you can pay anyone, anywhere and earn POPcoins every time you do. Those POPcoins aren’t just points, they're real rewards you can use to shop, save, and score deals from over 500 awesome brands.

Founded in Bengaluru in 2023, we’re backed by Razorpay and partnered with YES Bank to bring India’s most rewarding payment experience. At POP, we believe every payment should give something back so we’re on a mission to make spending smarter, shopping more exciting, and rewards a part of everyone’s daily life.

Pay. Earn. Shop. Repeat. That’s the POP way!

ABOUT THE ROLE

We are looking for a Growth Manager to drive demand for our Credit Card business, with potential ownership of Recharge &

- Bill Payments. The role will own business planning, identify growth opportunities through data, and drive demand initiatives across the customer lifecycle. You will work closely with Product, CRM, Analytics and other teams to take initiatives from insight to execution.

KEY RESPONSIBILITIES

Own Card Demand &

- Growth

- Drive key metrics across card acquisition, activation, spends, frequency and retention.

- Identify funnel gaps and build initiatives to unlock growth.

- Develop strategies across customer cohorts, spend categories and use cases.

Planning &

- Deep Dives

- Build monthly demand plans and track performance against business targets.

- Conduct deep dives into customer, funnel and transaction behaviour to identify opportunities and root causes.

- Translate insights into clear, actionable growth plans.

Drive Growth Initiatives

- Conceptualise campaigns, propositions and experiments to drive card adoption and usage.

- Partner with CRM, Product and other teams to execute dema"
no,,,55,Business Analyst - IT Banking,confidential,"Hyderabad, Telangana",https://in.jooble.org/rjdp/-4113467241937709746?utm_campaign=google_jobs_apply&utm_source=google_jobs_apply&utm_medium=organic,34,34,72,competitive,0.48,1/4,"Power BI, Jira, Agile methodologies","[{""need"": ""Power BI"", ""gain"": 5}, {""need"": ""Jira"", ""gain"": 5}, {""need"": ""Agile methodologies"", ""gain"": 5}, {""need"": ""data-driven reporting"", ""gain"": 3}, {""need"": ""requirements gathering"", ""gain"": 3}]",Unverifiable mandatory gate — confirm manually: licence/certification,"{""skill_match"": 0.2609, ""experience_fit"": 1.0, ""domain"": 0, ""education"": 1.0, ""achievement"": 1, ""trajectory"": 1.0}",serpapi,aggregator,,,1 day ago,data/resumes/2026-08-16/confidential_Business_Analyst_IT_Banking/Mehul_Agarwal.docx,data/resumes/2026-08-16/confidential_Business_Analyst_IT_Banking/Mehul_Agarwal.pdf,"Product Manager with 4+ years building digital lending products in fintech, currently owning the Home Loan digital acquisition stack at Bajaj Finance from credit eligibility rules to lead allocation. Experienced in translating business requirements into functional specifications, driving cross-functional Agile delivery, and using analytics tools to validate decisions. Grounded in data, stakeholder management, and end-to-end product delivery.","[""• Served as primary liaison between technical and business stakeholders, driving alignment on requirements and project status throughout the delivery lifecycle."", ""• Wrote detailed product specifications and requirements in partnership with engineering teams to ensure aligned, on-time delivery."", ""• Owned end-to-end delivery — from concept and design through development, testing, deployment, and post-launch support — ensuring seamless product releases.""]","[{""original"": ""• Own product strategy for Home Loan digital acquisition, translating business and credit-policy requirements into scalable lead-generation and qualification systems."", ""rewritten"": ""• Own product strategy for Home Loan digital acquisition, translating business and credit-policy requirements into functional specifications for scalable lead-generation systems.""}, {""original"": ""• Led development and management of digital platforms (app and web) for the Personal Loan product, growing user engagement 27% and user acquisition 14%."", ""rewritten"": ""• Managed digital platforms (app and web) for the Personal Loan product, collaborating across cross-functional teams to drive product delivery while growing user engagement 27% and user acquisition 14%.""}, {""original"": ""• Used Google Analytics and CleverTap to track user behaviour and KPIs, driving data-informed decisions that lifted conversion rates 23%."", ""rewritten"": ""• Used Google Analytics and CleverTap to track user behaviour and performance reporting KPIs, driving data-informed decisions that lifted conversion rates 23%.""}]","[""Agile"", ""Stakeholder Management"", ""Gap Analysis""]","[""Bachelor's degree (B.Tech from Manipal Institute of Technology)"", ""Experience working in Agile environments with cross-functional teams"", ""Gathering, analysing, and documenting business and system requirements / BRDs""]","[""Years of experience: The job asks for 6-10 years (or 4-10 years in another section); candidate has 4+ years of professional experience."", ""Backlog management and Agile tools: Candidate has SDLC and Agile/Scrum experience, but Jira and Azure DevOps are listed as tools without specific backlog management mentioned for Jira in the experience text."", ""Reporting and dashboards: Candidate uses Looker Studio and Google Analytics, but Power BI is not mentioned in the CV.""]","[""Power BI expertise"", ""Jira expertise"", ""SAFe Certified Product Owner/Product Manager (POPM) or Certified Scrum Product Owner (CSPO) certification""]","Hi, I saw the Business Analyst opening at CGI and wanted to connect. With 4+ years of product delivery and requirements gathering experience at Bajaj Finance, I have translated complex business rules into functional specifications and driven cross-functional execution. I'd love to discuss how my background fits your team.",Summary rewritten for this JD; 3 bullet(s) reworded to JD vocabulary (metrics preserved verbatim); Skill items resequenced toward JD mentions,"The candidate lacks Power BI, Jira, and SAFe/CSPO certifications specifically requested by the job description.","analyst, solutions, agile, shape, global, reporting, power, jira, opportunities, documentation, position, description",good_fit,stated,4-10,"asks for 4-10 years, you have 4","Business Analyst


Position Description


Position Description


We’re Hiring at CGI for our GCC - Right Here in Hyderabad!


Join us at the intersection of technology, finance, and innovation. You will be working to support the Financial Services Group, one of the top-tier financial institutions in the U.S. You’ll help shape digital solutions for a global enterprise—from the ground up.


This is more than a job. It’s your opportunity to:


Work on cutting-edge technologiesCollaborate with global teamsBuild a career with purpose and impactReady to build the future of banking? Let’s talk.


We are seeking an experienced Business Systems Analyst (BSA) with 6–10 years of experience in business analysis, Agile product delivery, and data-driven reporting. The ideal candidate should possess strong expertise in Business Systems Analysis, Power BI, Jira, and Agile methodologies, with SAFe Certified Product Owner/Product Manager (POPM) or Certified Scrum Product Owner (CSPO) certification. The role involves gathering and analysing business requirements, collaborating with cross-functional teams, managing product backlogs, developing dashboards, and driving successful Agile delivery of enterprise solutions.


Your future duties and responsibilities


Collaborate with business stakeholders to gather, analyse, document, and validate business and system requirements.


Translate business needs into functional specifications, user stories, acceptance criteria, and process workflows.


Work closely with Product Owners, Scrum Masters, Developers, QA teams, and business users to deliver business solutions.


Manage and prioritise product backlogs using Jira, ensuring alignment with business objectives.


Facilitate backlog refinement, sprint planning, sprint reviews, and user acceptance testing (UAT).


Design, develop, and maintain Power BI dashboards and reports to provide business insights and executive reporting.


Analyse business processes, identify improvement "
no,,,53,Product Manager,Pilgrim,"Mumbai, Maharashtra",https://www.adzuna.in/details/5843020346?utm_medium=api&utm_source=195aa6d0,50,57,58,borderline,0.34,2/5,"enhancing user experience, boosting performance, cross-functional collaboration","[{""need"": ""enhancing user experience"", ""gain"": 6}, {""need"": ""boosting performance"", ""gain"": 6}, {""need"": ""cross-functional collaboration"", ""gain"": 6}, {""need"": ""analytical mindset"", ""gain"": 3}, {""need"": ""customer-first approach"", ""gain"": 3}]",,"{""skill_match"": 0.3033, ""experience_fit"": 0.85, ""domain"": 0, ""education"": 1.0, ""achievement"": 0.8571, ""trajectory"": 1.0}",adzuna,aggregator,,,2026-08-15T16:04:17Z,data/resumes/2026-08-16/Pilgrim_Product_Manager/Mehul_Agarwal.docx,data/resumes/2026-08-16/Pilgrim_Product_Manager/Mehul_Agarwal.pdf,"Product Manager with 4+ years of experience building digital products and optimizing conversions across app and web platforms in fintech. Proven track record of enhancing user experience, reducing drop-off rates, and lifting conversion rates by 23% through data-driven decisions using Google Analytics and CleverTap. Skilled at collaborating with cross-functional teams across strategy, roadmap, and end-to-end delivery.","[""Used Google Analytics and CleverTap to track user behaviour and KPIs, driving data-informed decisions that lifted conversion rates 23%."", ""Partnered with UI/UX designers to streamline the application experience, cutting user drop-off rates 40%."", ""Led development and management of digital platforms (app and web) for the Personal Loan product, growing user engagement 27% and user acquisition 14%.""]","[{""original"": ""Used Google Analytics and CleverTap to track user behaviour and KPIs, driving data-informed decisions that lifted conversion rates 23%."", ""rewritten"": ""Applied an analytical mindset using Google Analytics and CleverTap to track user behaviour and KPIs, driving data-informed decisions that boosted conversions by 23%.""}, {""original"": ""Partnered with UI/UX designers to streamline the application experience, cutting user drop-off rates 40%."", ""rewritten"": ""Collaborated with cross-functional UI/UX teams to enhance the digital product experience, cutting user drop-off rates by 40%.""}, {""original"": ""Led development and management of digital platforms (app and web) for the Personal Loan product, growing user engagement 27% and user acquisition 14%."", ""rewritten"": ""Played a key role in developing and managing digital products (app and web) for the Personal Loan offering, growing user engagement 27% and user acquisition 14%.""}]","[""conversions"", ""enhancing"", ""analytical"", ""customer-first""]","[""Digital product management across app and web"", ""Conversion rate optimization and funnel improvement"", ""Cross-functional collaboration with engineering and design""]","[""Enhancing user experience and boosting performance — supported by conversion lifts and UX redesign metrics, though the JD specifically mentions e-commerce/digital products context which aligns with fintech web/app flows.""]","[""The CV does not explicitly mention experience in e-commerce or retail digital products, as the candidate's background is entirely in fintech and digital lending.""]","Hi, I saw Pilgrim is looking for a PM. With 4+ years building fintech digital products, I’ve scaled app/web engagement 27% and cut drop-offs 40% using data analytics. Would love to bring this data-driven approach to your team.",Summary rewritten for this JD; 3 bullet(s) reworded to JD vocabulary (metrics preserved verbatim),"The job description does not specify required gaps, but the candidate's domain is strictly fintech rather than D2C/e-commerce digital products.","passionate, crafting, experiences, impactful, dynamic, play, enhancing, boosting, conversions, analytical, mindset, customer-first",unknown,unknown,,no experience requirement found in the available text,"About the Role Product Manager - Are you passionate about crafting seamless digital experiences and driving impactful product strategies? We’re looking for a dynamic Product Manager to join our team and play a key role in enhancing user experience, boosting performance, and optimizing conversions across our website and digital products. If you have a strong analytical mindset, a customer-first approach, and love collaborating with cross-functional teams, this is your chance to make a real impac…"
no,,,49,Manager - Digital Partnerships,Sony Music Entertainment,"Mumbai, Maharashtra",https://www.adzuna.in/details/5843020129?utm_medium=api&utm_source=195aa6d0,39,62,30,weak,0.08,0/0,,"[{""need"": ""promotion"", ""gain"": 2}, {""need"": ""visibility"", ""gain"": 2}, {""need"": ""bollywood"", ""gain"": 2}, {""need"": ""pop"", ""gain"": 2}, {""need"": ""international repertoire"", ""gain"": 2}]",,"{""skill_match"": 0.1818, ""experience_fit"": 0.85, ""domain"": 0, ""education"": 1.0, ""achievement"": 1, ""trajectory"": 1.0}",adzuna,aggregator,,,2026-08-15T16:04:16Z,,,,[],[],[],[],[],[],,,,"international, bollywood, youtube, meta, promotion, repertoire, snapchat, closely, artists, global, maximize, editorial",unknown,unknown,,no experience requirement found in the available text,"We are looking for a Manager – Digital Partnerships to drive the promotion and visibility of our Bollywood, Pop, and International repertoire across YouTube, Meta, and Snapchat. The role will work closely with platform partners, internal stakeholders, artists, and global teams to maximize editorial placements, platform promotions, and audience growth. What you'll do: Lead promotional strategy for Bollywood, Pop, International Frontline, and International Catalogue releases across YouTube, Meta,…"
no,,,49,Senior Business Analyst - Analytics,LatentView Analytics,"Chennai, Tamil Nadu",https://www.adzuna.in/details/1155088531?utm_medium=api&utm_source=195aa6d0,34,42,34,weak,0.14,0/0,,"[{""need"": ""senior business analyst"", ""gain"": 1}, {""need"": ""immediate joinersat latentview"", ""gain"": 1}, {""need"": ""expect"", ""gain"": 1}, {""need"": ""independently handle delivery"", ""gain"": 1}, {""need"": ""analytics assignments mentor"", ""gain"": 1}]",,"{""skill_match"": 0.2034, ""experience_fit"": 0.85, ""domain"": 0, ""education"": 1.0, ""achievement"": 0.8571, ""trajectory"": 1.0}",adzuna,aggregator,,,2019-05-17T21:02:39Z,,,,[],[],[],[],[],[],,,,"latentview, immediate, joinersat, expect, independently, handle, assignments, mentor, people, deliver, exceed, client",good_fit,inferred,6-10,"asks for 6-10 years, you have 4","Looking for Immediate JoinersAt LatentView, we would expect you to:- Independently handle delivery of analytics assignments- Mentor a team of 3 - 10 people and deliver to exceed client expectations- Co-ordinate with onsite LatentView consultants to ensure high quality, on-time delivery- Take responsibility for technical skill-building within the organization (training, process definition, research of new tools and techniques etc.)You'll be a valuable addition to our team if you have:- 3 - 5 yea…"
no,,,49,Sr Digital Product Manager,Gartner Careers,"Gurugram, Haryana",https://jobs.gartner.com/jobs/job/112982-sr-digital-product-manager/?utm_campaign=google_jobs_apply&utm_source=google_jobs_apply&utm_medium=organic,35,29,44,borderline,0.28,0/0,,"[{""need"": ""ongoing evolution"", ""gain"": 2}, {""need"": ""case insights"", ""gain"": 2}, {""need"": ""gartner"", ""gain"": 2}, {""need"": ""widely"", ""gain"": 2}, {""need"": ""focuses"", ""gain"": 2}]",,"{""skill_match"": 0.3113, ""experience_fit"": 0.6, ""domain"": 0, ""education"": 1.0, ""achievement"": 1, ""trajectory"": 1.0}",serpapi,aggregator,,,4 days ago,,,,[],[],[],[],[],[],,,,"gartner, insights, opportunities, clients, leaders, results, impact, place, grow, helping, needs, feedback",stretch,stated,8+,asks for 8+ years vs your 4,"About the Role   

   We're looking for a product manager to lead the ongoing evolution of AI Use Case Insights, one of Gartner's most widely used tools. The role focuses on helping clients discover, evaluate, and act on practical AI opportunities by delivering clear insights and intuitive workflows. You'll work closely with cross-functional teams to enhance the product experience, expand its capabilities, and ensure it continues to meet the needs of executives, strategy leaders, and technology decision makers. 

     What You Will Do   

     Lead the day-to-day execution of the product roadmap, translating business needs and user feedback into clear requirements and user stories.    Partner with Engineering, Design, Data Science, Research, Product Marketing, and Product Operations teams to deliver high-quality product enhancements.    Manage and prioritize the product backlog, balancing short-term improvements with longer-term strategic investments.    Work directly with clients and internal stakeholders to understand AI adoption challenges and identify opportunities to improve product experience.    Use product usage data, experimentation results, and customer feedback to guide prioritization and product decisions.    Support the development and launch of new AI-related workflows, insights, and recommendation experiences.    Collaborate with research and content teams to ensure the product reflects evolving AI market trends and client needs.    Track adoption, engagement, and business outcomes, and communicate results to stakeholders.    Contribute towards product planning activities and help shape the future direction of the AI Use Case Insights platform.        What You Will Need   

     At least 8 years of experience in digital product management, product strategy, analytics, or a related discipline.    Experience delivering customer-facing software products in partnership with engineering and design teams.    A strong interest in artificial intelligence, eme"
no,,,48,Agentic AI Product Manager,GoComet,"Bangalore, Karnataka",https://www.adzuna.in/details/5843020332?utm_medium=api&utm_source=195aa6d0,46,52,56,borderline,0.48,0/6,"Agentic AI and multi-agent workflows, LLMs, APIs, Orchestration frameworks, Memory, planning, and tool calling, Partnering closely with engineering to build AI systems","[{""need"": ""Agentic AI and multi-agent workflows"", ""gain"": 5}, {""need"": ""LLMs"", ""gain"": 5}, {""need"": ""APIs"", ""gain"": 5}, {""need"": ""Orchestration frameworks"", ""gain"": 5}, {""need"": ""Memory, planning, and tool calling"", ""gain"": 5}]",,"{""skill_match"": 0.1147, ""experience_fit"": 1.0, ""domain"": 0, ""education"": 1.0, ""achievement"": 0.8571, ""trajectory"": 1.0}",adzuna,aggregator,,,2026-08-15T16:04:17Z,data/resumes/2026-08-16/GoComet_Agentic_AI_Product_Manager/Mehul_Agarwal.docx,data/resumes/2026-08-16/GoComet_Agentic_AI_Product_Manager/Mehul_Agarwal.pdf,"Product Manager with 4+ years of fintech experience building digital lending platforms, driving automated workflows, lead qualification systems, and conversion optimization at Bajaj Finance. Brings deep cross-functional execution experience, partnering with engineering, design, and credit policy teams to launch scalable backend rules engines and user-facing features. Grounded in data-informed decision-making, leveraging analytics to track user behavior and maximize system efficiency.","[""Design and ship the MCP (Minimum Credit Parameters) Master and Lead Allocation Master — a rules engine that pre-qualifies leads and routes them to the right lending partner based on credit profile, eligibility, and business rules."", ""Led end-to-end implementation of AI-driven voice assist within PL forms to guide users and reduce drop-offs, leading to a ~3.5% increase in PL Form-1 submissions."", ""Build a framework to recommend alternate loan products when customers fail primary product MCP checks. Evaluates eligibility across related products and uses a propensity model to show the top 3 relevant offers within the same journey.""]","[{""original"": ""Design and ship the MCP (Minimum Credit Parameters) Master and Lead Allocation Master — a rules engine that pre-qualifies leads and routes them to the right lending partner based on credit profile, eligibility, and business rules."", ""rewritten"": ""Design and ship automated workflow logic through the MCP (Minimum Credit Parameters) Master and Lead Allocation Master — a rules engine that pre-qualifies leads and routes them to the right lending partner based on credit profile, eligibility, and business rules.""}, {""original"": ""Led end-to-end implementation of AI-driven voice assist within PL forms to guide users and reduce drop-offs, leading to a ~3.5% increase in PL Form-1 submissions."", ""rewritten"": ""Led end-to-end implementation of AI-driven voice assist systems within PL forms to guide users and reduce drop-offs, leading to a ~3.5% increase in PL Form-1 submissions.""}]","[""Product Management"", ""APIs"", ""SDLC"", ""Agile/Scrum"", ""Stakeholder Management""]","[""Product management experience within the 4-7 year bracket (candidate has 4+ years)"", ""Collaborating closely with engineering teams to build intelligent systems, workflows, and tools"", ""Translating requirements into production-grade platform systems""]","[""Building AI systems and workflows: CV demonstrates AI-driven voice assist implementation and a propensity model, but lacks hands-on LLM, orchestration frameworks, and multi-agent workflow development.""]","[""Direct experience working with LLMs, APIs, orchestration frameworks, memory, planning, and tool calling as an Agentic AI Product Manager""]","Hi, I am a fintech Product Manager with 4+ years of experience building scalable backend rules engines and AI-driven workflow features at Bajaj Finance. I've designed automated lead-allocation systems and AI-guided tools, and I'd love to bring this systems-thinking approach to GoComet's Agentic AI team.",Summary rewritten for this JD; 1 bullet(s) reworded to JD vocabulary (metrics preserved verbatim),"The CV does not demonstrate direct hands-on experience building production-grade Agentic AI systems, LLMs, orchestration frameworks, or multi-agent workflows.","agentic, someone, build, traditional, thinks, outcomes, backlogs, excited, intelligent, just, autonomously, done",good_fit,stated,4-7,"asks for 4-7 years, you have 4","Agentic AI Product Manager (4–7 Years) This isn't a traditional Product Manager role. We're looking for someone who thinks in outcomes, not backlogs —someone excited to build intelligent systems that don't just assist users but autonomously get work done. What you'll do: • Design and ship production-grade Agentic AI and multi-agent workflows • Work with LLMs, APIs, orchestration frameworks, memory, planning, and tool calling • Partner closely with engineering to build AI systems that reason, ac…"
no,,,47,Associate Product Manager | Pune,Cornerstone OnDemand,"Pune, Maharashtra",https://www.adzuna.in/land/ad/5837139222?se=AlAVwiaZ8RGqM9tlrK2FfQ&utm_medium=api&utm_source=195aa6d0&v=479EA3A69A12E88645879F643E2B748683F034E9,39,35,25,weak,0.08,0/0,,"[{""need"": ""manager pune"", ""gain"": 2}, {""need"": ""cornerstone ondemand"", ""gain"": 2}, {""need"": ""inclusive employer"", ""gain"": 2}, {""need"": ""member"", ""gain"": 2}, {""need"": ""mygwork"", ""gain"": 2}]",,"{""skill_match"": 0.1625, ""experience_fit"": 0.85, ""domain"": 0, ""education"": 1.0, ""achievement"": 0.8571, ""trajectory"": 1.0}",adzuna,aggregator,,,2026-08-12T01:59:31Z,,,,[],[],[],[],[],[],,,,"cornerstone, ondemand, inclusive, employer, member, mygwork, largest, global, lgbtq, community, please, contact",good_fit,inferred,0-3,"asks for 0-3 years, you have 4","This job is with Cornerstone OnDemand, an inclusive employer and a member of myGwork – the largest global platform for the LGBTQ business community. Please do not contact the recruiter directly. Associate Product Manager | Pune Cornerstone is looking for ambitious early-career ProductAssociate who are passionate about building high-quality enterprise SaaSproducts and leveraging AI to deliver meaningful customer outcomes. As anAssociate Product Manager, you will contribute to core product develo…"
no,,,47,AI Senior Product Manager,Hiver,"Bangalore, Karnataka",https://www.adzuna.in/details/5843191607?utm_medium=api&utm_source=195aa6d0,35,38,25,weak,0.08,0/0,,"[{""need"": ""ai senior"", ""gain"": 1}, {""need"": ""senior product"", ""gain"": 1}, {""need"": ""hiver"", ""gain"": 1}, {""need"": ""modern"", ""gain"": 1}, {""need"": ""customer service"", ""gain"": 1}]",,"{""skill_match"": 0.1573, ""experience_fit"": 0.85, ""domain"": 0, ""education"": 1.0, ""achievement"": 0.8571, ""trajectory"": 1.0}",adzuna,aggregator,,,2026-08-15T21:08:52Z,,,,[],[],[],[],[],[],,,,"hiver, modern, customer, service, companies, healthcare, logistics, deliver, fast, human, email, chat",good_fit,inferred,6-10,"asks for 6-10 years, you have 4","About us: Hiver is a modern, AI-driven customer service platform used by companies across healthcare, finance, logistics, education, and technology. We help teams deliver fast, human support across email, chat, phone, WhatsApp, and more — without the complexity of legacy helpdesks. We’re a challenger brand in a category dominated by over-engineered tools. We build software that is simple, powerful, and genuinely helpful, and we operate internally with that same philosophy. If you want meaningfu…"
no,,,47,"Manager, Marketplace and Partnerships",WPP Media,"Bangalore, Karnataka",https://www.adzuna.in/details/5843168227?utm_medium=api&utm_source=195aa6d0,30,42,25,weak,0.08,0/0,,"[{""need"": ""marketplace"", ""gain"": 1}, {""need"": ""wpp media wpp"", ""gain"": 1}, {""need"": ""trusted growth partner"", ""gain"": 1}, {""need"": ""world"", ""gain"": 1}, {""need"": ""leading brands"", ""gain"": 1}]",,"{""skill_match"": 0.125, ""experience_fit"": 0.85, ""domain"": 0, ""education"": 1.0, ""achievement"": 1, ""trajectory"": 1.0}",adzuna,aggregator,,,2026-08-15T20:56:42Z,,,,[],[],[],[],[],[],,,,"media, trusted, open, deliver, world, brands, exceptional, talent, intelligence, world-class, united, pioneering",unknown,unknown,,no experience requirement found in the available text,"About WPP Media WPP is the trusted growth partner for the world’s leading brands. With exceptional talent, trusted data and intelligence, and world-class partnerships – all united by our pioneering agentic marketing platform, WPP Open – we help clients navigate change, capture opportunity, and deliver transformational growth. WPP Media is WPP's AI-driven media operating unit, bringing together media, data, and partnerships to deliver creative personalisation at scale. Connected through WPP Open…"
no,,,47,Senior Product Analyst,UnitedHealth Group,"Hyderabad, Telangana",https://www.adzuna.in/details/5842777491?utm_medium=api&utm_source=195aa6d0,22,18,25,weak,0.08,0/0,,"[{""need"": ""senior product"", ""gain"": 1}, {""need"": ""product analyst"", ""gain"": 1}, {""need"": ""analyst requisition"", ""gain"": 1}, {""need"": ""requisition number"", ""gain"": 1}, {""need"": ""category"", ""gain"": 1}]",,"{""skill_match"": 0.1231, ""experience_fit"": 0.85, ""domain"": 0, ""education"": 1.0, ""achievement"": 1, ""trajectory"": 1.0}",adzuna,aggregator,,,2026-08-15T11:38:52Z,,,,[],[],[],[],[],[],,,,"care, people, benefits, requisition, number, category, optum, global, organization, delivers, aided, millions",good_fit,inferred,6-10,"asks for 6-10 years, you have 4","Requisition number: 2378998 Job category: Product Optum is a global organization that delivers care, aided by technology to help millions of people live healthier lives. The work you do with our team will directly improve health outcomes by connecting people with the care, pharmacy benefits, data and resources they need to feel their best. Here, you will find a culture guided by inclusion, talented peers, comprehensive benefits and career development opportunities. Come make an impact on the co…"
no,,,47,T&T | EAD | AI & Data | Senior Consultant | Business Analyst | Hyderabad,deloitte,"Hyderabad, Telangana",https://southasiacareers.deloitte.com/job/Bengaluru-T&T-EAD-AI-&-Data-Senior-Consultant-Business-Analyst-Hyderabad/57807444/?utm_campaign=google_jobs_apply&utm_source=google_jobs_apply&utm_medium=organic,39,42,62,competitive,0.6,5/12,"6-12, business analyst, agile environments proven, gathering, user story writing, functional, agile/scrum delivery environments","[{""need"": ""6-12"", ""gain"": 1}, {""need"": ""business analyst"", ""gain"": 1}, {""need"": ""agile environments proven"", ""gain"": 1}, {""need"": ""gathering"", ""gain"": 1}, {""need"": ""user story writing"", ""gain"": 1}]",,"{""skill_match"": 0.2281, ""experience_fit"": 0.7, ""domain"": 0, ""education"": 1.0, ""achievement"": 0.8571, ""trajectory"": 1.0}",serpapi,aggregator,,,5 days ago,,,,[],[],[],[],[],[],,,,"analyst, location, hyderabad, deloitte, practice, information, technologies, functional, agile, environments, requirement, understanding",good_fit,stated,6-12,"asks for 6-12 years, you have 4","T&T | EAD | AI & Data | Senior Consultant | Business Analyst | Hyderabad   • Job requisition ID : 107975   • Location: Bengaluru   • Entity: Deloitte Touche Tohmatsu India LLP     The Team   Deloitte’s Technology & Transformation practice can help you uncover and unlock the value buried deep inside vast amounts of data. Our global network provides strategic guidance and implementation services to help companies manage data from disparate sources and convert it into accurate, actionable information that can support fact-driven decision-making and generate an insight-driven advantage. Our practice addresses the continuum of opportunities in business intelligence & visualization, data management, performance management and next-generation analytics and technologies, including big data, cloud, cognitive and machine learning.          Your work profile  As a Business Analyst (BA), you will work closely with Product Owners, Scrum Masters, development teams, and business stakeholders to gather, analyze, and translate business requirements into functional specifications. You will play a key role in Agile delivery by ensuring clarity of requirements and alignment between business needs and technical implementation.     Key skills required:   6-12 years of overall experience as a Business Analyst in Agile environments Proven experience in requirement gathering, user story writing, and backlog management Experience working with stakeholders to define business and functional requirements Experience in Agile/Scrum delivery environments Experience delivering Data Analytics projects is highly advantageous    Experience:  6-12 Years    Languages:  Proficiency in SQL for data analysis and basic understanding of scripting (optional: Python/Shell)     Technologies:   Experience with tools like UAT, Tableau, BI ( Must)  Strong knowledge of SDLC and requirement lifecycle management Ability to create dashboards and reports using Power BI / Tableau (preferred) Understanding of data concep"
no,,,46,Product Manager - Loyalty Performance Management,Loyalty Juggernaut,"Hyderabad, Telangana",https://builtin.com/job/product-manager-loyalty-performance-management/10634186?utm_campaign=google_jobs_apply&utm_source=google_jobs_apply&utm_medium=organic,34,28,63,competitive,0.64,2/12,"name, positioning, value proposition, audience, messaging architecture, campaign strategy.create, strategy.create client-ready, client-ready sales, sales materials, offering decks","[{""need"": ""name"", ""gain"": 2}, {""need"": ""positioning"", ""gain"": 2}, {""need"": ""value proposition"", ""gain"": 2}, {""need"": ""audience"", ""gain"": 2}, {""need"": ""messaging architecture"", ""gain"": 2}]",,"{""skill_match"": 0.1459, ""experience_fit"": 0.78, ""domain"": 0, ""education"": 1.0, ""achievement"": 1, ""trajectory"": 1.0}",serpapi,aggregator,,,4 days ago,,,,[],[],[],[],[],[],,,,"loyalty, customer, practice, launch, commercial, sales, investment, client, services, service, global, scale",good_fit,stated,5+,"asks for 5+ years, you have 4","About LJI

Loyalty Juggernaut (LJI) is a leading B2B SaaS company redefining how enterprises drive customer engagement and loyalty. Our flagship platform, GRAVTY®, enables global brands to transform loyalty programs into measurable, revenue-generating growth engines.

Built as an AI-first, next-generation solution, GRAVTY® empowers organizations to deliver highly personalized, real-time experiences at scale—helping them increase customer lifetime value and deepen brand relationships.

Headquartered in Palo Alto, California, LJI partners with leading enterprises across 16 major industries including airlines, retail, hospitality, financial services and telecommunications powering some of the most innovative loyalty ecosystems worldwide.


Our Global Impact:

400+ Million members connected through our platform.100+ Global Brands trust us to drive loyalty and brand devotion.3-Time Winner of “Best Technology Innovation in Loyalty”.Global recognitions for Excellence in Loyalty Management under numerous categories.Recognized as a ‘Strong performer’ in The Forrester Wave™ Loyalty Platforms, Q4 2025.Explore more about us at www.lji.io

The OPPORTUNITY

Loyalty Juggernaut is seeking a Product Manager to identify, validate, launch, and scale new consulting, managed-service, and technology-enabled offerings. 

We design and run loyalty and customer-engagement programs for some of the world's most recognized brands. Growth doesn't only come from the platform - it comes from new offerings -  new consulting, managed-service, and technology-enabled practices that clients need before anyone has packaged them. This role finds such opportunities and turns them into real businesses.

As a Product Manager in the Loyalty Performance Management(LPM) team , you will own the full lifecycle - from an initial idea or market signal through research, business case, offer design, pilot, commercialization, and practice development. After launch, you will act as the business owner for the incubate"
no,,,46,Senior Brand Partnerships Manager (Gurugram),SS Media Network,"Gurugram, Haryana",https://www.kitjob.in/job/312695329/senior-brand-partnerships-manager-gurugram?utm_campaign=google_jobs_apply&utm_source=google_jobs_apply&utm_medium=organic,33,29,32,weak,0.22,1/2,leave,"[{""need"": ""leave"", ""gain"": 3}, {""need"": ""senior brand"", ""gain"": 2}, {""need"": ""brand partnerships"", ""gain"": 2}, {""need"": ""gurugram"", ""gain"": 2}, {""need"": ""manager freelance"", ""gain"": 2}]",,"{""skill_match"": 0.1413, ""experience_fit"": 0.85, ""domain"": 0, ""education"": 1.0, ""achievement"": 0.8571, ""trajectory"": 1.0}",serpapi,aggregator,,,1 day ago,,,,[],[],[],[],[],[],,,,"advertising, professionals, brand, media, network, close, brands, freelance, performance-based, relationships, build, opportunities",good_fit,inferred,6-10,"asks for 6-10 years, you have 4","Brand Partnerships Manager – Freelance | Performance-Based | High Earning Potential  
About the Role  
SS Media Network LLP is looking for a Brand Partnerships Manager to build and close advertising partnerships with brands for our Digital Out-of-Home (DOOH) LED advertising network in Hyderabad. This is a freelance, performance-based opportunity designed for professionals with strong brand relationships and the ability to turn those relationships into business.  
Your role is to identify relevant brands, connect with the right marketing decision-makers, present SS Media Network’s advertising opportunities, develop the opportunity and close the deal. We are looking for genuine business generation — not simply sharing contacts or making introductions.  
This opportunity is open to Brand Managers, Marketing Professionals, Media Professionals, Advertising Professionals, Agency Professionals, Consultants, Freelancers and anyone with strong, relevant connections within brands. Experience, qualifications and specific designations are not the deciding factors; your ability to generate and close business is what matters.  
The role is completely remote with flexible working hours and no fixed schedule. You decide how you approach brands, build relationships and generate opportunities. SS Media Network provides the advertising platform and supports the business process, while you focus on bringing and closing clients.  
This is a high-earning opportunity, where your income is directly driven by the value of the business you successfully close. With the right connections and robust closures, you have the potential to earn six-figure amounts and beyond. We give high priority to genuine business generated through your efforts and ensure successful closures are appropriately rewarded.  
Since this is a freelance, performance-based opportunity, it is intended to work as a side-income opportunity alongside your existing full-time role. There is no requirement for you to leave your "
no,,,46,"Strategic Partnership Manager, Insurance (Bengaluru)",InsuranceDekho,"Bengaluru, Karnataka",https://www.shine.com/jobs/strategic-partnership-manager-insurance-bengaluru/insurancedekho/19253261?utm_campaign=google_jobs_apply&utm_source=google_jobs_apply&utm_medium=organic,36,38,61,competitive,0.61,0/4,"monitor partner-wise performance, implement corrective, corrective action, action plans","[{""need"": ""monitor partner-wise performance"", ""gain"": 2}, {""need"": ""implement corrective"", ""gain"": 2}, {""need"": ""corrective action"", ""gain"": 2}, {""need"": ""action plans"", ""gain"": 2}, {""need"": ""insurance"", ""gain"": 1}]",,"{""skill_match"": 0.2444, ""experience_fit"": 0.54, ""domain"": 0, ""education"": 1.0, ""achievement"": 1, ""trajectory"": 1.0}",serpapi,aggregator,,,25 days ago,,,,[],[],[],[],[],[],,,,"insurance, motor, profitability, state, activation, portfolio, relationships, targets, plans, productivity, training, underwriting",unknown,unknown,,no experience requirement found in the available text,"About the Company

To drive motor insurance growth across the state by developing, managing, and nurturing strategic relationships with key Prime Partners. The incumbent will be responsible for business acquisition, partner engagement, profitability management, and execution of growth strategies to achieve premium and revenue targets.

About the Role

The role involves driving motor insurance growth through strategic partnerships, managing relationships, and executing business plans to meet targets.

Responsibilities  

- Business Development & Growth
- Drive motor insurance premium growth through Prime Partners across the assigned state.
- Identify, onboard, and activate high-potential partners to expand distribution reach.
- Develop and execute state-level business plans aligned with organizational objectives.
- Achieve monthly, quarterly, and annual business targets for Motor Insurance.
- - Partner Relationship Management
- Build strong relationships with key decision-makers and stakeholders of Prime Partners.
- Act as a single point of contact for partner support, issue resolution, and business expansion.
- Conduct regular business reviews and performance discussions with partners.
- Enhance partner loyalty through consistent engagement and value-added initiatives.
- - Channel Activation & Productivity
- Ensure activation of dormant partners and increase productivity of existing partners.
- Drive product penetration, cross-sell opportunities, and business mix improvement.
- Monitor partner-wise performance and implement corrective action plans where required.
- - Training & Capability Building
- Conduct training sessions on products, underwriting guidelines, claims processes, and sales strategies.
- Support partners in improving sales effectiveness and customer experience.
- Promote digital adoption and utilization of company platforms and tools.
- - Profitability & Portfolio Management
- Monitor portfolio health, claims ratio, retention, and profitability.
- Dr"
no,,,45,Manager – Event Sponsorships & Strategic Partnerships,PROPEL FORGE,"Hyderabad, Telangana",https://www.simplyhired.co.in/job/6zeUAji46faVIfhuiYQ4PcDjvOecR0gkFJLRe9mNPjoDXJ1JbUSmxw?utm_campaign=google_jobs_apply&utm_source=google_jobs_apply&utm_medium=organic,24,22,60,competitive,0.64,0/8,"Hands-on experience in the Events / Conferences / Exhibitions / Summits industry, Event Sponsorship Sales, Conference / Summit Sponsorships, Brand Partnerships, Corporate Partnerships, Exhibition Sales, Strategic Alliances, Speaker / Chief Guest / CXO Outreach","[{""need"": ""Hands-on experience in the Events / Conferences / Exhibitions / Summits industry"", ""gain"": 3}, {""need"": ""Event Sponsorship Sales"", ""gain"": 3}, {""need"": ""Conference / Summit Sponsorships"", ""gain"": 3}, {""need"": ""Brand Partnerships"", ""gain"": 3}, {""need"": ""Corporate Partnerships"", ""gain"": 3}]",Unverifiable mandatory gate — confirm manually: work authorization/visa,"{""skill_match"": 0, ""experience_fit"": 1.0, ""domain"": 0, ""education"": 1.0, ""achievement"": 1, ""trajectory"": 1.0}",serpapi,aggregator,,,19 hours ago,data/resumes/2026-08-16/PROPEL_FORGE_Manager_Event_Sponsorships_Strategic_Par/Mehul_Agarwal.docx,data/resumes/2026-08-16/PROPEL_FORGE_Manager_Event_Sponsorships_Strategic_Par/Mehul_Agarwal.pdf,"Product Manager with 4+ years of fintech experience, managing strategic financial-institution partnerships, lead-exchange workflows, and stakeholder alignment. Skilled in driving cross-functional execution, negotiations, and product requirements with legal, business, and tech teams. Grounded in data-driven decision-making and performance marketing strategies.","[""Lead product requirements for strategic NBFC and financial-institution partnerships, designing lead-exchange and commission workflows with legal, business, and tech teams."", ""Served as primary liaison between technical and business stakeholders, driving alignment on requirements and project status throughout the delivery lifecycle."", ""Managed Instagram Ads and Facebook Ads campaigns, optimizing ad copy and targeting to reduce cost-per-click by 58% and increase ROI by 35%.""]","[{""original"": ""Lead product requirements for strategic NBFC and financial-institution partnerships, designing lead-exchange and commission workflows with legal, business, and tech teams."", ""rewritten"": ""Led strategic partnership requirements and collaborations, designing workflows and negotiations with legal, business, and tech teams.""}, {""original"": ""Served as primary liaison between technical and business stakeholders, driving alignment on requirements and project status throughout the delivery lifecycle."", ""rewritten"": ""Acted as primary liaison between stakeholders, driving alignment on partnership requirements and project status throughout the delivery lifecycle.""}]","[""Stakeholder Management"", ""Partner Integrations"", ""Strategic Partnerships""]","[""Stakeholder management and cross-functional coordination"", ""Strategic partnerships and partner integrations""]","[""Partnership management: CV shows managing NBFC and financial-institution partnerships and lead-exchange workflows, but lacks direct experience in event sponsorship sales or conference/summit industry roles.""]","[""Hands-on experience in the events, conferences, exhibitions, or summit industry"", ""Generating and closing paid sponsorships for events"", ""Outreach to CMOs, Marketing Heads, Brand Heads, and Chief Guests/Keynote Speakers for event properties""]","Hi, I saw your opening for Manager – Event Sponsorships & Strategic Partnerships. With 4+ years managing strategic partnerships and stakeholder workflows at Bajaj Finance, I bring strong collaboration and negotiation skills. Let's connect.",Summary rewritten for this JD; 2 bullet(s) reworded to JD vocabulary (metrics preserved verbatim); Skill groups reordered (Product & Delivery first),"The job explicitly requires hands-on experience in the events, conferences, exhibitions, or summit industry and sponsorship sales, which is entirely absent from the candidate's digital lending and fintech CV.","sponsorship, events, corporate, industry, event, heads, sponsorships, conferences, multiple, chief, forge, hands-on",good_fit,stated,3-8,"asks for 3-8 years, you have 4","ropel Forge is looking for an experienced Manager – Event Sponsorships & Strategic Partnerships with strong hands-on experience in the events, conferences, exhibitions or summit industry.

The primary and mandatory responsibility of this role is to generate and close sponsorships for our events.

We are working on multiple upcoming projects including Tech & AI Summits, Industry Conferences, Corporate Events, Awards, Agriculture Events and other large-format event IPs.

Key Responsibilities

Independently generate and close paid sponsorships for Propel Forge events.Develop sponsorship strategies, target lists and revenue pipelines for each event.Identify and approach brands, corporates, PSUs, institutions, GCCs and industry partners.Connect with CMOs, Marketing Heads, Brand Heads, CSR Heads, Business Heads, CEOs and Corporate Communications teams.Conduct sponsorship presentations, negotiations and commercial discussions.Take complete ownership of sponsorship follow-ups and closures.Build and manage relationships with existing and prospective sponsors.Invite and coordinate with Chief Guests, Keynote Speakers, Panel Members, CXOs, Industry Leaders and Senior Government/Institutional Guests.Build strong speaker, guest and corporate databases across different industries.Work across multiple upcoming events simultaneously.Coordinate with internal event, marketing, creative and management teams.Maintain sponsorship pipeline, weekly targets, follow-up status and revenue reports.Support partnership opportunities, strategic collaborations and institutional associations for events.Mandatory Experience

Candidates must have hands-on experience in the Events / Conferences / Exhibitions / Summits industry.

Previous experience should include one or more of the following:

Event Sponsorship SalesConference / Summit SponsorshipsBrand PartnershipsCorporate PartnershipsExhibition SalesStrategic AlliancesSpeaker / Chief Guest / CXO OutreachCandidates without relevant event-industry ex"
no,,,45,E Commerce Growth Manager,Exicom,"Gurugram, Haryana",https://in.linkedin.com/jobs/view/e-commerce-growth-manager-at-exicom-4443267432?utm_campaign=google_jobs_apply&utm_source=google_jobs_apply&utm_medium=organic,34,31,50,borderline,0.5,1/6,"1+ year in e-commerce, ideally at a marketplace seller, D2C/online-first brand, or platforms like Amazon/Flipkart/Myntra, Hands-on with Seller Central / Flipkart Seller Hub, Experience managing marketplace account relationships and/or planning inventory against a sales forecast, Comfortable in Excel/Sheets, can build a basic P&L view and a demand forecast, Comfortable with full-time work from office at our Gurugram office","[{""need"": ""1+ year in e-commerce, ideally at a marketplace seller, D2C/online-first brand, or platforms like Amazon/Flipkart/Myntra"", ""gain"": 3}, {""need"": ""Hands-on with Seller Central / Flipkart Seller Hub"", ""gain"": 3}, {""need"": ""Experience managing marketplace account relationships and/or planning inventory against a sales forecast"", ""gain"": 3}, {""need"": ""Comfortable in Excel/Sheets, can build a basic P&L view and a demand forecast"", ""gain"": 3}, {""need"": ""Comfortable with full-time work from office at our Gurugram office"", ""gain"": 3}]",Unverifiable mandatory gate — confirm manually: Comfortable with full-time work from office at our Gurugram office,"{""skill_match"": 0.0833, ""experience_fit"": 0.85, ""domain"": 0, ""education"": 1.0, ""achievement"": 1, ""trajectory"": 1.0}",serpapi,aggregator,,,19 days ago,data/resumes/2026-08-16/Exicom_E_Commerce_Growth_Manager/Mehul_Agarwal.docx,data/resumes/2026-08-16/Exicom_E_Commerce_Growth_Manager/Mehul_Agarwal.pdf,"Product Manager with 4+ years building digital lending products in fintech, bringing strong expertise in funnel optimization, lead generation, and cross-functional stakeholder management. Experienced in managing app and web platforms, driving performance marketing campaigns, and utilizing analytics tools like Google Analytics and MS-Excel. Holds an MBA from Delhi School of Economics and a B.Tech degree, with a proven track record of growing user engagement and acquisition through data-driven decisions.","[""• Led development and management of digital platforms (app and web) for the Personal Loan product, growing user engagement 27% and user acquisition 14%."", ""• Used Google Analytics and CleverTap to track user behaviour and KPIs, driving data-informed decisions that lifted conversion rates 23%."", ""• Defined requirements and drive execution of digital campaign infrastructure across search, social, and paid channels to generate high-quality home loan demand.""]","[{""original"": ""• Managed Instagram Ads and Facebook Ads campaigns, optimizing ad copy and targeting to reduce cost-per-click by 58% and increase ROI by 35%."", ""rewritten"": ""• Managed digital marketing and ad campaigns, optimizing ad copy and targeting to reduce cost-per-click by 58% and increase ROI by 35%.""}, {""original"": ""• Led development and management of digital platforms (app and web) for the Personal Loan product, growing user engagement 27% and user acquisition 14%."", ""rewritten"": ""• Led development and management of digital platforms (app and web) for the Personal Loan product, growing user engagement 27% and user acquisition 14%.""}, {""original"": ""• Used Google Analytics and CleverTap to track user behaviour and KPIs, driving data-informed decisions that lifted conversion rates 23%."", ""rewritten"": ""• Used Google Analytics and CleverTap to track user behaviour and KPIs, driving data-informed decisions that lifted conversion rates 23%.""}, {""original"": ""• Partnered with UI/UX designers to streamline the application experience, cutting user drop-off rates 40%."", ""rewritten"": ""• Partnered with UI/UX designers to streamline the application experience, cutting user drop-off rates 40%.""}]","[""MS-Excel"", ""Google Analytics"", ""Performance Marketing""]","[""Cross-functional stakeholder management with marketing and technical teams"", ""Strong with numbers and analytics using tools like MS-Excel and Google Analytics"", ""Experience running digital campaigns and optimizing conversion funnels""]","[""MBA education requirement is met (MBA from Delhi School of Economics), but B.Tech is general rather than specifically Electrical/Electronics Engineering"", ""Digital growth experience is demonstrated through fintech and digital lending platforms rather than direct e-commerce marketplace seller management""]","[""No direct e-commerce marketplace management experience on Amazon, Flipkart, Seller Central, or Flipkart Seller Hub"", ""No hands-on inventory planning with manufacturing teams or supply chain/fulfillment operations experience"", ""No experience managing marketplace account relationships, P&L ownership of an e-commerce channel, or handling marketplace catalog hygiene and A+ pages""]","Hi, I have 4+ years of product growth and funnel optimization experience scaling digital platforms and performance marketing campaigns. I'd love to bring my data-driven approach and cross-functional leadership to Exicom's online channel. Let's connect!",Summary rewritten for this JD; 4 bullet(s) reworded to JD vocabulary (metrics preserved verbatim); Bullets reprioritized in: Product Manager - Home Loan; Skill groups reordered (Analytics & Tools first); Skill items resequenced toward JD mentions,"The job requires 1+ year of e-commerce marketplace management on Amazon/Flipkart and inventory planning with manufacturing, which the CV does not demonstrate.","sales, account, e-commerce, channel, flipkart, marketplace, amazon, manufacturing, inventory, seller, marketplaces, grow",good_fit,stated,1+,"asks for 1+ years, you have 4","Job Description — E-Commerce Manager

About the role

Exicom sells across marketplaces and our own D2C channel, and we’re now focused on scaling this business. We’re looking for an E-Commerce Manager to lead it end-to-end — own the strategy to grow EV charger sales online, run the day-to-day operations of the channel, and act as our key account manager for Amazon and Flipkart. You’ll work closely with manufacturing on inventory, operations on fulfilment, and the marketing team on campaigns — but the online business, its numbers, and its growth are yours.

What you’ll own

E-commerce strategy & growth: Devise and execute the strategy to grow EV charger sales across Amazon, Flipkart, and our own website — own the revenue targets and the channel P&L.Key Account Management: Be the single point of contact for Amazon and Flipkart — manage account/category manager relationships, negotiate visibility, deals, and terms, and drive participation in events like Big Billion Days and Prime Day.Day-to-day operations: Handle daily issues across the channel — listing suppressions, pricing errors, customer escalations, account health — and resolve them before they hurt sales.Fulfilment & shipments: Ensure orders are shipped on time across all channels; monitor dispatch SLAs, returns, and delivery performance, and push operations to fix gaps.Inventory planning: Plan inventory with manufacturing teams based on sales forecasts; ensure sufficient stock across all channels and fulfilment centres so we never lose sales to stock-outs.Catalog & availability: Own listings, content, A+ pages, buy box, ratings/reviews, and catalog hygiene across marketplaces and the website.Pricing & promotions: Set pricing and promotion strategy — competitive benchmarking, deal calendar, coupon/offer management.Marketing collaboration: Work with the marketing team to plan and run campaigns — marketplace ads (Sponsored Products/Brands, PLA), creatives, and brand alignment — and jointly track ACOS, ROAS, and org"
no,,,45,SAP Project Management Business Analyst,SkillBridge,"Hyderabad, Telangana",https://bebee.com/in/jobs/sap-project-management-business-analyst-skillbridge-hyderabad-telangana--t7xk-803152690?utm_campaign=google_jobs_apply&utm_source=google_jobs_apply&utm_medium=organic,35,24,40,borderline,0.36,0/1,must-have,"[{""need"": ""must-have"", ""gain"": 3}, {""need"": ""sap project"", ""gain"": 1}, {""need"": ""business analyst"", ""gain"": 1}, {""need"": ""analyst hiring"", ""gain"": 1}, {""need"": ""analyst sap"", ""gain"": 1}]",,"{""skill_match"": 0.2115, ""experience_fit"": 0.6429, ""domain"": 0, ""education"": 1.0, ""achievement"": 0.8571, ""trajectory"": 1.0}",serpapi,aggregator,,,1 day ago,,,,[],[],[],[],[],[],,,,"hyderabad, servicenow, hiring, analyst, location, mode, hybrid, client, office, s/4hana, basic, scope",stretch,stated,7-8,asks for 7-8 years vs your 4,"Hiring: Business Analyst – SAP Project Management | Hyderabad


Experience:
7–8 Years Relevant Experience


Location:
Hyderabad
Work Mode:
Hybrid – Work from Client Office
We are looking for an experienced
Business Analyst with strong SAP Project Management exposure
to support business transformation initiatives and SAP S/4HANA projects.


🔹 Must-Have Skills



SAP S/4HANA – basic understanding
SAP Project Management / Project Governance
Project Planning, Schedule & Scope Management
Risk/Crisis Management
Stakeholder Management
Change Management
Power BI & Power Apps
Advanced MS Excel
PowerPoint
Azure DevOps (ADO)
ServiceNow

🔹 Key Responsibilities

Gather, analyze and document business requirements.
Support SAP project planning, tracking, reporting and coordination.
Coordinate with business, functional and technical teams.
Track project scope, timelines, risks, issues and deliverables.
Support UAT, solution validation and deployment activities.
Prepare dashboards, status reports and stakeholder presentations.
Track backlog, tasks and delivery using Azure DevOps and ServiceNow.

🔹 Good to Have

Basic functional knowledge of
SAP FICO, Supply Chain & GTM
PMP/PMI certification
SAFe Agilist certification / Agile experience

🎯 Ideal Candidate A strong communicator with excellent stakeholder management, analytical and problem-solving skills who can work effectively in a
cross-functional, matrixed project environment
.
📍
Location:
Hyderabad
🏢
Mode:
Hybrid – Client Office


💼
Experience:
7–8 Years Relevant Experience


📩
Interested candidates can share their updated CV with relevant SAP Project Management experience.


#Hiring #BusinessAnalyst #SAPJobs #SAP #S4HANA #SAPProjectManagement #HyderabadJobs #PowerBI #PowerApps #AzureDevOps #ServiceNow #ProjectManagement #ITJobs #HybridJobs"
no,,,44,Product Manager-Consumer Mobile App (Gurugram),Amendss,"Gurugram, Haryana",https://www.shine.com/jobs/product-manager-consumer-mobile-app-gurugram/amendss/19463921?utm_campaign=google_jobs_apply&utm_source=google_jobs_apply&utm_medium=organic,38,45,36,borderline,0.34,1/5,"roadmap ownership, gathering, end-to-end feature delivery, consumer mobile apps","[{""need"": ""roadmap ownership"", ""gain"": 2}, {""need"": ""gathering"", ""gain"": 2}, {""need"": ""end-to-end feature delivery"", ""gain"": 2}, {""need"": ""consumer mobile apps"", ""gain"": 2}, {""need"": ""product manager-consumer"", ""gain"": 1}]",,"{""skill_match"": 0.0562, ""experience_fit"": 0.85, ""domain"": 0, ""education"": 1.0, ""achievement"": 1, ""trajectory"": 1.0}",serpapi,aggregator,,,1 day ago,,,,[],[],[],[],[],[],,,,"mobile, amendss, relationship, description, relationships, feature, collaborating, deliver, indias, first, ai-powered, psychology-led",unknown,unknown,,no experience requirement found in the available text,"Company Description  
Amendss is Indias first AI-powered, psychology-led relationship platform that helps individuals and couples navigate modern relationship dynamics with care and clarity. The platform blends skilled counselling practices with intelligent technology to support healthier communication, deeper emotional understanding, and stronger connections. Amendss supports users across different relationship phases, from building and maintaining bonds to working through challenges and personal growth. The team believes relationships are evolving systems and focuses on helping people reflect, grow, and stay meaningfully connected as life changes. Amendss is dedicated to making relationships feel balanced, fulfilling, and resilient, every day.  

Role Description  
The Product Manager  Consumer Mobile App will lead the vision, strategy, and execution for Amendsss consumer-facing mobile experience, ensuring it is intuitive, engaging, and aligned with the companys relationship-focused mission. This full-time on-site role, based in Gurugram, involves owning the product roadmap, defining feature requirements, and collaborating closely with design, engineering, content, and psychology experts to deliver impactful solutions. Day-to-day responsibilities include analyzing user behavior and feedback, prioritizing initiatives, writing clear product specifications, and coordinating cross-functional teams to deliver features on time and at high quality. The Product Manager will work with data and user research to optimize user journeys, activation, retention, and satisfaction, and will monitor performance metrics to guide continuous improvement. The role also includes stakeholder alignment, risk management, and ensuring a consistent, ethical, and empathetic user experience across the mobile app.  

Qualifications  
- Product management skills, including roadmap ownership, requirement gathering, and end-to-end feature delivery in consumer mobile apps.  
- Experience collaborat"
no,,,44,Senior Sustainability Program Manager,HPE,"Bengaluru, Karnataka",https://careers.hpe.com/us/en/job/1207553/Senior-Sustainability-Program-Manager?utm_campaign=google_jobs_apply&utm_source=google_jobs_apply&utm_medium=organic,27,22,59,borderline,0.66,3/12,"connect, protect, analyze, applications wherever, edge, cloud, turn insights, outcomes, speed","[{""need"": ""connect"", ""gain"": 2}, {""need"": ""protect"", ""gain"": 2}, {""need"": ""analyze"", ""gain"": 2}, {""need"": ""applications wherever"", ""gain"": 2}, {""need"": ""edge"", ""gain"": 2}]",,"{""skill_match"": 0.1859, ""experience_fit"": 0.6, ""domain"": 0, ""education"": 1.0, ""achievement"": 1, ""trajectory"": 1.0}",serpapi,aggregator,,,1 day ago,,,,[],[],[],[],[],[],,,,"sustainability, reporting, chain, operational, supply, enterprise, carbon, recruitment, global, manage, emissions, programs",stretch,stated,8+,asks for 8+ years vs your 4,"Senior Sustainability Program Manager

  

This role has been designed as ‘Hybrid’ with an expectation that you will work on average 2 days per week from an HPE office.



Who We Are:

Hewlett Packard Enterprise is the global edge-to-cloud company advancing the way people live and work. We help companies connect, protect, analyze, and act on their data and applications wherever they live, from edge to cloud, so they can turn insights into outcomes at the speed required to thrive in today’s complex world. Our culture thrives on finding new and better ways to accelerate what’s next. We know varied backgrounds are valued and succeed here. We have the flexibility to manage our work and personal needs. We make bold moves, together, and are a force for good. If you are looking to stretch and grow your career our culture will embrace you. Open up opportunities with HPE.





Job Description:

   

HPE Operations is our innovative IT services organization. It provides the expertise to advise, integrate, and accelerate our customers’ outcomes from their digital transformation. Our teams collaborate to transform insight into innovation. In today’s fast paced, hybrid IT world, being at business speed means overcoming IT complexity to match the speed of actions to the speed of opportunities. Deploy the right technology to respond quickly to market possibilities. Join us and redefine what’s next for you.

HPE has committed to ambitious climate goals, including reducing Scope 1 and Scope 2 emissions by 70%, reducing Scope 3 emissions by 42% by 2030 (2020 baseline), and achieving net-zero greenhouse gas emissions across the value chain by 2040. This role will play a critical part in enabling the data, systems, reporting, and operational programs needed to achieve these targets.

What You’ll Do:

Lead and manage a small global team supporting sustainability data management, reporting, analytics, and tool development initiatives across HPE Operations.
Drive execution of sustainabili"
no,,,42,Program Manager,phData,"Bangalore, Karnataka",https://www.adzuna.in/details/5801670623?utm_medium=api&utm_source=195aa6d0,32,28,16,weak,0.08,0/0,,"[{""need"": ""program manager"", ""gain"": 2}, {""need"": ""phdata"", ""gain"": 2}, {""need"": ""remote-first data"", ""gain"": 2}, {""need"": ""ai consultancy"", ""gain"": 2}, {""need"": ""employees"", ""gain"": 2}]",,"{""skill_match"": 0.0417, ""experience_fit"": 0.85, ""domain"": 0, ""education"": 1.0, ""achievement"": 0.8571, ""trajectory"": 1.0}",adzuna,aggregator,,,2026-07-16T03:11:03Z,,,,[],[],[],[],[],[],,,,"phdata, snowflake, remote-first, consultancy, employees, united, states, latin, america, industry, leaders, anthropic",unknown,unknown,,no experience requirement found in the available text,"Join phData , a remote-first data and AI consultancy company with employees across the United States, Latin America, and India. We partner with industry leaders, including Snowflake, AWS, Anthropic, Glean, and dbt, to solve the complex data and AI challenges that slow large enterprises. We're growing fast, and we give our people real ownership over their work. We hire top performers and trust them to deliver results. Why phData? Snowflake Implementation Partner of the Year — 7 consecutive years…"
no,,,42,Senior Product Manager – Enterprise Search,Simpplr,"Gurugram, Haryana",https://startup.jobs/senior-product-manager-enterprise-search-simpplr-9002980?utm_campaign=google_jobs_apply&utm_source=google_jobs_apply&utm_medium=organic,32,27,26,weak,0.26,0/0,,"[{""need"": ""senior product"", ""gain"": 2}, {""need"": ""manager enterprise"", ""gain"": 2}, {""need"": ""enterprise search"", ""gain"": 2}, {""need"": ""simpplr"", ""gain"": 2}, {""need"": ""ai-powered intranet"", ""gain"": 2}]",,"{""skill_match"": 0.0417, ""experience_fit"": 0.78, ""domain"": 0, ""education"": 1.0, ""achievement"": 1, ""trajectory"": 1.0}",serpapi,aggregator,,,2 days ago,,,,[],[],[],[],[],[],,,,"simpplr, enterprise, retrieval, magnus, answers, hybrid, relevance, context, security, makes, permission-aware, engineers",good_fit,stated,5+,"asks for 5+ years, you have 4","Who We Are
Simpplr is the AI-powered intranet for unifying the digital workplace. It brings people, trusted knowledge, apps, and agents into a coherent digital experience. Powered by a proprietary EX Knowledge Graph, Simpplr synthesizes signals and context across connected systems to deliver personalized information and actions. The platform serves as a digital hub supporting communications, engagement, employee services, and work. With low-code extensibility and enterprise-grade security and governance, Simpplr enables confident operation at scale. More than 1,000 organizations — including AAA, the NHS, Penske, and Moderna — trust Simpplr to keep their workforce informed, aligned, and productive. Learn more at simpplr.com.

The Opportunity
We're looking for a highly skilled Senior Product Manager – Enterprise Search to join our Product Management team. In this role, you'll own the strategy, definition, and execution of enterprise search across Simpplr — powering both Magnus (our AI assistant) and the Simpplr platform. You'll shape how employees find the right knowledge, content, and answers across the entire enterprise, quickly, accurately, and securely.


Search is the connective tissue of the employee experience: it is what makes Magnus's answers trustworthy and what makes the Simpplr platform feel intelligent. You'll be responsible for the end-to-end search experience — from how content is ingested, chunked, and indexed, to how it is retrieved, ranked, and grounded into high-quality, permission-aware answers via retrieval-augmented generation (RAG).


You'll work closely with AI engineers, search/ML engineers, data scientists, designers, and cross-functional teams to deliver a search foundation that is fast, relevant, and enterprise-grade. This role requires strong technical fluency in modern search and AI concepts — indexing, chunking, embeddings, vector and hybrid retrieval, ranking, and RAG — along with the product judgment to translate them into measurable c"
no,,,41,Business Analyst/Transformation - Process Intelligence,Amgen,"Hyderabad, Telangana",https://careers.amgen.com/en/job/hyderabad/business-analyst-transformation-process-intelligence/87/95362856208?utm_campaign=google_jobs_apply&utm_source=google_jobs_apply&utm_medium=organic,29,22,55,borderline,0.7,1/12,"individuals, disabilities, provided reasonable accommodation, participate, interview process, perform essential, functions, receive, benefits, privileges, employment","[{""need"": ""individuals"", ""gain"": 1}, {""need"": ""disabilities"", ""gain"": 1}, {""need"": ""provided reasonable accommodation"", ""gain"": 1}, {""need"": ""participate"", ""gain"": 1}, {""need"": ""interview process"", ""gain"": 1}]",,"{""skill_match"": 0.0777, ""experience_fit"": 0.6429, ""domain"": 0, ""education"": 1.0, ""achievement"": 1, ""trajectory"": 1.0}",serpapi,aggregator,,,3 days ago,,,,[],[],[],[],[],[],,,,"improvement, intelligence, processes, initiatives, transparency, capabilities, gaps, value, understanding, insights, mining, multiple",stretch,stated,7-13,asks for 7-13 years vs your 4,"Live

What you will do

Process Intelligence is a data-driven approach to creating process transparency by using advanced process analysis capabilities to uncover how end-to-end processes are actually executed, highlighting gaps between expectation and reality.

In this vital role you will be accountable for executing the Results Delivery Office (RDO) Process Intelligence strategy and supporting our enterprise transformation programs aligned with the company’s most critical initiatives.



Roles & Responsibilities:

Drive initiatives to maximize business value from process intelligence deployments (current-state understanding, automation/redesign opportunities, and value capture monitoring).Understand and map end-to-end business processes, underlying systems, and data; identify performance gaps and improvement opportunities.Develop and maintain a knowledge repository of process insights derived from process mining and other process analysis tools; ensure appropriate process documentation and controls.Manage project work across multiple initiatives and process scopes; coordinate activities and information flow between process owners, analysts, IT, and RDO.Create visualization dashboards to present actionable insights and track key metrics, milestones, ROI and/or benefits.

Win

What we expect of you



Basic Qualifications:



Master’s OR Bachelor's degree and 7 to 13 years of Business Performance, Continuous Improvement, or Project Management experience







Technical Skills:

Must Have Skills:

Process analysis, visualization, and improvement experience; proficiency with one or more process mining tools (e.g., Celonis, Signavio).Experience processing, filtering, and presenting large data extracted from multiple source systems.Data reporting experience (e.g. Tableau, Power BI).Strong project management capabilities partnering with both business and IT.

Good to Have Skills:

Coding knowledge (e.g., SQL, Python, YAML).Strong understanding of SAP ECC and S/4 HANA ta"
no,,,36,"Program Manager, Medical Communications and Content Solutions -Vaccines",Pfizer,"New Delhi, Delhi",https://in.linkedin.com/jobs/view/program-manager-medical-communications-and-content-solutions-vaccines-at-pfizer-4453083427?utm_campaign=google_jobs_apply&utm_source=google_jobs_apply&utm_medium=organic,30,26,14,weak,0.22,0/0,,"[{""need"": ""phd"", ""gain"": 7}, {""need"": ""program manager"", ""gain"": 1}, {""need"": ""medical communications"", ""gain"": 1}, {""need"": ""content solutions vaccines"", ""gain"": 1}, {""need"": ""summary"", ""gain"": 1}]",,"{""skill_match"": 0.0878, ""experience_fit"": 0.78, ""domain"": 0, ""education"": 0.3, ""achievement"": 0.8571, ""trajectory"": 1.0}",serpapi,aggregator,,,4 days ago,,,,[],[],[],[],[],[],,,,"medical, solutions, global, abstracts, members, projects, communications, resources, types, review, communication, authors",good_fit,stated,5+,"asks for 5+ years, you have 4","Role Summary

The Program Manager, Medical Communications and Content Solutions, Category Team within the Global Medical Communications and Content Solutions (MCCS) team in the Global & US Medical Communications and Content (MCC) Organization is responsible for developing and reviewing, global medical content end-to-end within a specific therapeutic area (Internal Medicine/ Specialty Care/ Vaccines/ Oncology), including abstracts, manuscripts, congress posters/presentations, graphical abstracts, systematic literature reviews, plain language summaries, slide decks, medical education resources, social media, infographics, video, multi-media and other types of external-facing medical content.

Role Responsibilities

The Program Manager, will develop and review all relevant medical affairs content, including abstracts, manuscripts, congress posters/presentations, graphical abstracts, systematic literature reviews, plain language summaries, slide decks, medical education resources, social media, infographics, video, multi-media and other types of external-facing medical content for an assigned area/product. Independent writing and development of drafts including researching, organizing, compiling, interpreting and quality check of various types of technical and/or medical information with limited support from internal reviewers. Review of drafts includes checking content pieces developed by other team members for clarity, perspective, accuracy, appropriateness for target audience, and overall quality, in line with all applicable guidelines and internal checklists. Train other team members in processes, and overall writing to ensure adherence to quality standards. Serve as a functional expert for the product (within the therapeutic area) and support junior team members to enhance familiarity with product specific communication requirements. Provide solutions to authors for projects and collaborate with other teams to drive these solutions (Graphics, Compliance agency, Sta"
no,,,21,Product Manager - Cloud SRX Firewall,HPE,"Bengaluru, Karnataka",https://careers.hpe.com/us/en/job/1209735/Product-Manager-Cloud-SRX-Firewall?utm_campaign=google_jobs_apply&utm_source=google_jobs_apply&utm_medium=organic,29,24,16,weak,0.76,4/12,"hybrid, average, week, hpe office, connect, protect, analyze, applications wherever","[{""need"": ""hybrid"", ""gain"": 1}, {""need"": ""average"", ""gain"": 1}, {""need"": ""week"", ""gain"": 1}, {""need"": ""hpe office"", ""gain"": 1}, {""need"": ""connect"", ""gain"": 1}]",,"{""skill_match"": 0.2504, ""experience_fit"": 0.54, ""domain"": 0, ""education"": 1.0, ""achievement"": 1, ""trajectory"": 1.0}",serpapi,aggregator,,,1 day ago,,,,[],[],[],[],[],[],,,,"security, networking, enterprise, service, public, recruitment, hybrid, secure, portfolio, network, make, solutions",over_senior,stated,10+,"asks for 10+ years, above your 8-year ceiling","Product Manager - Cloud SRX Firewall





  

This role has been designed as 'Hybrid' with a requirement that you will work on average 2 days per week from an HPE office.



Who We Are:

Hewlett Packard Enterprise is the global edge-to-cloud company advancing the way people live and work. We help companies connect, protect, analyze, and act on their data and applications wherever they live, from edge to cloud, so they can turn insights into outcomes at the speed required to thrive in today’s complex world. Our culture thrives on finding new and better ways to accelerate what’s next. We know varied backgrounds are valued and succeed here. We have the flexibility to manage our work and personal needs. We make bold moves, together, and are a force for good. If you are looking to stretch and grow your career our culture will embrace you. Open up opportunities with HPE.





Job Description:

   

About HPE Networking, SASE & SecurityHPE Networking Business Unit, powered by the Aruba Networks, Juniper Networks and Axis Security portfolios, delivers secure, AI-driven networking solutions that connect users, devices, applications, and data across campus, branch, data centre, WAN, data centre, and cloud environments. HPE Networking BU enables organizations to modernize infrastructure through on-prem, hybrid and cloud-native management, automation, AIOps-driven operations, and high-performance wired, wireless, routing, and switching and security solutions, while supporting seamless hybrid work experiences with scalability, resiliency, and operational simplicity.

HPE Networking BU’s SASE and Security Group develops solutions that provide a unified, cloud-delivered architecture that combines networking and security capabilities for the modern edge-to-cloud enterprise. The portfolio integrates SD-WAN, Secure Service Edge (SSE), Zero Trust Network Access (ZTNA), Next Generation Firewall (NGFW), CASB, Secure Routing, Unified Endpoint Client and AI-Native network operations capab"
no,,,17,Program Manager,Quest Global,"Bangalore, Karnataka",https://www.adzuna.in/details/5843844704?utm_medium=api&utm_source=195aa6d0,18,8,1,weak,0.08,0/0,,"[{""need"": ""program manager"", ""gain"": 2}, {""need"": ""quest global"", ""gain"": 2}, {""need"": ""different"", ""gain"": 2}, {""need"": ""engineering services provider"", ""gain"": 2}, {""need"": ""believe"", ""gain"": 2}]",,"{""skill_match"": 0.0435, ""experience_fit"": 0.85, ""domain"": 0, ""education"": 1.0, ""achievement"": 0.8571, ""trajectory"": 1.0}",adzuna,aggregator,,,2026-08-16T07:57:25Z,,,,[],[],[],[],[],[],,,,"make, quest, global, just, makes, different, services, provider, believe, power, doing, things",over_senior,stated,25+,"asks for 25+ years, above your 8-year ceiling","At Quest Global, it's not just what we do but how and why we do it that makes us different. With over 25 years as an engineering services provider, we believe in the power of doing things differently to make the impossible possible. Spanning 20 countries and speaking 51 languages, our 23,000 extraordinary employees are driven by the desire to make the world a better place. We bring together technologies and industries, alongside the contributions of diverse individuals who are empowered by an i…"
no,,,16,Staff Technical Program Manager - Sports Tech,Warner Bros. Discovery,"Bangalore, Karnataka",https://www.adzuna.in/land/ad/5842115041?se=knGV7yaZ8RGqM9tlrK2FfQ&utm_medium=api&utm_source=195aa6d0&v=9A49D543681583542C2A8F00642A7B005793FE63,21,20,1,weak,0.08,0/0,,"[{""need"": ""staff technical"", ""gain"": 1}, {""need"": ""technical program"", ""gain"": 1}, {""need"": ""program manager"", ""gain"": 1}, {""need"": ""sports tech"", ""gain"": 1}, {""need"": ""warner bros"", ""gain"": 1}]",,"{""skill_match"": 0, ""experience_fit"": 0.85, ""domain"": 0, ""education"": 1.0, ""achievement"": 0.8571, ""trajectory"": 1.0}",adzuna,aggregator,,,2026-08-15T00:04:22Z,,,,[],[],[],[],[],[],,,,"warner, bros, discovery, stuff, dreams, made, inclusive, employer, member, mygwork, largest, global",over_senior,inferred,8-14,"title implies roughly 8-14 years (centre ~11y), above your 8-year ceiling — inferred from wording, not stated in the posting","This job is with Warner Bros. Discovery, an inclusive employer and a member of myGwork – the largest global platform for the LGBTQ business community. Please do not contact the recruiter directly. Welcome to Warner Bros. Discovery… the stuff dreams are made of. Who We Are… When we say, “the stuff dreams are made of,” we’re not just referring to the world of wizards, dragons and superheroes, or even to the wonders of Planet Earth. Behind WBD’s vast portfolio of iconic content and beloved brands,…"
