applied,applied_on,match_feedback,score,title,company,location,url,frozen_score,legacy_score,percentile,band,jd_difficulty,must_coverage,missing_must,top_gaps,score_flags,sub_scores,source,apply_channel,salary_min,salary_max,updated_at,resume_docx,resume_pdf,tailored_summary,bullets_to_lead_with,rewritten_bullets,keywords_to_add_if_true,fit_exact,fit_partial,fit_gaps,outreach_note,change_log,honest_gap_note,missing_keywords,exp_verdict,exp_confidence,exp_required,exp_why,description_snippet
no,,,71,Product Manager - Growth,Nykaa,"New Delhi, Delhi",https://www.shine.com/jobs/product-manager-growth/nykaa/19449514?utm_campaign=google_jobs_apply&utm_source=google_jobs_apply&utm_medium=organic,49,71,98,strong,0.68,7/9,"Cross-Functional Collaboration, Communication","[{""need"": ""Cross-Functional Collaboration"", ""gain"": 3}, {""need"": ""Communication"", ""gain"": 3}, {""need"": ""Collaboration"", ""gain"": 2}, {""need"": ""Customer needs"", ""gain"": 2}, {""need"": ""Market trends"", ""gain"": 2}]","Unverifiable mandatory gate — confirm manually: In Office role, requiring the candidate to work from our Delhi office","{""skill_match"": 0.6532, ""experience_fit"": 1.0, ""domain"": 0, ""education"": 1.0, ""achievement"": 1, ""trajectory"": 1.0}",serpapi,aggregator,,,5 days ago,data/resumes/2026-08-17/Nykaa_Product_Manager_Growth/Mehul_Agarwal.docx,data/resumes/2026-08-17/Nykaa_Product_Manager_Growth/Mehul_Agarwal.pdf,"Product Manager with 4+ years of experience building digital lending products and owning end-to-end product roadmaps, requirements, and cross-functional execution. Proven track record of using data analytics to optimize lead funnels, increase user acquisition, and drive product growth. Experienced in collaborating with engineering, design, business, and credit policy teams to launch impactful digital platforms.","[""Own product strategy for Home Loan digital acquisition, translating business and credit-policy requirements into scalable lead-generation and qualification systems."", ""Led development and management of digital platforms (app and web) for the Personal Loan product, growing user engagement 27% and user acquisition 14%."", ""Mapped and optimize the end-to-end digital home loan funnel — from awareness and lead generation through login, sanction, and disbursal — identifying drop-off points and prioritizing fixes.""]","[{""original"": ""• Own product strategy for Home Loan digital acquisition, translating business and credit-policy requirements into scalable lead-generation and qualification systems."", ""rewritten"": ""• Developed and executed strategic product roadmaps for Home Loan digital acquisition, translating business and credit-policy requirements into scalable lead-generation and qualification systems.""}, {""original"": ""• Served as primary liaison between technical and business stakeholders, driving alignment on requirements and project status throughout the delivery lifecycle."", ""rewritten"": ""• Collaborated with cross-functional teams including engineering and design, driving alignment on requirements and project status throughout the product delivery lifecycle.""}, {""original"": ""• Used Google Analytics and CleverTap to track user behaviour and KPIs, driving data-informed decisions that lifted conversion rates 23%."", ""rewritten"": ""• Analyzed product performance using Google Analytics and CleverTap to track user behaviour and make data-driven decisions that optimized product growth and lifted conversion rates 23%.""}, {""original"": ""• Spearheaded the complete redesign of the personal loan application process on both app and web platforms, resulting in a 15% reduction in application completion time and a 30% increase in completed applications."", ""rewritten"": ""• Led product development and launches by spearheading the complete redesign of the personal loan application process on app and web platforms, resulting in a 15% reduction in completion time and a 30% increase in completed applications.""}]","[""Data Analysis"", ""Product Development"", ""Strategy Execution"", ""Cross-Functional Collaboration"", ""Market Analysis"", ""Project Management""]","[""4 years of experience in product management"", ""Develop and execute strategic product roadmaps"", ""Collaborate with cross-functional teams, including engineering, design, and marketing"", ""Define product requirements and develop business cases/specifications"", ""Analyze product performance and make data-driven decisions to optimize product growth""]","[""Identify market trends, customer needs, and opportunities for growth: CV demonstrates market research and optimization via user behavior tracking, but doesn't explicitly frame it under general market trend analysis for this specific retail/e-commerce sector.""]","[""In-office role requiring the candidate to work from the Delhi office (CV shows Pune, MH/IN location).""]","Hi, I saw Nykaa's Product Manager - Growth opening in Delhi. With 4+ years managing digital product roadmaps and funnel optimization at Bajaj Finance, I've driven up to 30% increases in completed applications using data-driven execution. I'd love to bring this background to your growth team.",Summary rewritten for this JD; 3 bullet(s) reworded to JD vocabulary (metrics preserved verbatim); Bullets reprioritized in: Product Manager - Home Loan,"The job description requests an in-office role based out of Delhi, whereas the candidate's current location listed on the CV is Pune, MH/IN.","trends, customer, needs, goals, develop, cross-functional, communication, office, launches, understanding, identify, opportunities",good_fit,stated,4+,"asks for 4+ years, you have 4","Posted on 14 Nov 2025



 
  


 
 
  
   
    Summary:
    We are seeking an experienced Product Manager - Growth to join our team in Delhi. As a Product Manager, you will be responsible for driving growth through strategic product development and launches. With 4 years of experience in product management, you will have a strong understanding of market trends, customer needs, and business goals. Your expertise will help us identify opportunities for growth, develop product roadmaps, and collaborate with cross-functional teams to bring products to market. The ideal candidate will be a strategic thinker, have excellent communication skills, and be able to work in a fast-paced environment. This is an In Office role, requiring the candidate to work from our Delhi office. If you have a passion for growth and product development, we encourage you to apply.


    

    


    

    Responsibilities
    
     
      Develop and execute strategic product roadmaps to drive growth and meet business objectives
     
     
      Identify market trends, customer needs, and opportunities for growth through market research and analysis
     
     
      Collaborate with cross-functional teams, including engineering, design, and marketing to bring products to market
     
     
      Define product requirements and develop business cases to support product launches
     
     
      Work closely with stakeholders to prioritize product features and ensure alignment with business goals
     
     
      Analyze product performance and make data-driven decisions to optimize product growth
     
     

    
    


    

    Requirements
    
     
      4 years of experience in product management
     
     
      Strong understanding of market trends, customer needs, and business goals
     
     
      Excellent communication skills
     
     
      Ability to work in a fast-paced environment
     
    
   
   
    Skills
    
     Data Analysis
     Product Development
     Strateg"
no,,,63,Head of Partnerships,LARK FINSERV- THE LAS COMPANY,"Noida, Uttar Pradesh",https://in.linkedin.com/jobs/view/head-of-partnerships-at-lark-finserv-the-las-company-4451713911?utm_campaign=google_jobs_apply&utm_source=google_jobs_apply&utm_medium=organic,48,44,88,strong,0.53,0/6,"Minimum 5 years of experience in Financial Services, Fintech, Wealthtech, Stock Broking, Wealth Management, NBFC or related industries, Proven track record of building and managing B2B partnerships, Experience managing sales, relationship management or partnership teams, Strong negotiation and commercial skills, Strong understanding of business metrics and revenue targets, Willingness to travel extensively across India","[{""need"": ""Minimum 5 years of experience in Financial Services, Fintech, Wealthtech, Stock Broking, Wealth Management, NBFC or related industries"", ""gain"": 3}, {""need"": ""Proven track record of building and managing B2B partnerships"", ""gain"": 3}, {""need"": ""Experience managing sales, relationship management or partnership teams"", ""gain"": 3}, {""need"": ""Strong negotiation and commercial skills"", ""gain"": 3}, {""need"": ""Strong understanding of business metrics and revenue targets"", ""gain"": 3}]",Unverifiable mandatory gate — confirm manually: Willingness to travel extensively across India,"{""skill_match"": 0.1819, ""experience_fit"": 0.78, ""domain"": 1, ""education"": 1.0, ""achievement"": 1, ""trajectory"": 1.0}",serpapi,aggregator,,,2 days ago,data/resumes/2026-08-17/LARK_FINSERV_THE_LAS_COMPANY_Head_of_Partnerships/Mehul_Agarwal.docx,data/resumes/2026-08-17/LARK_FINSERV_THE_LAS_COMPANY_Head_of_Partnerships/Mehul_Agarwal.pdf,"Product Manager with 4+ years building digital lending products in fintech at Bajaj Finance, owning digital acquisition stacks and NBFC partnership workflows. Operates across strategic roadmap development and tactical execution, translating business and credit-policy requirements into partner-exchange and qualification systems. Grounded in data, bringing hands-on experience in lead funnel optimization, stakeholder management, and cross-functional delivery.","[""• Lead product requirements for strategic NBFC and financial-institution partnerships, designing lead-exchange and commission workflows with legal, business, and tech teams."", ""• Design and ship the MCP (Minimum Credit Parameters) Master and Lead Allocation Master — a rules engine that pre-qualifies leads and routes them to the right lending partner based on credit profile, eligibility, and business rules."", ""• Map and optimize the end-to-end digital home loan funnel — from awareness and lead generation through login, sanction, and disbursal — identifying drop-off points and prioritizing fixes.""]","[{""original"": ""• Lead product requirements for strategic NBFC and financial-institution partnerships, designing lead-exchange and commission workflows with legal, business, and tech teams."", ""rewritten"": ""• Lead product requirements for strategic NBFC and financial-institution partnerships, designing lead-exchange and commission workflows with legal, business, and tech teams to drive partnership operations.""}, {""original"": ""• Design and ship the MCP (Minimum Credit Parameters) Master and Lead Allocation Master — a rules engine that pre-qualifies leads and routes them to the right lending partner based on credit profile, eligibility, and business rules."", ""rewritten"": ""• Design and ship the MCP (Minimum Credit Parameters) Master and Lead Allocation Master — a rules engine that pre-qualifies leads and routes them to the right lending partner based on credit profile, eligibility, and business rules to optimize partner match and conversion efficiency.""}, {""original"": ""• Map and optimize the end-to-end digital home loan funnel — from awareness and lead generation through login, sanction, and disbursal — identifying drop-off points and prioritizing fixes."", ""rewritten"": ""• Map and optimize the end-to-end digital home loan funnel — from awareness and lead generation through login, sanction, and disbursal — identifying drop-off points and prioritizing fixes to drive acquisition and loan volume.""}]","[""Fintech"", ""Digital Lending"", ""Partner Integrations"", ""Stakeholder Management"", ""Lead Funnel Optimisation""]","[""Experience in Fintech and digital lending"", ""Managing partner integrations and lead-exchange workflows with financial institutions"", ""Working with business and legal stakeholders on partnership structures""]","[""Experience in Financial Services: CV has fintech and lending experience at Bajaj Finance, but lacks direct experience in wealth management, stock broking, or wealthtech."", ""Building partnership networks: CV demonstrates managing strategic NBFC and financial-institution partnerships and lead allocation, but does not explicitly show building a pan-India B2B distribution network or leading a hybrid team of relationship managers and freelance professionals as requested by the JD.""]","[""5+ years of experience: CV shows 4+ years of professional experience."", ""Experience managing sales, relationship management, or partnership teams."", ""Direct experience working with wealth firms, stock brokers, MFDs, IFAs, or wealthtech platforms.""]","Hi, I lead digital acquisition and partner integrations at Bajaj Finance, building lead-exchange workflows and lending-partner rules engines. My background in fintech lending aligns well with scaling financial product distribution. Would love to discuss how I can contribute to Lark Finserv.",Summary rewritten for this JD; 3 bullet(s) reworded to JD vocabulary (metrics preserved verbatim); Skill groups reordered (Domain & Growth first),"The CV does not demonstrate 5+ years of experience (has 4+ years) or direct background in managing wealth management, stock broking, or wealthtech partnership networks.","lark, financial, wealth, head, build, distribution, network, pan-india, services, wealthtech, stock, relationship",good_fit,stated,5+,"asks for 5+ years, you have 4","Company: Lark Finserv Private Limited

Location: Noida / Pan-India

Experience: 5+ years

Employment Type: Full-time

Industry: Fintech / Financial Services / Wealthtech




About Lark Finserv


Lark Finserv is building credit infrastructure for the investment economy, enabling digital lending against financial assets such as mutual funds, stocks, bonds and other securities.

Lark works with wealth firms, stock brokers, MFDs, IFAs, fintechs and financial institutions to provide technology-led investment-backed credit solutions.

We are building a large distribution network across India and are looking for a high-energy Head of Partnerships to lead this expansion.




Role Overview


We are looking for a Head of Partnerships with 5+ years of experience in Financial Services, Fintech, Wealthtech, Stock Broking, Wealth Management or related industries.

This is a high-impact, business ownership role responsible for building and scaling Lark's partner ecosystem across India.

The person will lead a team of full-time relationship/business professionals and freelance/independent partnership professionals across India, with the objective of rapidly building 




Lark's network of:

Wealth Management FirmsStock BrokersMutual Fund Distributors (MFDs)Independent Financial Advisors (IFAs)Wealthtech PlatformsFintechsFinancial InstitutionsThe ideal candidate is a high-velocity partnership builder who can open doors, close partnerships, activate partners and build a repeatable partnership engine.




Core Mandate


Build India's strongest distribution network for investment-backed credit.

The role is not limited to signing partnerships.

The complete responsibility is:

Identify → Acquire → Onboard → Activate → Generate Business → Scale




Key Responsibilities


1. Build Pan-India Partnership NetworkDevelop and execute Lark's national partnership strategy.Build relationships with India's leading wealth firms, stock brokers, MFDs and IFAs.Identify high-value partner segments and"
no,,,61,Product Manager,OurInitiative Media Pvt Ltd,"Delhi, India",https://www.adzuna.in/details/1171509445?utm_medium=api&utm_source=195aa6d0,47,48,67,competitive,0.2,1/2,Navigation Flow,"[{""need"": ""Navigation Flow"", ""gain"": 6}, {""need"": ""Documentation"", ""gain"": 3}, {""need"": ""MS-PowerPoint"", ""gain"": 3}, {""need"": ""Product documentation"", ""gain"": 2}, {""need"": ""Wire framing"", ""gain"": 2}]",,"{""skill_match"": 0.5101, ""experience_fit"": 0.85, ""domain"": 0, ""education"": 1.0, ""achievement"": 0.8571, ""trajectory"": 1.0}",adzuna,aggregator,400000,600000,2019-06-05T21:12:26Z,data/resumes/2026-08-17/OurInitiative_Media_Pvt_Ltd_Product_Manager/Mehul_Agarwal.docx,data/resumes/2026-08-17/OurInitiative_Media_Pvt_Ltd_Product_Manager/Mehul_Agarwal.pdf,"Product Manager with 4+ years of fintech experience building digital lending products, driving requirements, and managing end-to-end product delivery from concept to deployment. Adept at cross-functional collaboration, defining product strategy, and partnering with design and engineering teams to shape user flows and platform experiences. Brings strong data-driven decision making and product documentation skills using tools like Figma, MS-Excel, and Azure DevOps.","[""Partnered with UI/UX designers to streamline the application experience, cutting user drop-off rates 40%."", ""Wrote detailed product specifications and requirements in partnership with engineering teams to ensure aligned, on-time delivery."", ""Owned end-to-end delivery — from concept and design through development, testing, deployment, and post-launch support — ensuring seamless product releases.""]","[{""original"": ""Map and optimize the end-to-end digital home loan funnel — from awareness and lead generation through login, sanction, and disbursal — identifying drop-off points and prioritizing fixes."", ""rewritten"": ""Map and optimize the end-to-end digital home loan funnel — from awareness and lead generation through login, sanction, and disbursal — conducting user research to identify drop-off points and prioritize fixes.""}, {""original"": ""Spearheaded the complete redesign of the personal loan application process on both app and web platforms, resulting in a 15% reduction in application completion time and a 30% increase in completed applications."", ""rewritten"": ""Spearheaded the complete redesign of the personal loan application navigation flow and user experience on both app and web platforms, resulting in a 15% reduction in application completion time and a 30% increase in completed applications.""}]","[""MS-Excel"", ""Product Management"", ""Product Strategy""]","[""Product Management"", ""Product Strategy"", ""MS-Excel"", ""Product documentation and user experience design""]","[""Navigation Flow / UX Design: CV shows partnering with UI/UX designers, mapping funnels, and wireframing/UX design via Figma, but does not explicitly mention mapping user workflows for OOH media spaces.""]","[""Experience with SaaS platforms for managing OOH (out-of-home) media spaces.""]","Hi, I'm a Product Manager with 4+ years of experience defining requirements, user flows, and UX design for digital platforms. I previously cut drop-offs by 40% collaborating with design and engineering, and would love to bring this execution rigor to your OOH media SaaS platform.",Summary rewritten for this JD; 1 bullet(s) reworded to JD vocabulary (metrics preserved verbatim); Bullets reprioritized in: Product Manager; Skill items resequenced toward JD mentions,"The job requires experience building or managing a SaaS platform for OOH media spaces, which is outside the candidate's fintech and digital lending background.","documentation, meet, various, types, understand, flows, accordingly, navigation, flow, saas, managing, media",unknown,unknown,,no experience requirement found in the available text,"In this Role you will be required to meet various types of users, understand their work flows and accordingly work on Navigation Flow for our technology product a SaaS platform for Managing OOH media spaces. Candidates having worked on product documentation, user experience design and wire framing will be given preference but bright minds with willingness to learn fast can also apply. Skills: Documentation, MS-Excel, MS-PowerPoint, Product Management, Product Strategy, Research & Development, U…"
no,,,60,WFM Product Manager (Verint),Miratech,"Noida, Ghaziabad",https://www.adzuna.in/details/5840649030?utm_medium=api&utm_source=195aa6d0,42,51,63,competitive,0.18,2/2,,"[{""need"": ""Process excellence"", ""gain"": 5}, {""need"": ""Continuous improvement"", ""gain"": 5}, {""need"": ""Customer care support functions"", ""gain"": 5}, {""need"": ""Verint"", ""gain"": 4}]",,"{""skill_match"": 0.4957, ""experience_fit"": 0.85, ""domain"": 0, ""education"": 1.0, ""achievement"": 0.8571, ""trajectory"": 1.0}",adzuna,aggregator,,,2026-08-14T01:27:45Z,data/resumes/2026-08-17/Miratech_WFM_Product_Manager_Verint/Mehul_Agarwal.docx,data/resumes/2026-08-17/Miratech_WFM_Product_Manager_Verint/Mehul_Agarwal.pdf,"Product Manager with 4+ years of fintech experience building and optimizing digital platforms, lending products, and user acquisition stacks. Experienced in driving end-to-end delivery, collaborating with cross-functional technical and business stakeholders, and executing continuous platform improvements. Grounded in data analytics using Google Analytics and CleverTap to track KPIs and optimize user experiences.","[""• Led development and management of digital platforms (app and web) for the Personal Loan product, growing user engagement 27% and user acquisition 14%."", ""• Served as primary liaison between technical and business stakeholders, driving alignment on requirements and project status throughout the delivery lifecycle."", ""• Owned end-to-end delivery — from concept and design through development, testing, deployment, and post-launch support — ensuring seamless product releases.""]","[{""original"": ""• Served as primary liaison between technical and business stakeholders, driving alignment on requirements and project status throughout the delivery lifecycle."", ""rewritten"": ""• Served as primary liaison between technical and business stakeholders, driving alignment on requirements and project status throughout the continuous delivery lifecycle to support operational platforms.""}, {""original"": ""• Owned end-to-end delivery — from concept and design through development, testing, deployment, and post-launch support — ensuring seamless product releases."", ""rewritten"": ""• Owned end-to-end platform delivery — from concept and design through development, testing, deployment, and post-launch support — ensuring seamless product releases and service experiences.""}, {""original"": ""• Map and optimize the end-to-end digital home loan funnel — from awareness and lead generation through login, sanction, and disbursal — identifying drop-off points and prioritizing fixes."", ""rewritten"": ""• Map and optimize the end-to-end digital platform funnel — from awareness and lead generation through login, sanction, and disbursal — identifying drop-off points and prioritizing continuous improvements.""}, {""original"": ""• Used Google Analytics and CleverTap to track user behaviour and KPIs, driving data-informed decisions that lifted conversion rates 23%."", ""rewritten"": ""• Used Google Analytics and CleverTap to track user behaviour and platform KPIs, driving data-informed decisions and continuous improvements that lifted conversion rates 23%.""}]","[""Product Management"", ""Stakeholder Management"", ""SDLC"", ""Release Management"", ""Continuous Improvement""]","[""Product management and product platform execution experience"", ""Cross-functional stakeholder management and delivery lifecycle execution"", ""Customer-focused product optimization and analytics tracking""]","[""Experience contributing to digital platforms and customer-facing products (CV shows digital lending and consumer app/web platforms rather than specific workforce management products)""]","[""Direct Verint or specialized Workforce Management (WFM) domain platform experience""]","Hi, I build digital platforms and manage end-to-end product delivery, growing user engagement 27% and acquisition 14% at Bajaj Finance. I'd love to discuss how my roadmap and stakeholder execution skills align with Miratech's product needs.",Summary rewritten for this JD; 4 bullet(s) reworded to JD vocabulary (metrics preserved verbatim),"The job specifically asks for Workforce Management (Wfm) / Verint product experience, whereas the candidate's background is in fintech digital lending platforms.","workforce, description, miratech, continuous, improvement, global, customer-focused, organization, contribute, exceptional, service, experiences",unknown,unknown,,no experience requirement found in the available text,"Job Description Miratech is looking for a Workforce Management Product Manager to support the execution and continuous improvement of Workforce Management products and platforms. As part of a global customer-focused organization, you'll contribute to the delivery of exceptional service experiences across customer care, finance, travel and lifestyle services, and operational support functions. Our teams combine technology, innovation, and process excellence to help customers get the most value f…"
no,,,57,Program Manager,Acura Solution,"Delhi, India",https://www.adzuna.in/details/5727278315?utm_medium=api&utm_source=195aa6d0,36,48,67,competitive,0.34,3/5,"Kanban, Waterfall","[{""need"": ""Kanban"", ""gain"": 5}, {""need"": ""Waterfall"", ""gain"": 5}, {""need"": ""Managing multiple projects simultaneously"", ""gain"": 2}, {""need"": ""Resolving conflicts within cross-functional teams"", ""gain"": 2}, {""need"": ""Prioritizing tasks based on business impact and technical feasibility"", ""gain"": 2}]",,"{""skill_match"": 0.375, ""experience_fit"": 0.85, ""domain"": 0, ""education"": 1.0, ""achievement"": 1, ""trajectory"": 1.0}",adzuna,aggregator,,,2026-05-13T02:18:21Z,data/resumes/2026-08-17/Acura_Solution_Program_Manager/Mehul_Agarwal.docx,data/resumes/2026-08-17/Acura_Solution_Program_Manager/Mehul_Agarwal.pdf,"Product Manager with 4+ years building digital lending products in fintech at Bajaj Finance, owning end-to-end product delivery from concept through post-launch iteration. Operates across strategic and tactical layers, running sprint planning, backlog grooming, and specs with Engineering and Design. Grounded in data, uses Google Analytics, CleverTap, and Looker Studio to validate decisions and prioritize the roadmap based on business impact and technical feasibility.","[""Served as primary liaison between technical and business stakeholders, driving alignment on requirements and project status throughout the delivery lifecycle."", ""Wrote detailed product specifications and requirements in partnership with engineering teams to ensure aligned, on-time delivery."", ""Owned end-to-end delivery — from concept and design through development, testing, deployment, and post-launch support — ensuring seamless product releases.""]","[{""original"": ""Owned end-to-end delivery — from concept and design through development, testing, deployment, and post-launch support — ensuring seamless product releases."", ""rewritten"": ""Managed end-to-end project delivery — from concept and design through development, testing, deployment, and post-launch support — translating technical concepts into business terms for stakeholders.""}, {""original"": ""Served as primary liaison between technical and business stakeholders, driving alignment on requirements and project status throughout the delivery lifecycle."", ""rewritten"": ""Managed cross-functional communication and resolved conflicts between technical and business stakeholders, aligning deliverables with user needs and maintaining clear documentation throughout the project lifecycle.""}, {""original"": ""Wrote detailed product specifications and requirements in partnership with engineering teams to ensure aligned, on-time delivery."", ""rewritten"": ""Prioritized tasks based on business impact and technical feasibility while writing detailed product specifications and requirements in partnership with engineering teams to ensure aligned, on-time delivery.""}]","[""Agile"", ""Scrum"", ""Project Management""]","[""Cross-functional team coordination and stakeholder management"", ""Prioritizing tasks based on business impact and technical feasibility"", ""Translating technical concepts into business terms for stakeholders"", ""Ensuring clear documentation for project lifecycles""]","[""Project management methodologies: The CV demonstrates Agile/Scrum experience but does not mention Kanban or Waterfall methodologies requested by the JD.""]","[""Specific experience managing multiple projects simultaneously using Kanban or Waterfall methodologies""]","Hi, I bring 4+ years of product delivery and cross-functional leadership at Bajaj Finance, translating technical concepts for stakeholders and managing end-to-end lifecycles. I'd love to bring this execution rigor to Acura Solution.",Summary rewritten for this JD; 3 bullet(s) reworded to JD vocabulary (metrics preserved verbatim),The JD asks for Kanban and Waterfall methodologies which are not mentioned in the CV.,"description, proficiency, agile, scrum, kanban, and/or, waterfall, methodologies, manage, multiple, projects, simultaneously",unknown,unknown,,no experience requirement found in the available text,"Job Description: ""Project Management Skills: Proficiency in Agile, Scrum, Kanban, and/or Waterfall methodologies. Strong ability to manage multiple projects simultaneously. Resolving conflicts within cross-functional teams effectively Ability to prioritize tasks based on business impact and technical feasibility Translating technical concepts into business terms for stakeholders. Ensuring clear documentation for all phases of the project lifecycle. Aligning deliverables with user needs through …"
no,,,56,E-Commerce Product Manager  Jewellery Industry,Minal Infojewels Ltd,"Mumbai, Maharashtra",https://www.shine.com/jobs/e-commerce-product-manager-jewellery-industry/minal-infojewels-ltd/19463964?utm_campaign=google_jobs_apply&utm_source=google_jobs_apply&utm_medium=organic,40,44,82,competitive,0.63,3/7,"Understanding of e-commerce platforms, customer journeys, and online shopping behaviour, Experience managing product roadmaps and feature development, Understanding of UI/UX, website analytics, conversion optimization, and Agile development, Strong analytical, problem-solving, and decision-making skills","[{""need"": ""Understanding of e-commerce platforms, customer journeys, and online shopping behaviour"", ""gain"": 3}, {""need"": ""Experience managing product roadmaps and feature development"", ""gain"": 3}, {""need"": ""Understanding of UI/UX, website analytics, conversion optimization, and Agile development"", ""gain"": 3}, {""need"": ""Strong analytical, problem-solving, and decision-making skills"", ""gain"": 3}, {""need"": ""E-commerce platform management"", ""gain"": 1}]",,"{""skill_match"": 0.3738, ""experience_fit"": 0.78, ""domain"": 0, ""education"": 1.0, ""achievement"": 1, ""trajectory"": 1.0}",serpapi,aggregator,,,2 days ago,data/resumes/2026-08-17/Minal_Infojewels_Ltd_E_Commerce_Product_Manager_Jewellery_Ind/Mehul_Agarwal.docx,data/resumes/2026-08-17/Minal_Infojewels_Ltd_E_Commerce_Product_Manager_Jewellery_Ind/Mehul_Agarwal.pdf,"Product Manager with 4+ years building digital platforms and consumer experiences in fintech, bringing strong expertise in cross-functional delivery, UI/UX optimization, and data-driven funnels. Experienced in managing end-to-end product lifecycles, translating requirements into feature releases, and partnering closely with design and engineering teams. Grounded in analytics like Google Analytics and CleverTap to track user behavior, cut drop-off rates, and lift conversion performance.","[""Led development and management of digital platforms (app and web) for the Personal Loan product, growing user engagement 27% and user acquisition 14%."", ""Owned end-to-end delivery — from concept and design through development, testing, deployment, and post-launch support — ensuring seamless product releases."", ""Partnered with UI/UX designers to streamline the application experience, cutting user drop-off rates 40%.""]","[{""original"": ""Led development and management of digital platforms (app and web) for the Personal Loan product, growing user engagement 27% and user acquisition 14%."", ""rewritten"": ""Led development and management of digital platforms (app and web) for product roadmaps, growing user engagement 27% and user acquisition 14%.""}, {""original"": ""Wrote detailed product specifications and requirements in partnership with engineering teams to ensure aligned, on-time delivery."", ""rewritten"": ""Wrote detailed product requirements and user stories in partnership with engineering teams to ensure aligned, on-time feature delivery.""}, {""original"": ""Used Google Analytics and CleverTap to track user behaviour and KPIs, driving data-informed decisions that lifted conversion rates 23%."", ""rewritten"": ""Analyzed website performance and customer behavior using Google Analytics and CleverTap, driving data-informed decisions that lifted conversion rates 23%.""}, {""original"": ""Partnered with UI/UX designers to streamline the application experience, cutting user drop-off rates 40%."", ""rewritten"": ""Partnered with UI/UX designers to improve website navigation and customer experience, cutting user drop-off rates 40%.""}, {""original"": ""Spearheaded the complete redesign of the personal loan application process on both app and web platforms, resulting in a 15% reduction in application completion time and a 30% increase in completed applications."", ""rewritten"": ""Spearheaded the complete redesign of the platform application process on app and web, improving checkout conversion and resulting in a 15% reduction in completion time and a 30% increase in completed applications.""}]","[""Product Management"", ""UX Design"", ""Google Analytics"", ""Agile/Scrum"", ""Stakeholder Management""]","[""Managing product roadmaps and feature development from concept through testing and launch"", ""Working closely with UI/UX, development, and design teams"", ""Analyzing website performance, customer behavior, and conversion rates using tools like Google Analytics"", ""Translating business requirements into product features and improvements""]","[""5-8 years of experience: CV has 4+ years of product management experience, falling slightly short of the lower bound"", ""E-commerce platform knowledge: CV experience is in digital lending and fintech platforms rather than dedicated e-commerce web shops""]","[""Experience in the Jewellery industry, retail, or D2C e-commerce"", ""Direct hands-on experience with Shopify, Magento, or Jira""]","Hi, I have 4+ years of product management experience owning digital platforms, driving end-to-end feature delivery, and improving conversion funnels using analytics like Google Analytics. I'd love to bring my expertise in UX optimization and cross-functional execution to Minal Infojewels.",Summary rewritten for this JD; 4 bullet(s) reworded to JD vocabulary (metrics preserved verbatim); Bullets reprioritized in: Product Manager; Skill items resequenced toward JD mentions,The candidate has a fintech and digital lending background rather than Jewellery or D2C e-commerce industry experience.,"e-commerce, customer, jewellery, feature, industry, location, improve, decision-making, manage, closely, understanding, andheri",good_fit,repaired,5-8,"asks for 5-8 years, you have 4","E-Commerce Product Manager  Jewellery Industry

Location: Andheri East, SEEPZ, Mumbai
Experience: 58 Years
Job Type: Full-Time
Industry: Jewellery / E-Commerce

About the Role

We are looking for an E-Commerce Product Manager to own the digital product roadmap, improve customer experience, and drive the development of our e-commerce platform. The ideal candidate will combine strong product thinking, e-commerce knowledge, data-driven decision-making, and excellent coordination with technology and business teams.

Key Responsibilities

Own and manage the e-commerce product roadmap, priorities, and feature releases.Identify customer needs and translate business requirements into product features and improvements.Work closely with UI/UX, Development, QA, E-Commerce, Marketing, and Operations teams.Improve website navigation, product discovery, checkout, conversion, and overall customer experience.Create product requirements, user stories, workflows, and acceptance criteria.Manage feature development from concept  development  testing  launch  optimization.Analyse website performance, customer behaviour, conversion rates, and other key product KPIs.Conduct competitor and market research to identify new opportunities.Plan and manage product launches, feature updates, and release schedules.Collect customer and internal feedback and convert insights into product improvements.Identify technical and operational issues and coordinate with teams for timely resolution.Continuously improve website functionality, usability, performance, and mobile experience.Required Skills & Experience

58 years of experience in Product Management / E-Commerce Product Management.Strong understanding of e-commerce platforms, customer journeys, and online shopping behaviour.Experience managing product roadmaps and feature development.Good understanding of UI/UX, website analytics, conversion optimization, and Agile development.Experience working with development and design teams.Strong analytical, "
no,,,55,WFM Product Manager (Verint),Miratech,"Nsg Camp Manesar, Gurgaon",https://www.adzuna.in/details/5840649014?utm_medium=api&utm_source=195aa6d0,42,51,46,borderline,0.11,1/1,,"[{""need"": ""Customer care"", ""gain"": 5}, {""need"": ""Travel and lifestyle services"", ""gain"": 5}, {""need"": ""Operational support functions"", ""gain"": 5}, {""need"": ""Process excellence"", ""gain"": 5}, {""need"": ""Verint products"", ""gain"": 3}]",,"{""skill_match"": 0.3593, ""experience_fit"": 0.85, ""domain"": 0, ""education"": 1.0, ""achievement"": 0.8571, ""trajectory"": 1.0}",adzuna,aggregator,,,2026-08-14T01:27:45Z,data/resumes/2026-08-17/Miratech_WFM_Product_Manager_Verint/Mehul_Agarwal.docx,data/resumes/2026-08-17/Miratech_WFM_Product_Manager_Verint/Mehul_Agarwal.pdf,"Product Manager with 4+ years building digital lending products in fintech, currently owning digital acquisition, platform enhancements, and stakeholder management at Bajaj Finance. Experienced in translating requirements and driving execution across cross-functional teams to deliver exceptional digital platforms and service experiences. Grounded in data, uses analytics to optimize funnels, improve user journeys, and prioritize roadmaps.","[""Served as primary liaison between technical and business stakeholders, driving alignment on requirements and project status throughout the delivery lifecycle."", ""Owned end-to-end delivery — from concept and design through development, testing, deployment, and post-launch support — ensuring seamless product releases."", ""Map and optimize the end-to-end digital home loan funnel — from awareness and lead generation through login, sanction, and disbursal — identifying drop-off points and prioritizing fixes.""]","[{""original"": ""Served as primary liaison between technical and business stakeholders, driving alignment on requirements and project status throughout the delivery lifecycle."", ""rewritten"": ""Served as primary liaison between technical and business stakeholders, contributing to the continuous improvement and execution of platform requirements throughout the delivery lifecycle.""}, {""original"": ""Owned end-to-end delivery — from concept and design through development, testing, deployment, and post-launch support — ensuring seamless product releases."", ""rewritten"": ""Owned end-to-end delivery — from concept and design through development, testing, deployment, and post-launch support — contributing to exceptional service and platform experiences.""}, {""original"": ""Map and optimize the end-to-end digital home loan funnel — from awareness and lead generation through login, sanction, and disbursal — identifying drop-off points and prioritizing fixes."", ""rewritten"": ""Map and optimize the end-to-end digital home loan funnel to support continuous operational improvement — from awareness and lead generation through login, sanction, and disbursal — identifying drop-off points and prioritizing fixes.""}]","[""Product Management"", ""Stakeholder Management"", ""SDLC"", ""Agile/Scrum"", ""Release Management""]","[""Product management experience supporting execution and continuous improvement of digital products and platforms""]","[""Customer-focused organization experience: CV demonstrates strong B2C fintech product ownership and user journey optimization, but does not explicitly mention Workforce Management (WFM) or Verint products""]","[""Specific experience with Verint or Workforce Management (WFM) software and platforms""]","Hi, I'm a Product Manager with 4+ years of experience leading end-to-end digital platform execution and stakeholder management at Bajaj Finance. I'd love to bring my expertise in continuous product improvement to Miratech's WFM team.",Summary rewritten for this JD; 3 bullet(s) reworded to JD vocabulary (metrics preserved verbatim),"The JD asks for Workforce Management (WFM) and Verint product experience, which the candidate's CV does not demonstrate.","workforce, description, miratech, continuous, improvement, global, customer-focused, organization, contribute, exceptional, service, experiences",unknown,unknown,,no experience requirement found in the available text,"Job Description Miratech is looking for a Workforce Management Product Manager to support the execution and continuous improvement of Workforce Management products and platforms. As part of a global customer-focused organization, you'll contribute to the delivery of exceptional service experiences across customer care, finance, travel and lifestyle services, and operational support functions. Our teams combine technology, innovation, and process excellence to help customers get the most value f…"
no,,,54,Product Management - Product Manager - UPI,Paytm,"Noida, Ghaziabad",https://www.adzuna.in/details/5844356429?utm_medium=api&utm_source=195aa6d0,41,43,51,borderline,0.22,1/2,Payment systems experience,"[{""need"": ""Payment systems experience"", ""gain"": 12}, {""need"": ""mobile payments"", ""gain"": 6}, {""need"": ""financial services distribution"", ""gain"": 6}]",,"{""skill_match"": 0.3333, ""experience_fit"": 0.85, ""domain"": 0, ""education"": 1.0, ""achievement"": 0.8571, ""trajectory"": 1.0}",adzuna,aggregator,,,2026-08-16T21:11:08Z,data/resumes/2026-08-17/Paytm_Product_Management_Product_Manager_UPI/Mehul_Agarwal.docx,data/resumes/2026-08-17/Paytm_Product_Management_Product_Manager_UPI/Mehul_Agarwal.pdf,"Product Manager with 4+ years building digital lending products and platforms in fintech, currently owning digital acquisition and lead allocation infrastructure at Bajaj Finance. Experienced in translating business and credit-policy requirements into scalable digital systems, defining requirements for app and web platforms, and optimizing user funnels using data analytics. Skilled in collaborating across engineering, design, and business teams to drive end-to-end product delivery from concept to post-launch iteration.","[""Own product strategy for Home Loan digital acquisition, translating business and credit-policy requirements into scalable lead-generation and qualification systems."", ""Led development and management of digital platforms (app and web) for the Personal Loan product, growing user engagement 27% and user acquisition 14%."", ""Map and optimize the end-to-end digital home loan funnel — from awareness and lead generation through login, sanction, and disbursal — identifying drop-off points and prioritizing fixes.""]","[{""original"": ""Led development and management of digital platforms (app and web) for the Personal Loan product, growing user engagement 27% and user acquisition 14%."", ""rewritten"": ""Led development and management of digital financial services platforms (app and web) for the Personal Loan product, growing user engagement 27% and user acquisition 14%.""}, {""original"": ""Map and optimize the end-to-end digital home loan funnel — from awareness and lead generation through login, sanction, and disbursal — identifying drop-off points and prioritizing fixes."", ""rewritten"": ""Map and optimize the end-to-end digital financial services funnel — from awareness and lead generation through login, sanction, and disbursal — identifying drop-off points and prioritizing fixes.""}]","[""financial services"", ""mobile""]","[""Product Management experience"", ""Cross-functional collaboration with engineering and design"", ""Data-driven decision making using analytics tools""]","[""Financial services experience: CV shows digital lending and fintech experience rather than UPI or payment systems specifically."", ""Mobile platform experience: CV mentions app and web platforms, but the job specifically targets UPI and intelligent payment experiences.""]","[""Direct experience building or managing UPI or mobile payment systems"", ""Artificial Intelligence (AI) payments product development specifically for payments""]","Hi, I'm a Product Manager with 4+ years scaling digital platforms and user funnels in fintech at Bajaj Finance. I'd love to bring my expertise in financial services digital products to Paytm's payment experiences team.",Summary rewritten for this JD; 2 bullet(s) reworded to JD vocabulary (metrics preserved verbatim),"The JD asks for experience building intelligent UPI and payment experiences, whereas the candidate's background is focused on digital lending and fintech credit platforms rather than payment rails.","paytm, payments, mobile, financial, services, distribution, pioneer, revolution, builds, technologies, small, businesses",unknown,unknown,,no experience requirement found in the available text,"About Paytm: Paytm is India's leading mobile payments and financial services distribution company. Pioneer of the mobile QR payments revolution in India, Paytm builds technologies that help small businesses with payments and commerce. Paytm’s mission is to serve half a billion Indians and bring them to the mainstream economy with the help of technology About the Role At Paytm, we are building the next generation of intelligent payment experiences for millions of users. We are looking for an AI-…"
no,,,54,Client Partnership Manager,Tyroo,"Bengaluru, Karnataka","https://www.glassdoor.co.in/job-listing/client-partnership-manager-tyroo-media-JV_IC2940587_KO0,26_KE27,38.htm?jl=1009380488572&utm_campaign=google_jobs_apply&utm_source=google_jobs_apply&utm_medium=organic",33,36,65,competitive,0.4,1/4,"online marketing industry experience, communication, Microsoft suite of products including Windows, Word, Excel, and PowerPoint","[{""need"": ""online marketing industry experience"", ""gain"": 5}, {""need"": ""communication"", ""gain"": 5}, {""need"": ""Microsoft suite of products including Windows, Word, Excel, and PowerPoint"", ""gain"": 5}, {""need"": ""publisher management"", ""gain"": 2}, {""need"": ""advertiser strategy"", ""gain"": 2}]",,"{""skill_match"": 0.2195, ""experience_fit"": 1.0, ""domain"": 0, ""education"": 1.0, ""achievement"": 1, ""trajectory"": 1.0}",serpapi,aggregator,,,21 days ago,data/resumes/2026-08-17/Tyroo_Client_Partnership_Manager/Mehul_Agarwal.docx,data/resumes/2026-08-17/Tyroo_Client_Partnership_Manager/Mehul_Agarwal.pdf,"Product Manager with 4+ years of experience in digital lending, fintech, performance marketing, and partner integrations, bringing strong stakeholder management and analytics skills. Proven ability to optimize acquisition funnels, manage strategic partnerships, and run data-informed campaigns across digital channels. Holds a B.Tech and an MBA in Marketing & Strategy from the Delhi School of Economics.","[""Lead product requirements for strategic NBFC and financial-institution partnerships, designing lead-exchange and commission workflows with legal, business, and tech teams."", ""Managed Instagram Ads and Facebook Ads campaigns, optimizing ad copy and targeting to reduce cost-per-click by 58% and increase ROI by 35%."", ""Developed the Go-to-Market strategy for HOC sauces; led the pre-launch marketing campaign, including ad creatives, landing page design, and budget allocation.""]","[{""original"": ""Lead product requirements for strategic NBFC and financial-institution partnerships, designing lead-exchange and commission workflows with legal, business, and tech teams."", ""rewritten"": ""Lead product requirements for strategic financial partnerships, managing partner relationships and designing lead-exchange and commission workflows with legal, business, and tech teams.""}, {""original"": ""Managed Instagram Ads and Facebook Ads campaigns, optimizing ad copy and targeting to reduce cost-per-click by 58% and increase ROI by 35%accompagnied by campaign optimization."", ""rewritten"": ""Managed Instagram Ads and Facebook Ads campaigns, optimizing ad copy and targeting to execute campaign optimization, reducing cost-per-click by 58% and increasing ROI by 35%.""}, {""original"": ""Map and optimize the end-to-end digital home loan funnel — from awareness and lead generation through login, sanction, and disbursal — identifying drop-off points and prioritizing fixes."", ""rewritten"": ""Map and optimize the end-to-end digital home loan funnel — from awareness and campaign optimization through login, sanction, and disbursal — identifying drop-off points and prioritizing fixes.""}]","[""performance marketing"", ""campaign optimization"", ""MS-Excel""]","[""Digital performance marketing experience"", ""Proficiency in Microsoft suite / MS-Excel"", ""Bachelor's Degree (B.Tech) and Master's Degree (MBA)""]","[""Stakeholder management and cross-team execution: demonstrated via internal tech, business, and legal teams rather than external advertiser/publisher account management"", ""Campaign optimization: demonstrated via digital marketing campaigns (Facebook/Instagram ads) rather than affiliate marketing networks specifically""]","[""Experience directly managing publisher relationships, affiliate marketing programs, and media placement investments/negotiations"", ""Direct experience training and developing Client Partnerships Associates and Client Services Analysts""]","Hi, I saw Tyroo's Client Partnerships Manager role and wanted to connect. With 4+ years in fintech digital acquisition, campaign optimization, and strategic partnerships, I bring strong data and stakeholder management skills. Would love to discuss how I can contribute to Tyroo.",Summary rewritten for this JD; 3 bullet(s) reworded to JD vocabulary (metrics preserved verbatim); Bullets reprioritized in: Product Marketing Intern; Skill groups reordered (Analytics & Tools first); Skill items resequenced toward JD mentions,The CV does not demonstrate direct experience managing affiliate marketing publishers or negotiating media placement investments.,"results, client, advertiser, affiliate, publisher, advertisers, media, opportunities, relationships, behalf, contribute, account",good_fit,stated,3-5,"asks for 3-5 years, you have 4","Tyroo CJ Affiliate is the leader in Affiliate Marketing. We take pride in our innovative technology, comprehensive data solutions and our people. We equip our teams with advanced tools, training and career development opportunities all to provide cutting edge solutions, strategies and support to deliver high quality results for our clients. We work in an energetic, results-oriented, collaborative, team environment that recognizes exceptional performance. As we evolve and grow as a business, so do you.



Client Partnerships Manager plays a key role in support of CJ's advertisers. Responsible for maintaining all publisher relationships on behalf of the advertiser, executing publisher recruitments and optimization of programs. Contribute to the development and design of an affiliate marketing strategy for each advertiser and directly responsible for ensuring the successful execution of the strategy.





Job Description
Recruit, manage and develop publisher relationships on behalf of advertisers, communicating expectations, sharing best practices, disseminating offers and promotions and providing account updates to an advertiser's largest/most important publishers.
Participate in building and presenting the advertiser strategy and quarterly business review meetings.Identify new sources of revenue on behalf of advertisers by extending reach through new publisher relationships or optimizing affiliate marketing campaign strategies.
Lead mid to large publisher recruitment and optimization opportunities. Drive components of weekly client meetings, documenting and disseminating assigned tasks across client and CJ account teams and ensuring successful execution of assigned tasks.
Train and develop Client Partnerships Associates and Client Services Analysts, as well as leading their efforts to successfully execute components of affiliate marketing programs.
Identify opportunities to better optimize program results by interpreting standard and custom reports.
Drives implementa"
no,,,53,WFM Product Manager (Verint),Miratech,"New Delhi, Delhi",https://www.adzuna.in/details/5840649019?utm_medium=api&utm_source=195aa6d0,42,51,41,borderline,0.11,1/1,,"[{""need"": ""Customer care support functions"", ""gain"": 7}, {""need"": ""Process excellence"", ""gain"": 7}, {""need"": ""Continuous improvement"", ""gain"": 7}, {""need"": ""Verint products and platforms experience"", ""gain"": 5}]",,"{""skill_match"": 0.3176, ""experience_fit"": 0.85, ""domain"": 0, ""education"": 1.0, ""achievement"": 0.8571, ""trajectory"": 1.0}",adzuna,aggregator,,,2026-08-14T01:27:45Z,data/resumes/2026-08-17/Miratech_WFM_Product_Manager_Verint/Mehul_Agarwal.docx,data/resumes/2026-08-17/Miratech_WFM_Product_Manager_Verint/Mehul_Agarwal.pdf,"Product Manager with 4+ years building digital lending products and platforms in fintech, currently owning digital acquisition stacks at Bajaj Finance. Operates across strategic roadmap shaping, partnership strategy, sprint planning, and backlog grooming with engineering and design. Experienced in mapping and optimizing end-to-end funnels and leveraging data analytics tools like Google Analytics and CleverTap to drive decisions. Holds an MBA in Marketing & Strategy from the Delhi School of Economics.","[""• Served as primary liaison between technical and business stakeholders, driving alignment on requirements and project status throughout the delivery lifecycle."", ""• Wrote detailed product specifications and requirements in partnership with engineering teams to ensure aligned, on-time delivery."", ""• Owned end-to-end delivery — from concept and design through development, testing, deployment, and post-launch support — ensuring seamless product releases.""]","[{""original"": ""• Own product strategy for Home Loan digital acquisition, translating business and credit-policy requirements into scalable lead-generation and qualification systems."", ""rewritten"": ""• Own product strategy for digital acquisition and service platforms, translating business and credit-policy requirements into scalable lead-generation and qualification systems.""}, {""original"": ""• Map and optimize the end-to-end digital home loan funnel — from awareness and lead generation through login, sanction, and disbursal — identifying drop-off points and prioritizing fixes."", ""rewritten"": ""• Map and optimize the end-to-end digital customer journey and service funnel — from awareness and lead generation through login, sanction, and disbursal — identifying drop-off points and prioritizing continuous improvement.""}, {""original"": ""• Led development and management of digital platforms (app and web) for the Personal Loan product, growing user engagement 27% and user acquisition 14%."", ""rewritten"": ""• Led development and management of digital platforms (app and web) for the Personal Loan product, supporting continuous improvement and growing user engagement 27% and user acquisition 14%.""}]","[""Product Management"", ""Product Road-mapping"", ""Agile/Scrum"", ""Stakeholder Management"", ""Release Management""]","[""Product management and execution experience for digital products and platforms"", ""Stakeholder management across technical and business functions"", ""Continuous improvement and delivery of digital service experiences""]","[""Customer service and operational support context: CV demonstrates B2C fintech digital lending products and platforms rather than enterprise Workforce Management (WFM) or Verint-specific platforms.""]","[""Workforce Management (WFM) domain experience"", ""Verint product ecosystem experience""]","Hi, I'm a PM with 4+ years scaling digital platforms and end-to-end product delivery at Bajaj Finance. While my background is in fintech products rather than WFM, I bring strong platform execution and stakeholder management experience. Would love to connect!",Summary rewritten for this JD; 3 bullet(s) reworded to JD vocabulary (metrics preserved verbatim),"The job specifically requires Workforce Management (WFM) and Verint product experience, which are not present in the CV.","workforce, description, miratech, continuous, improvement, global, customer-focused, organization, contribute, exceptional, service, experiences",unknown,unknown,,no experience requirement found in the available text,"Job Description Miratech is looking for a Workforce Management Product Manager to support the execution and continuous improvement of Workforce Management products and platforms. As part of a global customer-focused organization, you'll contribute to the delivery of exceptional service experiences across customer care, finance, travel and lifestyle services, and operational support functions. Our teams combine technology, innovation, and process excellence to help customers get the most value f…"
no,,,52,Commercial Analytics Business Analyst (Hyderabad),Global IT Family,"Hyderabad, Telangana",https://www.shine.com/jobs/commercial-analytics-business-analyst-hyderabad/global-it-family/19465619?utm_campaign=google_jobs_apply&utm_source=google_jobs_apply&utm_medium=organic,38,49,61,competitive,0.41,2/7,"Requirements Gathering, SQL, Pharma Commercial Domain (Sales, Market Access, Provider, Chargebacks, Rebates, Commercial KPIs), Data Mapping (Source-to-Target Mapping), Functional Documentation (BRD, FRD, User Stories)","[{""need"": ""Requirements Gathering"", ""gain"": 4}, {""need"": ""SQL"", ""gain"": 4}, {""need"": ""Pharma Commercial Domain (Sales, Market Access, Provider, Chargebacks, Rebates, Commercial KPIs)"", ""gain"": 4}, {""need"": ""Data Mapping (Source-to-Target Mapping)"", ""gain"": 4}, {""need"": ""Functional Documentation (BRD, FRD, User Stories)"", ""gain"": 4}]",,"{""skill_match"": 0.2835, ""experience_fit"": 0.85, ""domain"": 0, ""education"": 1.0, ""achievement"": 0.8571, ""trajectory"": 1.0}",serpapi,aggregator,,,2 days ago,data/resumes/2026-08-17/Global_IT_Family_Commercial_Analytics_Business_Analyst_Hy/Mehul_Agarwal.docx,data/resumes/2026-08-17/Global_IT_Family_Commercial_Analytics_Business_Analyst_Hy/Mehul_Agarwal.pdf,"Product Manager with 4+ years building digital platforms and analytics-driven user acquisition systems in fintech. Skilled in gathering requirements, defining BRDs and user stories, and conducting data analysis using Google Analytics, Looker Studio, and MS-Excel. Experienced in cross-functional stakeholder management, source-to-target mapping of rules engines, and translating complex business requirements into scalable workflows.","[""• Own product strategy for Home Loan digital acquisition, translating business and credit-policy requirements into scalable lead-generation and qualification systems."", ""• Served as primary liaison between technical and business stakeholders, driving alignment on requirements and project status throughout the delivery lifecycle."", ""• Wrote detailed product specifications and requirements in partnership with engineering teams to ensure aligned, on-time delivery."", ""• Used Google Analytics and CleverTap to track user behaviour and KPIs, driving data-informed decisions that lifted conversion rates 23%.""]","[{""original"": ""• Own product strategy for Home Loan digital acquisition, translating business and credit-policy requirements into scalable lead-generation and qualification systems."", ""rewritten"": ""• Own product strategy for Home Loan digital acquisition, gathering and translating business requirements into functional documentation and scalable lead-generation systems.""}, {""original"": ""• Served as primary liaison between technical and business stakeholders, driving alignment on requirements and project status throughout the delivery lifecycle."", ""rewritten"": ""• Served as primary liaison between technical and business stakeholders, driving requirements gathering and alignment throughout the delivery lifecycle.""}, {""original"": ""• Wrote detailed product specifications and requirements in partnership with engineering teams to ensure aligned, on-time delivery."", ""rewritten"": ""• Wrote detailed functional documentation, product specifications, and requirements in partnership with engineering teams to ensure aligned, on-time delivery.""}, {""original"": ""• Design and ship the MCP (Minimum Credit Parameters) Master and Lead Allocation Master — a rules engine that pre-qualifies leads and routes them to the right lending partner based on credit profile, eligibility, and business rules."", ""rewritten"": ""• Design and ship the MCP (Minimum Credit Parameters) Master and Lead Allocation Master — a rules engine performing data mapping that pre-qualifies leads and routes them based on credit profile, eligibility, and business rules.""}, {""original"": ""• Used Google Analytics and CleverTap to track user behaviour and KPIs, driving data-informed decisions that lifted conversion rates 23%."", ""rewritten"": ""• Used Google Analytics and CleverTap to track user behaviour and commercial KPIs, performing data analysis to drive decisions that lifted conversion rates 23%.""}]","[""Requirements Gathering"", ""Data Analysis"", ""BRD"", ""Functional Documentation"", ""Stakeholder Management""]","[""Business Analysis & Requirements Gathering"", ""Functional Documentation (BRD)"", ""Data Analysis""]","[""Data Mapping: Experience with rules engines like MCP and allocation masters, but lacks specific mention of source-to-target mapping."", ""Commercial KPIs: Tracks user behaviour and conversion KPIs in fintech, but lacks specific pharma commercial domain metrics.""]","[""Pharma Commercial Domain (Sales, Market Access, Provider, Chargebacks, Rebates)"", ""SQL Data Mapping""]","Hi, I bring 4+ years of product management experience handling requirements gathering, data analysis, and functional documentation at Bajaj Finance. I'd love to discuss how my background translating complex rules into scalable systems can support Global IT Family.",Summary rewritten for this JD; 5 bullet(s) reworded to JD vocabulary (metrics preserved verbatim),"The JD specifically requires the pharma commercial domain (sales, market access, provider, chargebacks, and rebates), which the candidate's fintech background does not support.","commercial, mapping, gathering, pharma, sales, access, provider, chargebacks, rebates, source-to-target, functional, documentation",unknown,unknown,,no experience requirement found in the available text,"Business Analysis & Requirements Gathering. Pharma Commercial Domain (Sales, Market Access, Provider, Chargebacks, Rebates, Commercial KPIs)Data Analysis & SQL Data Mapping (Source-to-Target Mapping). Functional Documentation (BRD, FRD, User Stories) ."
no,,,51,WFM Product Manager (Verint),Miratech,"Gurgaon, Haryana",https://www.adzuna.in/details/5836764365?utm_medium=api&utm_source=195aa6d0,42,51,44,borderline,0.22,1/2,Support execution and continuous improvement of WFM products and platforms,"[{""need"": ""Support execution and continuous improvement of WFM products and platforms"", ""gain"": 10}, {""need"": ""Customer care"", ""gain"": 5}, {""need"": ""Operational support functions"", ""gain"": 5}, {""need"": ""Process excellence"", ""gain"": 5}]",,"{""skill_match"": 0.2571, ""experience_fit"": 0.85, ""domain"": 0, ""education"": 1.0, ""achievement"": 0.8571, ""trajectory"": 1.0}",adzuna,aggregator,,,2026-08-11T19:25:32Z,data/resumes/2026-08-17/Miratech_WFM_Product_Manager_Verint/Mehul_Agarwal.docx,data/resumes/2026-08-17/Miratech_WFM_Product_Manager_Verint/Mehul_Agarwal.pdf,"Product Manager with 4+ years building digital lending products and platforms in fintech, currently owning the Home Loan digital acquisition stack at Bajaj Finance. Experienced in owning end-to-end product delivery, defining requirements, and mapping digital funnels to optimize operational support and customer experiences. Grounded in data, uses analytics to validate decisions and prioritize roadmaps across strategic and tactical layers.","[""• Own product strategy for Home Loan digital acquisition, translating business and credit-policy requirements into scalable lead-generation and qualification systems."", ""• Led development and management of digital platforms (app and web) for the Personal Loan product, growing user engagement 27% and user acquisition 14%."", ""• Map and optimize the end-to-end digital home loan funnel — from awareness and lead generation through login, sanction, and disbursal — identifying drop-off points and prioritizing fixes.""]","[{""original"": ""• Led development and management of digital platforms (app and web) for the Personal Loan product, growing user engagement 27% and user acquisition 14%."", ""rewritten"": ""• Led development and management of digital platforms (app and web) for the Personal Loan product, contributing to continuous platform improvement and growing user engagement 27% and user acquisition 14%.""}, {""original"": ""• Owned end-to-end delivery — from concept and design through development, testing, deployment, and post-launch support — ensuring seamless product releases."", ""rewritten"": ""• Owned end-to-end delivery — from concept and design through development, testing, deployment, and post-launch support — contributing to service delivery and continuous improvement for seamless product releases.""}, {""original"": ""• Served as primary liaison between technical and business stakeholders, driving alignment on requirements and project status throughout the delivery lifecycle."", ""rewritten"": ""• Served as primary liaison between technical and business stakeholders within a customer-focused organization, driving alignment on requirements and project status throughout the delivery lifecycle.""}]","[""continuous improvement"", ""customer-focused"", ""service delivery""]","[""Product management experience supporting execution and continuous improvement of products and platforms"", ""Cross-functional stakeholder management and delivery lifecycle execution""]","[""Customer-focused service experiences: CV demonstrates building digital lending products and consumer platforms with strong focus on user journeys, but lacks explicit Workforce Management (WFM) or Verint domain experience.""]","[""Verint Workforce Management (WFM) product management experience"", ""Experience supporting WFM systems across customer care, finance, and operational support functions as stated in the Miratech WFM role""]","Hi Miratech team, I bring 4+ years of product management experience building digital platforms and leading end-to-end delivery at Bajaj Finance. I'd love to contribute my expertise in platform improvement and cross-functional execution to your WFM product team. Let's connect!",Summary rewritten for this JD; 3 bullet(s) reworded to JD vocabulary (metrics preserved verbatim); Bullets reprioritized in: Product Manager - Home Loan,The CV does not demonstrate any direct experience with Verint or Workforce Management (WFM) platforms and products.,"workforce, description, miratech, continuous, improvement, global, customer-focused, organization, contribute, exceptional, service, experiences",unknown,unknown,,no experience requirement found in the available text,"Job Description Miratech is looking for a Workforce Management Product Manager to support the execution and continuous improvement of Workforce Management products and platforms. As part of a global customer-focused organization, you'll contribute to the delivery of exceptional service experiences across customer care, finance, travel and lifestyle services, and operational support functions. Our teams combine technology, innovation, and process excellence to help customers get the most value f…"
no,,,51,Program Manager - Academics R&D (Noida),PhysicsWallah,"Noida, Uttar Pradesh",https://www.shine.com/jobs/program-manager-academics-rd-noida/physicswallah/19318491?utm_campaign=google_jobs_apply&utm_source=google_jobs_apply&utm_medium=organic,39,51,56,borderline,0.38,1/5,"Experience working with multiple stakeholders and managing cross-functional projects, Communication, presentation, and problem-solving skills, Analytical mindset with proficiency in data reporting and insights generation, Ability to manage multiple priorities in a fast-paced setting","[{""need"": ""Experience working with multiple stakeholders and managing cross-functional projects"", ""gain"": 4}, {""need"": ""Communication, presentation, and problem-solving skills"", ""gain"": 4}, {""need"": ""Analytical mindset with proficiency in data reporting and insights generation"", ""gain"": 4}, {""need"": ""Ability to manage multiple priorities in a fast-paced setting"", ""gain"": 4}, {""need"": ""Program & Project Management"", ""gain"": 2}]",,"{""skill_match"": 0.1615, ""experience_fit"": 1.0, ""domain"": 0, ""education"": 1.0, ""achievement"": 1, ""trajectory"": 1.0}",serpapi,aggregator,,,21 days ago,data/resumes/2026-08-17/PhysicsWallah_Program_Manager_Academics_R_D_Noida/Mehul_Agarwal.docx,data/resumes/2026-08-17/PhysicsWallah_Program_Manager_Academics_R_D_Noida/Mehul_Agarwal.pdf,"Product Manager with 4+ years of experience building digital products and managing end-to-end delivery, cross-functional alignment, and stakeholder management in fintech. Demonstrated track record of defining product requirements, coordinating with technical and business teams, and driving projects from concept to deployment. Grounded in data analysis using tools like MS-Excel and Google Analytics to track metrics and optimize processes. Holds a B.Tech and an MBA in Marketing & Strategy from the Delhi School of Economics.","[""Served as primary liaison between technical and business stakeholders, driving alignment on requirements and project status throughout the delivery lifecycle."", ""Owned end-to-end delivery — from concept and design through development, testing, deployment, and post-launch support — ensuring seamless product releases."", ""Used Google Analytics and CleverTap to track user behaviour and KPIs, driving data-informed decisions that lifted conversion rates 23%.""]","[{""original"": ""Served as primary liaison between technical and business stakeholders, driving alignment on requirements and project status throughout the delivery lifecycle."", ""rewritten"": ""Served as primary liaison between cross-functional stakeholders, managing alignment on requirements and project progress throughout the delivery lifecycle.""}, {""original"": ""Owned end-to-end delivery — from concept and design through development, testing, deployment, and post-launch support — ensuring seamless product releases."", ""rewritten"": ""Led end-to-end program execution and delivery — from concept and design through development, testing, deployment, and post-launch support — ensuring operational success.""}, {""original"": ""Wrote detailed product specifications and requirements in partnership with engineering teams to ensure aligned, on-time delivery."", ""rewritten"": ""Defined project scope and requirements in partnership with cross-functional teams to ensure aligned, on-time project delivery.""}, {""original"": ""Used Google Analytics and CleverTap to track user behaviour and KPIs, driving data-informed decisions that lifted conversion rates 23%."", ""rewritten"": ""Monitored program performance and KPIs through analytics data, driving data-informed decisions that lifted conversion rates 23%.""}]","[""Stakeholder Management"", ""Agile/Scrum"", ""MS-Excel"", ""Data Analysis""]","[""Bachelor's and Master's degree in relevant fields (B.Tech and MBA)"", ""Cross-functional collaboration with technical and business teams"", ""Strong analytical mindset and data reporting capabilities""]","[""2-6 years of experience: The CV demonstrates 4+ years of professional experience, but specifically in Product Management rather than traditional Program Management."", ""Project planning and execution: Demonstrated through product delivery and launch execution, though not specifically branded as program management.""]","[""Experience specifically in EdTech, Healthcare, or Operations-driven organizations as requested in preferred skills"", ""Experience with Asana or Trello""]","Hi, I saw the Program Manager opening at PhysicsWallah. With 4+ years managing end-to-end product delivery, cross-functional collaboration, and data-driven execution at Bajaj Finance, I bring strong organizational and stakeholder management skills. I'd love to discuss how I can contribute to your R&D programs.",Summary rewritten for this JD; 4 bullet(s) reworded to JD vocabulary (metrics preserved verbatim); Skill items resequenced toward JD mentions,"The CV demonstrates product management and delivery experience, but lacks specific domain experience in EdTech and direct experience using project management tools like Asana or Trello.","program, cross-functional, operational, multiple, success, communication, reporting, noida, initiatives, manage, projects, programs",good_fit,stated,2-6,"asks for 2-6 years, you have 4","Job Description

About the Role

We are seeking a highly organized and execution-focused Program Manager to drive strategic initiatives, manage cross-functional projects, and ensure seamless operational delivery. The ideal candidate will be responsible for planning, coordinating, and executing programs while collaborating with multiple stakeholders to achieve business objectives.

Key Responsibilities

- Lead end-to-end program execution, ensuring timely delivery of key business initiatives.

- Coordinate with cross-functional teams including Product, Operations, Content, Business, and Customer Success.

- Define project scope, timelines, milestones, and success metrics.

- Conduct regular stakeholder meetings, track action items, and drive project progress.

- Identify potential risks, dependencies, and bottlenecks, and implement mitigation plans.

- Monitor program performance through dashboards, reports, and data analysis.

- Prepare and present periodic updates to leadership teams.

- Ensure process adherence, operational excellence, and continuous improvement across programs.

- Drive communication and alignment among internal and external stakeholders.

Required Qualifications

- Bachelor's degree in Business Administration, Engineering, Management, or a related field.

- 26 years of experience in Program Management, Project Management, Operations, or Business Excellence.

- Strong project planning and execution capabilities.

- Experience working with multiple stakeholders and managing cross-functional projects.

- Excellent communication, presentation, and problem-solving skills.

- Strong analytical mindset with proficiency in data reporting and insights generation.

- Ability to manage multiple priorities in a fast-paced setting.

Preferred Skills

- Experience with project management tools such as Asana, Trello or similar platforms.

- Knowledge of Agile/Scrum methodologies.

- Advanced Excel/Google Sheets and reporting skills.

- Experience in EdTech, He"
no,,,49,Hiring for Program Manager,Mantras2Success,"Noida, Ghaziabad",https://www.adzuna.in/details/5727281503?utm_medium=api&utm_source=195aa6d0,38,42,34,weak,0.14,0/0,,"[{""need"": ""hiring"", ""gain"": 2}, {""need"": ""program manager"", ""gain"": 2}, {""need"": ""description"", ""gain"": 2}, {""need"": ""summary"", ""gain"": 2}, {""need"": ""closing projects"", ""gain"": 2}]",,"{""skill_match"": 0.2115, ""experience_fit"": 0.85, ""domain"": 0, ""education"": 1.0, ""achievement"": 0.8571, ""trajectory"": 1.0}",adzuna,aggregator,,,2026-05-13T02:19:07Z,,,,[],[],[],[],[],[],,,,"program, description, projects, responsible, executing, closing, organization, involves, coordinating, managing, multiple, simultaneously",unknown,unknown,,no experience requirement found in the available text,"Job Description: Job Description (Program Manager) Job Summary: The Program Manager will be responsible for planning, executing, and closing projects within the organization. This role involves coordinating and managing multiple projects simultaneously, ensuring they align with organizational goals, are completed on time, and meet quality standards. The Program Manager will collaborate with cross-functional teams, stakeholders, and vendors to drive successful project outcomes. Roles & Responsib…"
no,,,49,Growth Manager - Government and PSUs,iDream Education,"Gurugram, Haryana",https://www.simplyhired.co.in/job/LBxDaREtjs0lD24RCaa8pFG4PF-e9rZbUsrwt8YTVCvb4OkcRizL8g?utm_campaign=google_jobs_apply&utm_source=google_jobs_apply&utm_medium=organic,29,23,32,weak,0.11,0/0,,"[{""need"": ""government"", ""gain"": 1}, {""need"": ""psus growth manager"", ""gain"": 1}, {""need"": ""psus"", ""gain"": 1}, {""need"": ""sector"", ""gain"": 1}, {""need"": ""gurgaon"", ""gain"": 1}]",,"{""skill_match"": 0.1042, ""experience_fit"": 1.0, ""domain"": 0, ""education"": 1.0, ""achievement"": 1, ""trajectory"": 1.0}",serpapi,aggregator,,,6 days ago,,,,[],[],[],[],[],[],,,,"government, learning, iprep, sales, projects, idream, solutions, smart, sector, edtech, field, unlimited",good_fit,stated,2+,"asks for 2+ years, you have 4","Growth Manager - Government and PSUs

Location: Sector 32, Gurgaon, Haryana
Role Type: Full-time, Work from Office
Experience: 2+ years of direct & relevant experience working with Government & PSUs
Industry Preference: EdTech, Education SaaS, Content-Tech, NGO, CSR, or Development sector

1. About iDream Education
Vision: Unlimited Learning. Unlimited Growth. For Everyone.
Belief: We believe that access to learning and growth is a fundamental right, and that learning in its truest sense is the joyful unfolding of a being's fullest potential — in all dimensions of life.
Mission: To deliver solutions and experiences that facilitate access to learning and growth for everyone, irrespective of their languages, geographies, abilities, curricula, age groups, learning styles, and socio-economic status.
iPrep by iDream Education is a Learning Platform that runs both offline & online, is bilingual and works on all major hardware devices and operating systems. iPrep delivers curriculum-aligned digital learning for classes 1st to 12th in English, Hindi, and Regional language mediums for universal reach and learning use as:
iPrep Digital Class for Smart Classrooms
iPrep Digital Library for Tablets/Notebooks based Smart ICT Labs
iPrep PAL for Personalised Adaptive Learning
iPrep Tablets for Preloaded Learning Devices with Monitoring
iPrep App for a one-stop learning platform across Android, iOS, and Web
Through iPrep, iDream Education empowers teachers and students, both in schools and at home to Learn Unlimited.
Company website: http://idreameducation.org | iPrep website: http://iprep.in

2. Role Summary
iDream Education is looking for an Executive—Government Sales with 2+ years of experience in the education sector to drive government sales and business development at the State, District, and Block level. This is a field-oriented role that involves close coordination with government education department officials, identification of projects and opportunities, and the implement"
no,,,48,Program Manager,Meri Awaz Trust (MAT),Delhi,https://devnetjobsindia.org/jobdescription.aspx?job_id=301046&utm_campaign=google_jobs_apply&utm_source=google_jobs_apply&utm_medium=organic,26,19,62,competitive,0.56,0/12,"frequent travel, mat project locations, mandatory, prepare information, donor/csr review meetings, maintain appropriate documentation, evidence, funding partners, frequent, travel mandatory frequent, extensive, travel","[{""need"": ""frequent travel"", ""gain"": 1}, {""need"": ""mat project locations"", ""gain"": 1}, {""need"": ""mandatory"", ""gain"": 1}, {""need"": ""prepare information"", ""gain"": 1}, {""need"": ""donor/csr review meetings"", ""gain"": 1}]",,"{""skill_match"": 0.0785, ""experience_fit"": 1.0, ""domain"": 0, ""education"": 1.0, ""achievement"": 1, ""trajectory"": 1.0}",serpapi,aggregator,,,6 days ago,,,,[],[],[],[],[],[],,,,"program, field, monitoring, coordination, approved, reports, beneficiary, projects, activities, review, community, training",good_fit,stated,4-6,"asks for 4-6 years, you have 4","Meri Awaz Trust is seeking an experienced, dynamic and highly field-oriented Program Manager to provide overall leadership for planning, implementation, monitoring, coordination and reporting of assigned programmes and projects. The Program Manager will be responsible for converting approved project proposals and agreements into structured implementation plans, measurable targets, field-level activities and documented outcomes. The position will serve as a key managerial link between MAT senior management, project teams, CSR/donor partners, government departments, district administration, implementing partners and beneficiary communities. The Program Manager will be accountable for the timely, efficient and quality implementation of assigned projects within approved scope, timeline, budget and results framework. This is not a primarily office-based position. Frequent travel to MAT project locations is a mandatory requirement. 

KEY ROLES & RESPONSIBILITIES 

A. PROGRAMME & PROJECT MANAGEMENT 
The Program Manager will: • Lead the planning and implementation of assigned MAT projects. • Review approved proposals, agreements, budgets, Logical Frameworks and project deliverables before implementation. • Develop detailed project implementation plans. • Prepare annual, quarterly, monthly and weekly activity schedules. • Establish project milestones, targets and responsibilities. • Ensure activities are implemented according to approved proposals, agreements, budgets and timelines. • Monitor physical and financial progress of assigned projects. • Identify implementation bottlenecks and initiate corrective actions. • Ensure achievement of project outputs, outcomes and key performance indicators. • Maintain close coordination between programme, field, M&E, finance and administration teams. • Ensure project activities are completed within the approved project period. 

B. PROJECT START-UP & IMPLEMENTATION PLANNING 
For every newly assigned project, the Program Manager will fac"
no,,,47,Product Owner,GHX,"Hyderabad, Telangana",https://www.adzuna.in/details/5844140119?utm_medium=api&utm_source=195aa6d0,46,64,29,weak,0.14,0/0,,"[{""need"": ""technical focus"", ""gain"": 6}, {""need"": ""working with internal stakeholders, 3rd-party partners, and customers"", ""gain"": 6}, {""need"": ""translating product and market needs into feature stories and tasks"", ""gain"": 6}, {""need"": ""actionable backlog"", ""gain"": 6}, {""need"": ""advocating customer needs to the development team"", ""gain"": 6}]",,"{""skill_match"": 0.1592, ""experience_fit"": 0.85, ""domain"": 0, ""education"": 1.0, ""achievement"": 0.8571, ""trajectory"": 1.0}",adzuna,aggregator,,,2026-08-16T16:04:09Z,data/resumes/2026-08-17/GHX_Product_Owner/Mehul_Agarwal.docx,data/resumes/2026-08-17/GHX_Product_Owner/Mehul_Agarwal.pdf,"Product Manager with 4+ years building digital lending products in fintech, currently owning the Home Loan digital acquisition stack at Bajaj Finance. Experienced in collaborating with internal stakeholders, technical teams, and 3rd-party partners to translate requirements into actionable backlogs and execution roadmaps. Grounded in data, uses Google Analytics, CleverTap, and Looker Studio to validate decisions and prioritize feature development.","[""Served as primary liaison between technical and business stakeholders, driving alignment on requirements and project status throughout the delivery lifecycle."", ""Wrote detailed product specifications and requirements in partnership with engineering teams to ensure aligned, on-time delivery."", ""Own product strategy for Home Loan digital acquisition, translating business and credit-policy requirements into scalable lead-generation and qualification systems.""]","[{""original"": ""Own product strategy for Home Loan digital acquisition, translating business and credit-policy requirements into scalable lead-generation and qualification systems."", ""rewritten"": ""Own product strategy for Home Loan digital acquisition, translating stakeholder needs into scalable feature requirements for development.""}, {""original"": ""Served as primary liaison between technical and business stakeholders, driving alignment on requirements and project status throughout the delivery lifecycle."", ""rewritten"": ""Worked with internal stakeholders and technical teams to gain a thorough understanding of product needs, driving alignment on requirements throughout development.""}, {""original"": ""Wrote detailed product specifications and requirements in partnership with engineering teams to ensure aligned, on-time delivery."", ""rewritten"": ""Translated product vision into detailed feature stories and tasks in partnership with engineering teams to ensure aligned, on-time delivery.""}]","[""Stakeholder Management"", ""Agile/Scrum"", ""SDLC"", ""BRDs"", ""Gap Analysis""]","[""Working with internal stakeholders, 3rd-party partners, and customers/users"", ""Translating product needs into feature stories and tasks for development"", ""Turning product vision into an actionable backlog""]","[""Technical focus (CV shows strong technical product ownership and engineering collaboration, but is titled Product Manager rather than Product Owner)""]","[""Direct job title matching 'Product Owner' (candidate is a Product Manager)""]","Hi, I saw the Product Owner role at GHX. With 4+ years building digital lending products at Bajaj Finance, I frequently translate stakeholder needs into actionable backlogs for engineering teams. Let's connect!",Summary rewritten for this JD; 3 bullet(s) reworded to JD vocabulary (metrics preserved verbatim),"The JD asks for a Product Owner, whereas the candidate's formal titles are Product Manager and Digital Marketing Associate.","owner, needs, responsible, title, focus, managers, rd-party, gain, thorough, understanding, feature, stories",unknown,unknown,,no experience requirement found in the available text,"Job TITLE: Product Owner General Summary: The Product Owner will have a technical focus and work with product managers, internal stakeholders, 3rd-party partners, and customers to gain a thorough understanding of their product and market needs, translating them into feature stories and tasks for development. You will be responsible for turning the product vision into an actionable backlog and advocating the customers’ needs to the development team. The Product Owner is responsible for the devel…"
no,,,47,Senior Product Analyst - Finance Technology,Okta,"Bangalore, Karnataka",https://www.adzuna.in/details/5844336846?utm_medium=api&utm_source=195aa6d0,32,25,25,weak,0.08,0/0,,"[{""need"": ""senior product analyst"", ""gain"": 1}, {""need"": ""technology secure"", ""gain"": 1}, {""need"": ""secure every"", ""gain"": 1}, {""need"": ""every identity"", ""gain"": 1}, {""need"": ""human identity"", ""gain"": 1}]",,"{""skill_match"": 0.1508, ""experience_fit"": 0.85, ""domain"": 0, ""education"": 1.0, ""achievement"": 0.8571, ""trajectory"": 1.0}",adzuna,aggregator,,,2026-08-16T21:08:27Z,,,,[],[],[],[],[],[],,,,"identity, secure, every, human, unlocking, okta, secures, trusted, neutral, enables, organizations, safely",good_fit,inferred,6-10,"asks for 6-10 years, you have 4","Secure Every Identity, from AI to Human Identity is the key to unlocking the potential of AI. Okta secures AI by building the trusted, neutral infrastructure that enables organizations to safely embrace this new era. This work requires a relentless drive to solve complex challenges with real-world stakes. We are looking for builders and owners who operate with speed and urgency and execute with excellence. This is an opportunity to do career-defining work. We're all in on this mission. If you a…"
no,,,47,"Technical Project Manager/TPM - Chennai, Tamil Nadu",MokshaaLLC,"Chennai, Tamil Nadu",https://www.adzuna.in/land/ad/5830533604?se=RtbzqPCZ8RGEkeOd4D9HkQ&utm_medium=api&utm_source=195aa6d0&v=DC902488B45F5E338C6FE45E7A9553FCC14E06C9,36,29,25,weak,0.08,0/0,,"[{""need"": ""technical project manager/tpm"", ""gain"": 1}, {""need"": ""chennai"", ""gain"": 1}, {""need"": ""tamil nadu"", ""gain"": 1}, {""need"": ""title"", ""gain"": 1}, {""need"": ""schedule"", ""gain"": 1}]",,"{""skill_match"": 0.1592, ""experience_fit"": 0.85, ""domain"": 0, ""education"": 1.0, ""achievement"": 0.8571, ""trajectory"": 1.0}",adzuna,aggregator,,,2026-08-06T19:52:30Z,,,,[],[],[],[],[],[],,,,"client, location, title, schedule, monday, friday, please, note, requires, supporting, need, align",unknown,unknown,,no experience requirement found in the available text,"Job Title: Technical Project Manager Work Schedule: Monday to Friday Please note that this role requires supporting our US client and will need to align with the client's time zone. - 8:00 AM – 5:00 PM CST (U.S. Central Time) Location: Anna Nagar, Chennai, TN Compensation: Competitive salary based on experience, qualifications, and work location. We are seeking an experienced ERP Project Manager with deep expertise in Sage X3 ERP to lead enterprise-wide ERP initiatives, including implementation…"
no,,,47,Performance Marketing Manager,Coram AI,"Bangalore, Karnataka",https://www.adzuna.in/details/5844291280?utm_medium=api&utm_source=195aa6d0,33,31,29,weak,0.14,0/0,,"[{""need"": ""coram ai"", ""gain"": 1}, {""need"": ""reimagining video security"", ""gain"": 1}, {""need"": ""modern world"", ""gain"": 1}, {""need"": ""cloud-native platform"", ""gain"": 1}, {""need"": ""uses computer"", ""gain"": 1}]",,"{""skill_match"": 0.1231, ""experience_fit"": 0.85, ""domain"": 0, ""education"": 1.0, ""achievement"": 1, ""trajectory"": 1.0}",adzuna,aggregator,,,2026-08-16T20:41:27Z,,,,[],[],[],[],[],[],,,,"world, make, coram, reimagining, video, security, modern, cloud-native, computer, vision, businesses, stay",unknown,unknown,,no experience requirement found in the available text,"At Coram AI, we’re reimagining video security for the modern world. Our cloud-native platform uses computer vision and AI to help businesses stay safe, make smarter decisions, and move faster; from real-time alerts to seamless clip sharing and multi-site visibility. You’ll be joining an ambitious, fast-moving team that values clarity, craftsmanship, and impact. Every person here has a voice, ships meaningful work, and helps shape how AI can make the world safer and more connected. The role: We'…"
no,,,47,Technical Program Manager,Smartbox Lockers,"Navi Mumbai, Maharashtra",https://in.linkedin.com/jobs/view/technical-program-manager-at-smartbox-lockers-4454012425?utm_campaign=google_jobs_apply&utm_source=google_jobs_apply&utm_medium=organic,38,38,49,borderline,0.42,0/1,desired,"[{""need"": ""desired"", ""gain"": 3}, {""need"": ""technical program"", ""gain"": 2}, {""need"": ""program manager"", ""gain"": 2}, {""need"": ""manager broad"", ""gain"": 2}, {""need"": ""broad function"", ""gain"": 2}]",,"{""skill_match"": 0.2098, ""experience_fit"": 0.7, ""domain"": 0, ""education"": 1.0, ""achievement"": 1, ""trajectory"": 1.0}",serpapi,aggregator,,,4 days ago,,,,[],[],[],[],[],[],,,,"risk, cross-functional, timely, benefits, program, programs, hardware, firmware, software, milestones, maintain, jira",good_fit,stated,6-10,"asks for 6-10 years, you have 4","Broad Function:

We are looking for a Technical Program Manager (TPM) with a minimum of 6 years of experience who will be responsible for leading and coordinating cross-functional product development programs across Hardware, Firmware, Software, QA, and Product teams. The role requires expertise in program planning, stakeholder management, risk mitigation, project execution, and cross-functional collaboration to ensure high-quality products are delivered on time, within scope, and aligned with the product roadmap and business objectives.


Roles and Responsibilities : 


1. Program & Project Management:
 Plan and manage end-to-end product development programs.
 Coordinate cross-functional teams across Hardware, Firmware, Software, QA, and Product.
 Track project schedules, milestones, risks, dependencies, and overall delivery progress.
 Ensure timely execution while maintaining alignment with project goals and timelines.

2. Release Management:
 Own end-to-end product release planning and execution.
 Define and manage release schedules, milestones, and deliverables.
 Ensure timely, high-quality releases aligned with project timelines.
 Coordinate cross-functional teams to enable smooth and successful product launches.

3. Agile Delivery:
 Collaborate with Product Owners and Scrum Masters to drive Agile execution.
 Monitor sprint progress, delivery commitments, and release milestones.
 Facilitate timely resolution of blockers to ensure smooth sprint delivery.
 Ensure alignment between sprint outcomes and product release goals.

4. Risk & Dependency Management:
 Identify and mitigate project risks, dependencies, and resource constraints.
 Maintain and track project risk and issue registers.
 Proactively resolve escalations to minimize delivery impact.
 Ensure timely risk communication and mitigation planning.

5. Engineering Metrics & Reporting:
 Prepare and present regular project status reports to leadership.
 Track key engineering metrics, KPIs, and delivery progre"
no,,,47,Key Account Manager/ Growth Manager -Ecommerce & Quick Commerce (Noida),Open Secret,"Noida, Uttar Pradesh",https://in.jobrapido.com/jobpreview/3953284967370326016?utm_campaign=google_jobs_apply&utm_source=google_jobs_apply&utm_medium=organic,37,51,33,weak,0.2,0/2,"e-commerce/q-commerce, mandatory","[{""need"": ""e-commerce/q-commerce"", ""gain"": 2}, {""need"": ""mandatory"", ""gain"": 2}, {""need"": ""key account"", ""gain"": 1}, {""need"": ""account manager/"", ""gain"": 1}, {""need"": ""manager ecommerce"", ""gain"": 1}]",,"{""skill_match"": 0.1273, ""experience_fit"": 0.85, ""domain"": 0, ""education"": 1.0, ""achievement"": 1, ""trajectory"": 1.0}",serpapi,aggregator,,,3 days ago,,,,[],[],[],[],[],[],,,,"commerce, channel, plans, executing, description, open, secret, account, ecommerce, quick, candidates, intrapreneurial",unknown,unknown,,no experience requirement found in the available text,"Job description  
Open Secret - Key Account Manager - Ecommerce & Quick Commerce (Growth Team)  

About the job :  

We are looking for candidates with an intrapreneurial & growth mindset. A hustler who is data driven, can execute out of the box ideas. This role requires that the candidate has have high sense of ownership & capacity to function independently.  

Responsibilities  

- End-to-end online channel management (Ecommerce/Quick Commerce - Amazon, Flipkart, Swiggy, Zepto, Instamart)  

- Liaising with client counterparts for the respective channel  

- Own P&L; for the channels and built sustainable growth plans  

- Ensuring platform hygiene  

- Creating and maintaining rich content for products, ensuring reviews & ratings on the listings, etc.  

- Design and implement strategy to increase traffic on product page and track competition  

- Leveraging platform's marketing tools to plan marketing activation's and optimize ROI for spends basis impressions, CTR and conversions  

- Designing and executing specific promotions & offers on the platform  

- Building and executing growth strategies on the platform  

- Build cross-functional partnerships internally with operations, supply chain, logistics and brand for effective deployment of plans  

Requirements:  

- Experience in E-commerce/Q-Commerce is mandatory  

- Experience with E-commerce marketing and digital sales drivers will be an added advantage  

- Adept at Microsoft Excel and Google Sheets"
no,,,47,Growth Manager-Mumbai,ZILLOUT,"Mumbai, Maharashtra",https://getmereferred.com/in/job-listing/growth-managermumbai-zillout-inmhmumbai-5-to-10-years-experience-00ccaae4-eb03-41e3-a6fc-e38608b62c57?utm_campaign=google_jobs_apply&utm_source=google_jobs_apply&utm_medium=organic,26,20,30,weak,0.16,0/0,,"[{""need"": ""growth manager-mumbai"", ""gain"": 1}, {""need"": ""hiring growth"", ""gain"": 1}, {""need"": ""manager mumbaiabout"", ""gain"": 1}, {""need"": ""mumbaiabout zilloutzillout"", ""gain"": 1}, {""need"": ""zilloutzillout started"", ""gain"": 1}]",,"{""skill_match"": 0.1213, ""experience_fit"": 0.85, ""domain"": 0, ""education"": 1.0, ""achievement"": 1, ""trajectory"": 1.0}",serpapi,aggregator,,,,,,,[],[],[],[],[],[],,,,"venues, nightlife, venue, going, cities, real, ever, fast, hire, genuinely, joining, owners",good_fit,stated,1-4,"asks for 1-4 years, you have 4","Were Hiring | Growth Manager | MumbaiAbout ZillOutZillOut started with a simple question. Why is going out in India harder than it should be?Cities are growing, but real estate is shrinking. People are more connected than ever, but lonelier than ever. Discovery is broken, bookings are clunky, and the best venues are still running on WhatsApp groups and gut instinct. We thought there was a better way.So we built one.ZillOut powers India's most loved venues and nightlife experiences across 17 cities. Our venues come from three worlds we love deeply. Black is nightlife. White is fine dining. Grey is events and experiences.We are building infrastructure inside venues and intelligence on the consumer, so going out becomes simpler, smarter, and more alive. Live For Real is not a tagline for us. It is the reason we wake up.We are seed-funded, raising our next round, and growing fast. The team is young, hungry, and small enough that one new hire genuinely changes the trajectory. If you join now, you are not joining a company. You are joining a moment.The RoleWe are looking for a Growth Manager to join our team in Mumbai. Your job is to walk into partner venues, understand where they are stuck, and help them grow with ZillOut.This is not a desk role. You will spend most of your week on the ground in Mumbai, sitting with venue owners, training their staff, and making sure ZillOut is genuinely moving the needle for them.What you will do- Manage a book of existing Mumbai venue partners- Drive upgrades, upsells, and product adoption- Run monthly business reviews with venue owners and managers- Train front-of-house staff on ZillOut tools- Catch churn risks early and fix them before they become problems- Work closely with ops, product, and support to solve on-ground issues fastWhat you will be measured on- Monthly upgrade and upsell revenue from your accounts- Retention and churn numbers- Product adoption across the venues you own- Quality of relationships, measured by referrals f"
no,,,46,Technical Product Owner,Cotiviti,"Kyasaram, Hyderabad",https://www.adzuna.in/details/5806895032?utm_medium=api&utm_source=195aa6d0,35,28,23,weak,0.08,0/0,,"[{""need"": ""product owner"", ""gain"": 1}, {""need"": ""owner cotiviti"", ""gain"": 1}, {""need"": ""cotiviti hyderabad"", ""gain"": 1}, {""need"": ""tpo/ba"", ""gain"": 1}, {""need"": ""healthcare"", ""gain"": 1}]",,"{""skill_match"": 0.1261, ""experience_fit"": 0.85, ""domain"": 0, ""education"": 1.0, ""achievement"": 0.8571, ""trajectory"": 1.0}",adzuna,aggregator,,,2026-07-19T10:34:50Z,,,,[],[],[],[],[],[],,,,"cotiviti, position, gathering, hyderabad, tpo/ba, healthcare, payment, accuracy, analytics-based, suits, purpose, owners",unknown,unknown,,no experience requirement found in the available text,"Cotiviti Hyderabad is looking for TPO/BA for one of its healthcare, payment accuracy, analytics-based products suits. The purpose of this position is to work with product owners, build and support Cotiviti products, gathering requirements and building the subject matter expertise. This includes collaboration in requirements gathering, definition, prototyping and collaborating between Product and IT teams. Person in this position would exhibit the following behaviours: Understands the importance…"
no,,,45,Digital Project Manager,WPP Production,"Chennai, Tamil Nadu",https://www.adzuna.in/land/ad/5830301682?se=_HUnp_CZ8RGXlua0wi23rg&utm_medium=api&utm_source=195aa6d0&v=E7948574558A0EAF5BEDAEAEACCA4FFF6F3614F7,28,40,22,weak,0.08,0/0,,"[{""need"": ""wpp production"", ""gain"": 2}, {""need"": ""inclusive employer"", ""gain"": 2}, {""need"": ""member"", ""gain"": 2}, {""need"": ""mygwork"", ""gain"": 2}, {""need"": ""largest global platform"", ""gain"": 2}]",,"{""skill_match"": 0.1226, ""experience_fit"": 0.85, ""domain"": 0, ""education"": 1.0, ""achievement"": 0.8571, ""trajectory"": 1.0}",adzuna,aggregator,,,2026-08-06T16:01:53Z,,,,[],[],[],[],[],[],,,,"production, global, craft, inclusive, employer, member, mygwork, largest, lgbtq, community, please, contact",unknown,unknown,,no experience requirement found in the available text,"This job is with WPP Production, an inclusive employer and a member of myGwork – the largest global platform for the LGBTQ business community. Please do not contact the recruiter directly. About WPP Production We are WPP Production - the unified global production company that brings together all of WPP's content producers, studios and craft experts into one connected organisation. We combine world-class human craft with next generation technology to originate, design, and deliver multi-channel …"
no,,,45,Technical Product Manager – Healthcare,Populace World Solutions,"Pune, Maharashtra",https://in.linkedin.com/jobs/view/technical-product-manager-%E2%80%93-healthcare-at-populace-world-solutions-4455170203?utm_campaign=google_jobs_apply&utm_source=google_jobs_apply&utm_medium=organic,41,47,32,weak,0.25,0/1,mandatory,"[{""need"": ""mandatory"", ""gain"": 2}, {""need"": ""manager healthcare"", ""gain"": 1}, {""need"": ""healthcare technical"", ""gain"": 1}, {""need"": ""pune"", ""gain"": 1}, {""need"": ""healthcare interoperability"", ""gain"": 1}]",,"{""skill_match"": 0.2241, ""experience_fit"": 0.6, ""domain"": 0, ""education"": 1.0, ""achievement"": 0.8571, ""trajectory"": 1.0}",serpapi,aggregator,,,1 day ago,,,,[],[],[],[],[],[],,,,"healthcare, apis, automation, location, mandatory, management/product, ownership.strong, medical, experience.strong, understanding, lifecycle.good, net/.net",stretch,stated,8+,asks for 8+ years vs your 4,"Technical Product Manager – Healthcare

📍 Location: Pune

💼 Experience: 8+ Years




Mandatory Skills

8+ years of experience in Product Management/Product Ownership.Strong Healthcare / Healthcare IT / Medical Technology domain experience.Strong understanding of Agile/Scrum, SDLC, DevOps, and product lifecycle.Good technical knowledge of .NET/.NET Core, C#, REST APIs, databases, and web applications.Understanding of system architecture, microservices, APIs, and integrations.Exposure to test automation, CI/CD, and software quality practices.Strong stakeholder management, communication, and leadership skills.Good to Have

Healthcare interoperability: HL7, FHIR, DICOM, EHR/EMR.Cloud platforms such as Azure/AWS.Experience with Jira, Azure DevOps, or Confluence.Previous experience as a .NET Developer, Technical Lead, Architect, or Automation Engineer."
no,,,45,Sr.Business Analyst,Netzworke Sytems,"Hyderabad, Telangana",https://bebee.com/in/jobs/srbusiness-analyst-netzworke-sytems-hyderabad--t7xk-796215054?utm_campaign=google_jobs_apply&utm_source=google_jobs_apply&utm_medium=organic,33,30,62,competitive,0.66,1/9,"sr.business analyst, analyst external, external professional, professional stakeholder, cpent facing, facing interactions, interactions financing, program operations business","[{""need"": ""sr.business analyst"", ""gain"": 1}, {""need"": ""analyst external"", ""gain"": 1}, {""need"": ""external professional"", ""gain"": 1}, {""need"": ""professional stakeholder"", ""gain"": 1}, {""need"": ""cpent facing"", ""gain"": 1}]",,"{""skill_match"": 0.1386, ""experience_fit"": 0.78, ""domain"": 0, ""education"": 1.0, ""achievement"": 0.8571, ""trajectory"": 1.0}",serpapi,aggregator,,,7 days ago,,,,[],[],[],[],[],[],,,,"mule, mulesoft, external, cpent, plus, facing, interactions, financing, program, requirement, paison, side",good_fit,stated,5-8,"asks for 5-8 years, you have 4","external professional stakeholder or cpent facing interactions financing, program operations business requirement development


Be the paison between the technical and business side.


Critical thinking, questioning, and pstening skills, as well as attention to detail as it relates to cpent communication and depvery.


Prior experience epciting and interpreting business and user requirements and providing IT solutions in a Business Analyst role..


Experience developing and communicating business workflows.


Awareness of Agile software development and design principles plus solution design tools (e.g., Jama, Confluence, Jira, etc.)


Please send the resumes to info@birnetwork.com


Job Role : Sr.Mulesoft Developer


Location : Hyderabad
Duration : Full-TIme
Salary : As Per Company Standards


Required:
Bachelors degree / Masters
5-8 years of recent Mulesoft experience.
Experience with MuleSoft Integration including Architecture and development with a minimum seven plus years of experience.


Experience in Mule SDLC using Mule 4.2 Mule 3.9 including CICD process and deployment


Mule design experience REST/SOAP API development experience


Experience with Mule Tooling (Design Center, API Manager, Any point Exchange.


Experience with API Performance Tuning Security


Experience with Mainframe, MQ, Salesforce


MuleSoft Migration experience.


Experience with Code review / mentoring / debugging/troubleshooting skills


Disclaimer : This job posting has been aggregated from external source. Role details, content, and availability are subject to change. Applicants are advised to confirm the latest information directly on the company website before applying."
no,,,45,Partnerships Manager | Social Sector | Onsite (Gurugram),Outline India,"Gurugram, Haryana",https://www.kitjob.in/job/314249607/partnerships-manager-social-sector-onsite-gurugram?utm_campaign=google_jobs_apply&utm_source=google_jobs_apply&utm_medium=organic,37,41,44,borderline,0.42,0/1,must-have,"[{""need"": ""must-have"", ""gain"": 3}, {""need"": ""social sector"", ""gain"": 1}, {""need"": ""sector onsite"", ""gain"": 1}, {""need"": ""gurugram"", ""gain"": 1}, {""need"": ""overview"", ""gain"": 1}]",,"{""skill_match"": 0.15, ""experience_fit"": 0.7, ""domain"": 0, ""education"": 1.0, ""achievement"": 1, ""trajectory"": 1.0}",serpapi,aggregator,,,1 day ago,,,,[],[],[],[],[],[],,,,"relationships, sector, donor, build, manage, those, craft, communications, agencies, government, proposals, meetings",good_fit,stated,6+,"asks for 6+ years, you have 4","Role Overview  

This role exists because most of what we do at Outline India begins with a relationships. We need someone who can build and manage those relationships systematically - and who can craft the external communications that make those conversations worth having in the first place.  

I. Partnership Strategy & Pipeline  
- Map and  
prioritize potential partners  
: UN agencies, multilaterals, government departments, foundations, CSR arms, and private-sector players.  
- Develop and  
execute a partnerships roadmap  
aligned with organizational strategy and sector priorities.  
- Identify co-creation opportunities for current research, pilots, and scale-up programs.  
- Generate revenue through partnerships and donor collaborations.  

II. Business Development & Proposals  
- Lead end-to-end pursuit processes: from opportunity identification to proposal submission.  
- Collaborate with technical teams to  
craft compelling concept notes,  
proposals, and budgets.  
- Represent the organization in pre-bid meetings,  
donor consultations,  
and  
partnership discussions  
.  
- Tracking metrics and deliverables to measure the outcome.  

III. Stakeholder & Relationship Management  
- Serve as the primary point of contact for key partners; manage  
regular review meetings  
and reporting.  
- Build and maintain  
strong relationships  
with government officials, donor representatives, and implementing agencies.  
- Ensure alignment between  
partner expectations  
and internal delivery capabilities.  

IV. Knowledge & Visibility  
- Contribute to thought leadership:  
briefs, blogs, panels, and sector events  
.  
- Capture learnings from partnerships to inform future strategy and positioning.  
- Support communications and marketing teams with  
case studies and success stories.  

Offered CTC -  
₹11LPA to  
₹13LPA (based on skills & sector experience)  

Experience - 6+yrs  
*(if you do not have a relevant experience, please do not apply)*  

Must-Have  
"
no,,,42,Product Owner,Ensono,"Pune, Maharashtra",https://www.adzuna.in/details/5844291347?utm_medium=api&utm_source=195aa6d0,31,46,19,weak,0.14,0/0,,"[{""need"": ""product owner"", ""gain"": 2}, {""need"": ""ensono ensono"", ""gain"": 2}, {""need"": ""expert technology adviser"", ""gain"": 2}, {""need"": ""managed service provider"", ""gain"": 2}, {""need"": ""relentless ally"", ""gain"": 2}]",Unverifiable mandatory gate — confirm manually: licence/certification,"{""skill_match"": 0.0417, ""experience_fit"": 0.85, ""domain"": 0, ""education"": 1.0, ""achievement"": 0.8571, ""trajectory"": 1.0}",adzuna,aggregator,,,2026-08-16T20:41:33Z,,,,[],[],[],[],[],[],,,,"ensono, expert, adviser, service, provider, relentless, ally, accelerate, clients, transformation, achieve, outcomes",unknown,unknown,,no experience requirement found in the available text,"About Ensono Ensono is an expert technology adviser and managed service provider. As a relentless ally, we accelerate clients’ digital transformation to achieve business outcomes that stand to last. Our dedicated team helps organizations optimize today’s systems across any hybrid environment with services such as consulting, mainframe and application modernization, public cloud migration and cloud-native development. With certified experts in AWS, Azure and Google Cloud and recognized as Micros…"
no,,,40,Growth Manager-Rural,Aerem,"Mumbai, Maharashtra",https://bebee.com/in/jobs/growth-manager-rural-aerem-mumbai--t7xk-787109570?utm_campaign=google_jobs_apply&utm_source=google_jobs_apply&utm_medium=organic,36,32,41,borderline,0.54,0/4,"Sales, business development or distribution leadership, Managing large field sales teams across multiple geographies, Building businesses, regions or new verticals from zero to one, Willingness to travel extensively and spend significant time in the field","[{""need"": ""Sales, business development or distribution leadership"", ""gain"": 5}, {""need"": ""Managing large field sales teams across multiple geographies"", ""gain"": 5}, {""need"": ""Building businesses, regions or new verticals from zero to one"", ""gain"": 5}, {""need"": ""Willingness to travel extensively and spend significant time in the field"", ""gain"": 5}, {""need"": ""Go-to-market strategy"", ""gain"": 2}]",Unverifiable mandatory gate — confirm manually: location/relocation requirement,"{""skill_match"": 0.0647, ""experience_fit"": 0.6, ""domain"": 0, ""education"": 1.0, ""achievement"": 1, ""trajectory"": 1.0}",serpapi,aggregator,,,14 days ago,data/resumes/2026-08-17/Aerem_Growth_Manager_Rural/Mehul_Agarwal.docx,data/resumes/2026-08-17/Aerem_Growth_Manager_Rural/Mehul_Agarwal.pdf,"Product Manager with 4+ years of fintech experience building digital lending products, managing strategic NBFC and financial-institution partnerships, and driving user acquisition. Proven track record of scaling digital platforms, designing lead allocation engines, and optimizing lead funnels from concept through execution. Brings a strong background in data-driven product management, growth strategies, and cross-functional leadership.","[""• Own product strategy for Home Loan digital acquisition, translating business and credit-policy requirements into scalable lead-generation and qualification systems."", ""• Map and optimize the end-to-end digital home loan funnel — from awareness and lead generation through login, sanction, and disbursal — identifying drop-off points and prioritizing fixes."", ""• Led development and management of digital platforms (app and web) for the Personal Loan product, growing user engagement 27% and user acquisition 14%.""]","[{""original"": ""• Own product strategy for Home Loan digital acquisition, translating business and credit-policy requirements into scalable lead-generation and qualification systems."", ""rewritten"": ""• Own product strategy for digital acquisition, translating business and credit-policy requirements into scalable lead-generation and qualification systems.""}, {""original"": ""• Map and optimize the end-to-end digital home loan funnel — from awareness and lead generation through login, sanction, and disbursal — identifying drop-off points and prioritizing fixes."", ""rewritten"": ""• Map and optimize the end-to-end digital funnel — from awareness and lead generation through conversion, identifying drop-off points and prioritizing fixes.""}, {""original"": ""• Led development and management of digital platforms (app and web) for the Personal Loan product, growing user engagement 27% and user acquisition 14%."", ""rewritten"": ""• Led development and management of digital platforms (app and web) for the Personal Loan product, growing user engagement 27% and customer acquisition 14%.""}]","[""Product Management"", ""Stakeholder Management"", ""Analytics"", ""Lead Funnel Optimisation"", ""Partner Integrations""]","[""Cross-functional collaboration with product, operations, finance and marketing teams"", ""Drive acquisition through channel partners and local ecosystem partners"", ""Extremely numbers-oriented with strong business and commercial acumen""]","[""Experience building businesses or new verticals from zero to one (CV shows launching new products like Microfinance group loan and lead creation processes)"", ""Growth and acquisition strategies (CV shows digital acquisition and funnel optimization, but focused on fintech digital products rather than physical rural agriculture markets)""]","[""8-15 years of experience in sales, business development or distribution leadership (CV has 4+ years of experience)"", ""Managing large field sales teams across multiple geographies"", ""Extensive travel across India for rural and agricultural markets (PM KUSUM / farming sector)""]","Hi, I saw Aerem's Growth Manager-Rural role. With 4+ years scaling digital acquisition platforms, optimizing lead funnels, and managing institutional partnerships at Bajaj Finance, I bring strong execution capabilities and a data-driven mindset. I'd love to discuss how I can drive growth for your business.",Summary rewritten for this JD; 3 bullet(s) reworded to JD vocabulary (metrics preserved verbatim); Skill groups reordered (Product & Delivery first),"The CV lacks the required 8-15 years of sales, business development, or physical field-sales team management experience in rural and agricultural markets.","sales, build, field, businesses, ownership, rural, multiple, targets, productivity, travel, extensively, distribution",stretch,stated,8-15,asks for 8-15 years vs your 4,"Role & Responsibilities



Build and scale the PM KUSUM business across India with complete ownership of sales, growth and profitability.
Develop and execute the go-to-market strategy for rural and agricultural markets.
Build, lead and mentor high-performing regional and field sales teams across multiple states.
Drive farmer acquisition through channel partners, dealers, distributors and local ecosystem partners.
Own business targets including revenue, conversion, productivity and market expansion.
Establish scalable sales processes, review mechanisms and performance dashboards.
Hire top talent and build a high-performance, execution-driven culture.
Collaborate with product, operations, finance and marketing teams to ensure seamless execution.
Travel extensively across India to drive business growth and solve market-level challenges.
Continuously identify new opportunities to improve customer experience, distribution and sales productivity.

Preferred Candidate Profile

8-15 years of experience in sales, business development or distribution leadership.
Proven experience in managing large field sales teams across multiple geographies.
Strong exposure to rural, retail, agri, telecom, FMCG, consumer durables, electricals, building materials or similar distribution-led businesses.
Experience building businesses, regions or new verticals from zero to one.
Startup mindset with the ability to thrive in ambiguity and build from scratch.
Highly ownership-driven with a bias for action and execution.
Extremely numbers-oriented with strong business and commercial acumen.
Comfortable working in a fast-paced, high-growth environment where priorities evolve quickly.
Willing to travel extensively and spend significant time in the field.
Excellent leadership, hiring and team-building capabilities.

This is mumbai based role and we prefer folks who can join asap.
Who should apply?
We're looking for buildersnot caretakers. This role is ideal for someone who loves creating businesses f"
no,,,40,Principal Business Analyst - Serialization,Amgen,"Hyderabad, Telangana",https://careers.amgen.com/en/job/hyderabad/principal-business-analyst-serialization/87/92304528368?utm_campaign=google_jobs_apply&utm_source=google_jobs_apply&utm_medium=organic,31,24,53,borderline,0.71,2/12,"must-have, effectively, fast-paced, dynamic environment.established, environment.established business, governance practices, practices involving, involving senior, senior business, business stakeholdersbroad","[{""need"": ""must-have"", ""gain"": 1}, {""need"": ""effectively"", ""gain"": 1}, {""need"": ""fast-paced"", ""gain"": 1}, {""need"": ""dynamic environment.established"", ""gain"": 1}, {""need"": ""environment.established business"", ""gain"": 1}]",,"{""skill_match"": 0.1062, ""experience_fit"": 0.6, ""domain"": 0, ""education"": 1.0, ""achievement"": 0.8571, ""trajectory"": 1.0}",serpapi,aggregator,,,4 days ago,,,,[],[],[],[],[],[],,,,"serialization, solutions, supply, chain, compliance, amgen, regulatory, global, manage, needs, attp, leadership",good_fit,stated,5+,"asks for 5+ years, you have 4","ABOUT AMGEN

Amgen harnesses the best of biology and technology to fight the world’s toughest diseases, and make people’s lives easier, fuller and longer. We discover, develop, manufacture and deliver innovative medicines to help millions of patients. Amgen helped establish the biotechnology industry more than 40 years ago and remains on the cutting-edge of innovation, using technology and human genetic data to push beyond what’s known today.



ABOUT THE ROLE

Role Description:

The role is responsible for leading and charting the course for the Global Supply Chain Serialization Domain. SAP Serialization Solutions Lead will design, implement, and manage serialization solutions that ensure product integrity, regulatory compliance, and supply chain transparency. This role will be key contributor to Serialization Product Team serving as technical consultant as well as liaison between IT and business stakeholders, ensuring technical solutions align with compliance requirements, operational needs, and strategic objectives.

The ideal candidate will have deep expertise in SAP Advanced Track & Trace for Pharmaceuticals (ATTP), Tracelink, SAP ICH (Information Collaboration Hub) or equivalent serialization systems, with strong technical background, business analysis and client-facing skills to translate requirements into scalable, reliable solutions.  







Roles & Responsibilities:

Lead the design, configuration, and support of SAP ATTP (Serialization), SAP ICH, and related systems to meet global regulatory and business requirements.Translate business needs into functional and technical specifications for serialization and supply chain traceability.Oversee end-to-end implementation of serialization solutions, including integration with ERP, manufacturing, packaging, and partner systems.Ensure compliance with DSCSA, EU FMD, and other regional/global serialization regulations.Ensure adoption of AI driven tools and collaborating with business to identify AI driven use case"
no,,,21,Product Manager - AI/Data Science,HG Insights,"Pune, Maharashtra",https://www.shine.com/jobs/product-manager-ai-data-science/hg-insights/19472996?utm_campaign=google_jobs_apply&utm_source=google_jobs_apply&utm_medium=organic,38,38,3,weak,0.33,0/0,,"[{""need"": ""ai/data science"", ""gain"": 2}, {""need"": ""insights"", ""gain"": 2}, {""need"": ""leader"", ""gain"": 2}, {""need"": ""technology intelligence"", ""gain"": 2}, {""need"": ""providing data-driven insights"", ""gain"": 2}]",,"{""skill_match"": 0.2828, ""experience_fit"": 0.5, ""domain"": 0, ""education"": 1.0, ""achievement"": 1, ""trajectory"": 1.0}",serpapi,aggregator,,,1 day ago,,,,[],[],[],[],[],[],,,,"science, insights, opportunities, transform, complex, value, understanding, leader, intelligence, data-driven, actionable, passionate",over_senior,stated,12+,"asks for 12+ years, above your 8-year ceiling","HG Insights is a leader in technology intelligence, providing data-driven insights that help businesses make strategic decisions about technology investments and market opportunities. We transform raw data into actionable intelligence that drives revenue growth and competitive advantage for our customers.


We are seeking a passionate and experienced Principal Data & AI Product Manager to define and drive complex, multi team and department product deliverables. You will be at the forefront of innovation, leveraging the power of data and AI to solve complex user problems and create significant business value. You will serve as an internal and external thought leader for this product area, responsible for setting the agenda for how HG Insights leverages data and AI to transform the business. You will work closely with engineering, data science, design, and marketing teams to bring cutting-edge solutions to life.


Youll be passionate about data, building software products that are meaningful and creating a delightful user experience for our customers in an exciting, fast-growing market. You value solving complex problems and have a strong understanding of product analysis. If you are a strategic thinker with a strong technical understanding of data and AI, a customer-centric mindset, and a proven track record of delivering successful products, we want to hear from you.


Conduct thorough market research, user interviews, and data analysis to identify unmet needs and opportunities for data and AI-driven solutions.


Drive cross-organizational alignment on investment and prioritization, balancing trade-offs between competing priorities across product portfolios and business units.


Transform user needs and business requirements into detailed product specifications, user stories, and acceptance criteria for engineering and data science teams.


Effectively prioritize features and initiatives based on business value, technical feasibility, and user impact, ensuring a wel"
no,,,19,AI Product Manager,enGen Global,"Chennai, Tamil Nadu",https://in.linkedin.com/jobs/view/ai-product-manager-at-engen-global-4453521959?utm_campaign=google_jobs_apply&utm_source=google_jobs_apply&utm_medium=organic,33,32,3,weak,0.36,0/1,essential,"[{""need"": ""essential"", ""gain"": 2}, {""need"": ""strategic leader"", ""gain"": 1}, {""need"": ""evolution"", ""gain"": 1}, {""need"": ""native ai-driven products"", ""gain"": 1}, {""need"": ""healthcare payer landscape"", ""gain"": 1}]",,"{""skill_match"": 0.2105, ""experience_fit"": 0.54, ""domain"": 0, ""education"": 1.0, ""achievement"": 1, ""trajectory"": 1.0}",serpapi,aggregator,,,3 days ago,,,,[],[],[],[],[],[],,,,"healthcare, payer, ai/ml, leadership, global, opportunities, regulatory, native, capabilities, solutions, value, deep",over_senior,stated,10-14,"asks for 10-14 years, above your 8-year ceiling","As a seasoned Product Manager, you will be a strategic leader in the development and evolution of our native AI-driven products within the US healthcare payer landscape. You will be instrumental in bridging cutting-edge AI capabilities with critical business needs, ensuring our solutions deliver significant value to members, providers, and internal operations. Your deep understanding of healthcare payer dynamics, coupled with extensive AI product development experience, will drive innovation from concept to market.




• Strategic AI Product Leadership: Leads product strategy for a portfolio of interconnected native AI products, ensuring alignment with Highmark's overarching vision, digital transformation goals, and a proactive approach to leveraging AI for competitive advantage.

• End-to-End AI Product Lifecycle Management: Accountable for the entire AI product lifecycle, from ideation and discovery of AI opportunities through model development, integration, deployment, and ongoing optimization within a regulated healthcare environment. This includes deep involvement in data strategy, ethical AI considerations, and technical feasibility assessments.

• Cross-Functional AI Orchestration: Responsible for coordinating all aspects of AI product management across diverse internal teams (e.g., Data Science, Engineering, Clinical, Compliance, Legal, Marketing, Operations) and external partners. Ensures seamless integration of AI solutions into existing healthcare payer workflows and platforms.

• Business & System Integration for AI: Manages complex business and system integration efforts specific to AI/ML models, data pipelines, and intelligent automation, ensuring robust, scalable, and secure deployments within the payer ecosystem.

• Specialized AI Product Portfolio: Products and programs will explicitly include AI/ML-driven applications such as predictive analytics for risk stratification, personalized member engagement platforms, intelligent automation for claims pr"
