applied,applied_on,match_feedback,score,title,company,location,url,frozen_score,legacy_score,percentile,band,jd_difficulty,must_coverage,missing_must,top_gaps,score_flags,sub_scores,source,apply_channel,salary_min,salary_max,updated_at,resume_docx,resume_pdf,tailored_summary,bullets_to_lead_with,rewritten_bullets,keywords_to_add_if_true,fit_exact,fit_partial,fit_gaps,outreach_note,change_log,honest_gap_note,missing_keywords,exp_verdict,exp_confidence,exp_required,exp_why,description_snippet
no,,,78,Product Manager – Technology & Product,gHRig People Solutions,"Gurugram, Haryana","https://www.glassdoor.co.in/job-listing/product-manager-technology-product-ghrig-people-solutions-JV_IC2921225_KO0,34_KE35,57.htm?jl=1010232060778&utm_campaign=google_jobs_apply&utm_source=google_jobs_apply&utm_medium=organic",58,60,99,strong,0.59,6/9,"requirement gathering, analytical, problem-solving, and project management skills, MS Excel, PowerPoint, MIS, and reporting tools","[{""need"": ""requirement gathering"", ""gain"": 3}, {""need"": ""analytical, problem-solving, and project management skills"", ""gain"": 3}, {""need"": ""MS Excel, PowerPoint, MIS, and reporting tools"", ""gain"": 3}, {""need"": ""Fintech/NBFC/Banking"", ""gain"": 1}]",,"{""skill_match"": 0.6344, ""experience_fit"": 1.0, ""domain"": 0.5, ""education"": 1.0, ""achievement"": 1, ""trajectory"": 1.0}",serpapi,aggregator,,,2 days ago,data/resumes/2026-08-19/gHRig_People_Solutions_Product_Manager_Technology_Product/Mehul_Agarwal.docx,data/resumes/2026-08-19/gHRig_People_Solutions_Product_Manager_Technology_Product/Mehul_Agarwal.pdf,"Product Manager with 4+ years of experience building digital lending products and managing end-to-end product delivery across the SDLC. Experienced in gathering requirements, translating business needs into technical specifications, and coordinating across stakeholders and engineering teams. Grounded in data with a Master's degree in Business Administration, bringing strong fintech domain expertise to technology and product initiatives.","[""Served as primary liaison between technical and business stakeholders, driving alignment on requirements and project status throughout the delivery lifecycle."", ""Owned end-to-end delivery — from concept and design through development, testing, deployment, and post-launch support — ensuring seamless product releases."", ""Wrote detailed product specifications and requirements in partnership with engineering teams to ensure aligned, on-time delivery.""]","[{""original"": ""• Own product strategy for Home Loan digital acquisition, translating business and credit-policy requirements into scalable lead-generation and qualification systems."", ""rewritten"": ""• Own product strategy for Home Loan digital acquisition, gathering business and credit-policy requirements and translating them into scalable lead-generation and qualification systems.""}, {""original"": ""• Lead product requirements for strategic NBFC and financial-institution partnerships, designing lead-exchange and commission workflows with legal, business, and tech teams."", ""rewritten"": ""• Coordinate product requirements for strategic NBFC and financial-institution partnerships, preparing lead-exchange and commission workflows with legal, business, and tech teams.""}, {""original"": ""• Define requirements and drive execution of digital campaign infrastructure across search, social, and paid channels to generate high-quality home loan demand."", ""rewritten"": ""• Prepare requirements and drive execution of digital campaign infrastructure across search, social, and paid channels to manage high-quality home loan demand.""}, {""original"": ""• Led development and management of digital platforms (app and web) for the Personal Loan product, growing user engagement 27% and user acquisition 14%."", ""rewritten"": ""• Managed development and management of digital platforms (app and web) for the Personal Loan product, growing user engagement 27% and user acquisition 14%.""}]","[""Product Management"", ""SDLC"", ""Stakeholder Management"", ""Fintech"", ""MS-Excel""]","[""Master's degree in Business Administration"", ""3-6 years of relevant experience in Product Management"", ""Good understanding of SDLC, requirement gathering, testing, implementation"", ""Experience in coordinating with technology teams and business stakeholders"", ""Experience in Fintech""]","[""Application Management / application support: CV shows app/web platform management and post-launch support, but does not explicitly mention IT application support."", ""Vendor coordination: CV shows coordination with partner institutions/NBFCs and technical teams, but does not explicitly mention external software vendor management.""]","[""Direct coordination with Synoriq"", ""User training and support for operational teams during implementations"", ""Preparing and monitoring MIS, dashboards, and reports as requested by this specific support/IT-adjacent function""]","Hi, I saw the Product Manager role at gHRig and wanted to connect. With 4+ years in fintech product management, I have driven end-to-end SDLC execution, requirement gathering, and cross-functional coordination. I'd love to bring my expertise to your product team.",Summary rewritten for this JD; 4 bullet(s) reworded to JD vocabulary (metrics preserved verbatim); Bullets reprioritized in: Product Manager; Skill items resequenced toward JD mentions,"The job description specifically requires coordination with Synoriq and external vendors for system issues, which is not supported by the CV.","manage, enhancements, system, coordinate, vendors, issues, prepare, projects, requirement, gathering, timely, multiple",good_fit,stated,3-6,"asks for 3-6 years, you have 4","Job Description
Position: Product Manager – Technology & Product


Department: Product


Location: Gurugram


Experience: 3–6 Years


Number of Positions: 1


CTC: Up to 10 LPA


Key Responsibilities:
Manage and coordinate technology products, application support, and product enhancements.
Own coordination with Synoriq, IT teams, and external vendors for system issues, developments, and enhancements.
Gather business requirements, prepare functional requirements, and coordinate with technology teams for implementation.
Manage projects through the SDLC, including requirement gathering, testing, UAT, implementation, and post-implementation support.
Track system issues, enhancements, and project deliverables to ensure timely closure.
Identify opportunities for process automation, system improvement, and operational efficiency.
Coordinate user training and support teams during new feature/product implementations.
Prepare and monitor MIS, dashboards, reports, and project status updates.
Work closely with Product, Business, Operations, IT, and other stakeholders to ensure successful project execution.
Manage multiple priorities and ensure timely delivery of technology and product initiatives.
Key Requirements:
Master's degree in Computer Science, IT, Engineering, Business Administration, or a related field.
3–6 years of relevant experience in Product Management, Technology Management, Business Analysis, IT Project Management, or Application Management.
Good understanding of SDLC, requirement gathering, testing, implementation, and system enhancements.
Experience in coordinating with technology teams, vendors, and business stakeholders.
Strong analytical, problem-solving, and project management skills.
Proficiency in MS Excel, PowerPoint, MIS, and reporting tools.
Excellent communication and stakeholder management skills.
Ability to translate business requirements into effective technology/product solutions.
Strong ownership, attention to detail, and ability to manage multi"
no,,,69,Partnership Manager — Strategic Alliances & Business Development,CredFlow,"New Delhi, Delhi",https://in.linkedin.com/jobs/view/partnership-manager-%E2%80%94-strategic-alliances-business-development-at-credflow-4454751527?utm_campaign=google_jobs_apply&utm_source=google_jobs_apply&utm_medium=organic,49,42,89,strong,0.35,1/5,"hunter DNA, cold outreach, negotiation and commercial thinking, pipeline management","[{""need"": ""hunter DNA"", ""gain"": 3}, {""need"": ""cold outreach"", ""gain"": 3}, {""need"": ""negotiation and commercial thinking"", ""gain"": 3}, {""need"": ""pipeline management"", ""gain"": 3}, {""need"": ""partner activation"", ""gain"": 1}]",,"{""skill_match"": 0.2167, ""experience_fit"": 1.0, ""domain"": 1, ""education"": 1.0, ""achievement"": 1, ""trajectory"": 1.0}",serpapi,aggregator,,,15 hours ago,data/resumes/2026-08-19/CredFlow_Partnership_Manager_Strategic_Alliances_/Mehul_Agarwal.docx,data/resumes/2026-08-19/CredFlow_Partnership_Manager_Strategic_Alliances_/Mehul_Agarwal.pdf,"Product Manager with 4+ years of fintech experience building digital lending products, driving end-to-end partner integrations, and managing strategic NBFC relationships at Bajaj Finance. Brings deep expertise in funnel optimization, stakeholder management, and cross-functional execution across product, business, and credit policy teams. Grounded in data analytics using Google Analytics and Looker Studio to track conversion metrics and acquisition ROI.","[""• Lead product requirements for strategic NBFC and financial-institution partnerships, designing lead-exchange and commission workflows with legal, business, and tech teams."", ""• Design and ship the MCP (Minimum Credit Parameters) Master and Lead Allocation Master — a rules engine that pre-qualifies leads and routes them to the right lending partner based on credit profile, eligibility, and business rules."", ""• Project 1 – Lead Quality & Allocation Optimization (MCP + Allocation Engine): Implemented MCP-based lead pre-qualification and built a rule-driven allocation engine to route leads to relevant partners, improving lead quality, partner match, and overall conversion efficiency, while optimizing acquisition ROI.""]","[{""original"": ""• Lead product requirements for strategic NBFC and financial-institution partnerships, designing lead-exchange and commission workflows with legal, business, and tech teams."", ""rewritten"": ""• Led product requirements for strategic NBFC and financial-institution partnerships, designing lead-exchange and commission workflows with legal, business, and tech teams to drive partnership execution.""}, {""original"": ""• Design and ship the MCP (Minimum Credit Parameters) Master and Lead Allocation Master — a rules engine that pre-qualifies leads and routes them to the right lending partner based on credit profile, eligibility, and business rules."", ""rewritten"": ""• Designed and shipped the MCP Master and Lead Allocation Master rules engine that pre-qualifies leads and routes them to lending partners based on credit profile, eligibility, and business rules.""}, {""original"": ""• Map and optimize the end-to-end digital home loan funnel — from awareness and lead generation through login, sanction, and disbursal — identifying drop-off points and prioritizing fixes."", ""rewritten"": ""• Mapped and optimized the end-to-end digital home loan funnel from awareness and lead generation through login, sanction, and disbursal, identifying drop-off points to maximize conversion efficiency.""}, {""original"": ""• Led development and management of digital platforms (app and web) for the Personal Loan product, growing user engagement 27% and user acquisition 14%."", ""rewritten"": ""• Led development and management of digital platforms for the Personal Loan product, growing user engagement 27% and user acquisition 14% through platform optimization.""}]","[""fintech"", ""partnerships"", ""NBFC"", ""lead funnel optimisation"", ""stakeholder management""]","[""Experience working with NBFCs and financial institutions"", ""Managing partner integrations and lead allocation workflows"", ""End-to-end funnel optimization and performance tracking""]","[""Partnership management: CV shows product-side management of NBFC and financial-institution partnerships and integrations, but does not explicitly demonstrate direct hunter-style business development or outbound cold calling as a primary BD role.""]","[""Direct B2B SaaS, DSA channel sales, or SME cashflow management OS partnership experience as requested by the posting.""]","Hi, I lead partner integrations and digital acquisition workflows at Bajaj Finance, managing NBFC partnerships and lead allocation engines. My experience scaling fintech platforms directly aligns with Credflow's ecosystem goals. Let's connect!",Summary rewritten for this JD; 4 bullet(s) reworded to JD vocabulary (metrics preserved verbatim); Skill groups reordered (Domain & Growth first); Skill items resequenced toward JD mentions,The CV demonstrates product-led partnership integrations and lending workflows at Bajaj Finance rather than outbound B2B sales or direct DSA network hunting.,"credflow, build, saas, fintechs, financial, ecosystem, lenders, dsas, someone, commerce, large, identify",good_fit,stated,2-6,"asks for 2-6 years, you have 4","About Credflow

Credflow is building the Cashflow Management OS for Indian SMEs — combining technology, financial services, and commerce to help businesses manage and unlock their working capital.

We work across SaaS, lending, embedded finance, and B2B commerce, with a large ecosystem of SMEs, lenders, fintechs, CAs, DSAs, and business networks.

We are looking for an exceptionally hungry Partnership Manager who can build this ecosystem aggressively.




------------------------------------------------------------------------




The Role

This is not a relationship-management role.




Your primary job is to hunt, build and activate new partnerships that generate business.




You will identify potential DSAs, fintechs, NBFCs, lenders, SaaS companies, CAs, distributors, SME platforms, associations and other ecosystem players, convince them to partner with Credflow, and turn those partnerships into a predictable source of business.




You will own the partnership funnel end-to-end:

Identify → Prospect → Reach Out → Pitch → Negotiate → Close → Activate → Generate Business → Scale




------------------------------------------------------------------------




What You Will Do




1. Hunt New Partners

Build and continuously expand a pipeline of potential partners.Identify high-potential DSAs, fintechs, lenders, financial distributors, CA networks, SaaS platforms, SME communities and other strategic channels.Research companies, map decision-makers and find the right entry points.Proactively reach out through calls, LinkedIn, email, WhatsApp, events and industry networks.Think beyond obvious partnership categories and discover unconventional distribution opportunities.


2. Close Partnerships

Pitch Credflow's products and partnership proposition to senior decision-makers.Understand the partner's business model, incentives and pain points.Structure mutually beneficial commercial arrangements.Negotiate commercials, processes, SLAs and operating models.Drive partnersh"
no,,,64,AI Performance Marketing Manager - Healthcare E-commerce,Multiplier AI Limited,"Kyasaram, Hyderabad",https://www.adzuna.in/details/5847084518?utm_medium=api&utm_source=195aa6d0,44,35,80,competitive,0.32,1/2,AI-first marketing or analytics experience,"[{""need"": ""AI-first marketing or analytics experience"", ""gain"": 9}, {""need"": ""Healthcare or Lifesciences sector experience"", ""gain"": 3}, {""need"": ""E-commerce domain expertise"", ""gain"": 3}]",Unverifiable mandatory gate — confirm manually: Onsite work in Hyderabad,"{""skill_match"": 0.4746, ""experience_fit"": 1.0, ""domain"": 0, ""education"": 1.0, ""achievement"": 1, ""trajectory"": 1.0}",adzuna,aggregator,,,2026-08-18T23:16:56Z,data/resumes/2026-08-19/Multiplier_AI_Limited_AI_Performance_Marketing_Manager_Healthc/Mehul_Agarwal.docx,data/resumes/2026-08-19/Multiplier_AI_Limited_AI_Performance_Marketing_Manager_Healthc/Mehul_Agarwal.pdf,"Product Manager with 4+ years of experience in fintech building digital lending products, managing digital acquisition stacks, and defining requirements for digital campaigns across search, social, and paid channels. Grounded in data, uses Google Analytics, CleverTap, and Looker Studio to validate decisions, prioritize roadmaps, and optimize conversion funnels. Brings strong cross-functional leadership partnering with business, credit, engineering, and design teams to drive execution and delivery. MBA in Marketing & Strategy from the Delhi School of Economics.","[""Define requirements and drive execution of digital campaign infrastructure across search, social, and paid channels to generate high-quality home loan demand."", ""Map and optimize the end-to-end digital home loan funnel — from awareness and lead generation through login, sanction, and disbursal — identifying drop-off points and prioritizing fixes."", ""Managed Instagram Ads and Facebook Ads campaigns, optimizing ad copy and targeting to reduce cost-per-click by 58% and increase ROI by 35%.""]","[{""original"": ""Define requirements and drive execution of digital campaign infrastructure across search, social, and paid channels to generate high-quality home loan demand."", ""rewritten"": ""Define requirements and drive execution of performance marketing campaign infrastructure across search, social, and paid channels to generate high-quality demand.""}, {""original"": ""Map and optimize the end-to-end digital home loan funnel — from awareness and lead generation through login, sanction, and disbursal — identifying drop-off points and prioritizing fixes."", ""rewritten"": ""Map and optimize the end-to-end digital funnel — from awareness and lead generation through conversion — identifying drop-off points and prioritizing fixes.""}, {""original"": ""Managed Instagram Ads and Facebook Ads campaigns, optimizing ad copy and targeting to reduce cost-per-click by 58% and increase ROI by 35%."", ""rewritten"": ""Managed performance marketing campaigns across Instagram and Facebook, optimizing ad copy and targeting to reduce cost-per-click by 58% and increase ROI by 35%.""}]","[""Performance Marketing"", ""Lead Funnel Optimisation"", ""Google Analytics"", ""A/B Testing""]","[""Experience range (4+ years of professional experience)"", ""Performance marketing campaign execution and optimization (Facebook/Google Ads)""]","[""Marketing stack experience: CV shows digital acquisition and performance marketing tools like Google Analytics and CleverTap, but lacks direct e-commerce industry experience.""]","[""Healthcare industry experience"", ""AI-first marketing platforms / Lifesciences sector experience"", ""E-commerce domain background""]","Hi, I saw your opening for the AI Performance Marketing Manager role. With 4+ years of product and acquisition experience at Bajaj Finance, I have driven digital campaign infrastructure, performance marketing, and lead funnel optimization. Would love to connect.",Summary rewritten for this JD; 3 bullet(s) reworded to JD vocabulary (metrics preserved verbatim); Skill groups reordered (Analytics & Tools first); Skill items resequenced toward JD mentions,The CV lacks healthcare or e-commerce industry experience and AI-first marketing platform background.,"healthcare, multiplier, ai-first, title, e-commerce, location, hyderabad, mode, onsite, office, rated, lifesciences",good_fit,stated,4-7,"asks for 4-7 years, you have 4","Job Title: AI Performance Marketing Manager - Healthcare E-commerce Experience: 4– 7 Years Location: Hyderabad Work Mode: Onsite (Work from Office) About the Company Multiplier AI is an AI-first healthcare marketing and analytics company. Multiplier AI is India's 1 rated company for AI in Lifesciences, working with top global clients such as GSK, Abbott, Galderma, Eli Lilly, Merck, Cipla, and Sun Pharma. Job Summary We’re on the lookout for a high-impact, AI-first Performance Marketing Manager …"
no,,,62,Associate Technical Program Manager,razorpaysoftwareprivatelimited,Bengaluru,https://job-boards.greenhouse.io/razorpaysoftwareprivatelimited/jobs/4723029005,42,37,80,competitive,0.38,1/4,"6 months+ working as a project manager or program manager in software or related industries, In-depth technical understanding of the agile software development lifecycle, Strong verbal & written communication and presentation skills","[{""need"": ""6 months+ working as a project manager or program manager in software or related industries"", ""gain"": 5}, {""need"": ""In-depth technical understanding of the agile software development lifecycle"", ""gain"": 5}, {""need"": ""Strong verbal & written communication and presentation skills"", ""gain"": 5}, {""need"": ""Program planning and execution"", ""gain"": 3}, {""need"": ""Data-driven decision making"", ""gain"": 3}]",,"{""skill_match"": 0.2289, ""experience_fit"": 1.0, ""domain"": 0.5, ""education"": 1.0, ""achievement"": 1, ""trajectory"": 1.0}",greenhouse,direct,,,2026-08-18T08:11:00-04:00,data/resumes/2026-08-19/razorpaysoftwareprivatelimited_Associate_Technical_Program_Manager/Mehul_Agarwal.docx,data/resumes/2026-08-19/razorpaysoftwareprivatelimited_Associate_Technical_Program_Manager/Mehul_Agarwal.pdf,"Product Manager with 4+ years building digital lending products and credit systems in fintech, partnering with engineering and design through sprint planning, backlog grooming, and specs. Experienced in managing cross-functional delivery lifecycles, defining requirements, and aligning technical and business stakeholders across digital platforms. Grounded in data using tools like Google Analytics, CleverTap, and Azure DevOps to track user behavior and KPIs.","[""Served as primary liaison between technical and business stakeholders, driving alignment on requirements and project status throughout the delivery lifecycle."", ""Wrote detailed product specifications and requirements in partnership with engineering teams to ensure aligned, on-time delivery."", ""Owned end-to-end delivery — from concept and design through development, testing, deployment, and post-launch support — ensuring seamless product releases.""]","[{""original"": ""Served as primary liaison between technical and business stakeholders, driving alignment on requirements and project status throughout the delivery lifecycle."", ""rewritten"": ""Acted as primary liaison between technical and business stakeholders, driving alignment on requirements, project status, and milestones across the delivery lifecycle.""}, {""original"": ""Wrote detailed product specifications and requirements in partnership with engineering teams to ensure aligned, on-time delivery."", ""rewritten"": ""Authored detailed product specifications and requirements in close partnership with engineering teams to ensure aligned, on-time technical delivery.""}, {""original"": ""Owned end-to-end delivery — from concept and design through development, testing, deployment, and post-launch support — ensuring seamless product releases."", ""rewritten"": ""Managed end-to-end delivery of technical products — from concept and design through development, testing, deployment, and post-launch support — ensuring seamless releases.""}, {""original"": ""• Own product strategy for Home Loan digital acquisition, translating business and credit-policy requirements into\nscalable lead-generation and qualification systems."", ""rewritten"": ""Directed product strategy for Home Loan digital acquisition, translating complex business requirements into scalable lead-generation and qualification systems.""}]","[""Agile/Scrum"", ""Azure DevOps"", ""Stakeholder Management"", ""Release Management"", ""SDLC""]","[""Cross-functional stakeholder management and alignment between technical and business groups"", ""End-to-end product/program delivery lifecycle management"", ""Strong verbal and written communication skills working with developers and leaders""]","[""Technical role experience: CV shows 4+ years in product management working closely with engineering and writing technical specs, but lacks a formal title explicitly containing 'Technical Program Manager'."", ""Agile/Scrum and release management: CV lists Agile/Scrum, Azure DevOps, and release management in skills, but does not explicitly detail multi-project program scheduling at massive scale.""]","[""Direct professional experience working as a dedicated Project Manager or Program Manager in software development for 6+ months under that specific title.""]","Hi, I saw Razorpay's Associate TPM opening and wanted to connect. With 4+ years managing end-to-end software delivery and cross-functional engineering execution in fintech at Bajaj Finance, I bring strong SDLC and stakeholder alignment experience. Would love to discuss how I can help drive your engineering programs.",Summary rewritten for this JD; 4 bullet(s) reworded to JD vocabulary (metrics preserved verbatim); Skill items resequenced toward JD mentions,The CV does not show 6+ months of formal experience holding a dedicated Project Manager or Program Manager title.,"program, razorpay, financial, businesses, money, payments, scale, nbsp, programs, powering, make, ecosystem",good_fit,stated,2-5,"asks for 2-5 years, you have 4","Razorpay is one of India’s leading full-stack financial technology companies, powering the way businesses move, manage, and grow money. Founded in 2014 by Harshil Mathur and Shashank Kumar with a simple vision - to simplify payments for Indian businesses - we’ve since grown into a fintech powerhouse driving India’s digital payment revolution. Razorpay powers millions of businesses with a smarter, scalable stack that goes beyond transactions to help them truly build and grow. From building AI-native agentic payments, to AI-assisted fraud detection and real-time risk intelligence to automated reconciliation, smart payouts, and predictive financial insights, we are embedding intelligence across our stack to make money movement faster, safer, and more efficient. In close collaboration with ecosystem partners - including banks, networks, regulators - we are pioneering industry-first solutions that are shaping the next era of fintech Across India, Singapore and Malaysia, our products span everything from seamless checkouts to payroll automation - powering a fintech ecosystem that’s redefining how money moves across Asia. Today, that ecosystem supports everyone from early-stage startups to some of India’s largest enterprises, enabling them to accept, process, and disburse payments at scale while expanding into new ways of managing money more efficiently. Our scale speaks volumes: Razorpay processes $180+ billion in annualized transactions, powering leading businesses like Airbnb, Facebook, WhatsApp, Airtel, CRED, BookmyShow, Zomato, Swiggy, Lenskart, Mirae Asset Capital markets, Indian Oil, National Pension Scheme - and over 100 of India’s unicorns. With strong roots in India and growing operations in Southeast Asia, we are shaping the next chapter of financial technology across the region. We are backed by global investors including GIC, Peak XV Partners (formerly Sequoia Capital India &amp; SEA), Tiger Global, Ribbit Capital, Matrix Partners, MasterCard, and Salesforce V"
no,,,61,Product Manager II,meesho,"Bangalore, Karnataka",https://jobs.lever.co/meesho/e4aba1e5-ef86-4c50-8985-2e46ff688354,35,29,58,borderline,0.08,0/0,,"[{""need"": ""software engineering"", ""gain"": 6}, {""need"": ""category management"", ""gain"": 6}, {""need"": ""operations"", ""gain"": 6}]",,"{""skill_match"": 0.485, ""experience_fit"": 0.85, ""domain"": 0, ""education"": 1.0, ""achievement"": 1, ""trajectory"": 1.0}",lever,direct,,,1772174883682,data/resumes/2026-08-19/meesho_Product_Manager_II/Mehul_Agarwal.docx,data/resumes/2026-08-19/meesho_Product_Manager_II/Mehul_Agarwal.pdf,"Product Manager with 4+ years of experience building digital lending platforms, driving user acquisition, engagement, and cross-functional product delivery at Bajaj Finance. Proven track record of mapping end-to-end funnels, reducing drop-off rates by 40%, and using data analytics like Google Analytics and CleverTap to prioritize product roadmaps. Operates with a strong bias for action, aligning business, credit policy, engineering, and UX design teams to scale product solutions from concept to post-launch.","[""Led development and management of digital platforms (app and web) for the Personal Loan product, growing user engagement 27% and user acquisition 14%."", ""Map and optimize the end-to-end digital home loan funnel — from awareness and lead generation through login, sanction, and disbursal — identifying drop-off points and prioritizing fixes."", ""Partnered with UI/UX designers to streamline the application experience, cutting user drop-off rates 40%.""]","[{""original"": ""Led development and management of digital platforms (app and web) for the Personal Loan product, growing user engagement 27% and user acquisition 14%."", ""rewritten"": ""Led development and management of digital platforms (app and web) for the Personal Loan product, driving customer growth and engagement by 27% and user acquisition 14%.""}, {""original"": ""Map and optimize the end-to-end digital home loan funnel — from awareness and lead generation through login, sanction, and disbursal — identifying drop-off points and prioritizing fixes."", ""rewritten"": ""Executed problem discovery and delivery by mapping and optimizing the end-to-end digital home loan funnel — from awareness and lead generation through login, sanction, and disbursal — identifying drop-off points and prioritizing fixes.""}, {""original"": ""Used Google Analytics and CleverTap to track user behaviour and KPIs, driving data-informed decisions that lifted conversion rates 23%."", ""rewritten"": ""Used Google Analytics and CleverTap to understand user behavior and track KPIs, driving data-informed decisions that lifted conversion rates 23%.""}, {""original"": ""Spearheaded the complete redesign of the personal loan application process on both app and web platforms, resulting in a 15% reduction in application completion time and a 30% increase in completed applications."", ""rewritten"": ""Spearheaded the complete redesign of the personal loan application process on app and web platforms with a user-first mindset, resulting in a 15% reduction in application completion time and a 30% increase in completed applications.""}]","[""Product Management"", ""Agile/Scrum"", ""Stakeholder Management"", ""UX Design"", ""A/B Testing""]","[""Cross-functional collaboration with engineering, UX design, marketing, and operations"", ""High degree of autonomy and bias for action in problem discovery and delivery"", ""Experience solving high-impact product problems in fast-paced environments""]","[""Bringing a new product to life: CV demonstrates launching a microfinance loan product and AI voice assist, though primarily within fintech rather than e-commerce.""]","[""E-commerce industry domain experience in Tier 2/3/4 towns"", ""Category management experience""]","Hi, I'm a Product Manager with 4+ years of experience scaling digital platforms and optimizing acquisition funnels at Bajaj Finance, where I cut drop-offs by 40% and grew engagement by 27%. I'd love to bring my cross-functional execution and user-first mindset to Meesho's product team. Let's connect!",Summary rewritten for this JD; 3 bullet(s) reworded to JD vocabulary (metrics preserved verbatim); Bullets reprioritized in: Product Manager,"The JD expects e-commerce industry background and experience in Tier 2/3/4 town customer behavior, whereas the candidate's background is entirely in fintech digital lending.","love, meesho, closely, because, obsess, driven, impact, resembles, rocketship, understanding, customer, been",good_fit,inferred,6-10,"asks for 6-10 years, you have 4","About the Team 
 
Product Management in Meesho closely resembles our rocketship growth. Because we obsess over understanding customer behaviour, we’ve been able to carve out an e-commerce niche in Tier 2/3/4 towns in Bharat. Our business growth is testimony to a singular focus on how we think of ‘product’ for our unique customers - ones that have barely shopped online, but are now able to because of Meesho.
 
Fun fact: Nearly 7% of India’s households shop with us. 😉
 
We are driven by a ‘user-first’ mindset. We have a strong bias for action. Above all, our team is driven by impact, not features. We drive ‘problem discovery’ & delivery - not only obsess over “what to build”, but execute with rigour to create impact.
 
But there’s more – we love to have fun as much as we love to work hard. From movie buffs to sportspersons, we have a super cool team. So, if a game of badminton after a day of brainstorming at work sounds like something you would love to do, then join us!
 
About the Role
 
We are looking for a Product Manager 2 who is passionate about solving high-impact problems in a fast-paced start-up environment with a high degree of autonomy. This is inherently a cross-functional leadership role where you will work closely with teams such as software engineering, UX design, category management, marketing, operations, finance, etc. to bring a new product to life."
no,,,60,Partnerships Manager,NEPRA,"Bangalore, Karnataka",https://www.adzuna.in/details/5847540749?utm_medium=api&utm_source=195aa6d0,47,58,69,competitive,0.26,1/3,"Building strategic alliances, Scaling a partner ecosystem","[{""need"": ""Building strategic alliances"", ""gain"": 8}, {""need"": ""Scaling a partner ecosystem"", ""gain"": 8}, {""need"": ""Ecosystem scaling"", ""gain"": 4}]",,"{""skill_match"": 0.4444, ""experience_fit"": 0.85, ""domain"": 0, ""education"": 1.0, ""achievement"": 1, ""trajectory"": 1.0}",adzuna,aggregator,,,2026-08-19T05:48:25Z,data/resumes/2026-08-19/NEPRA_Partnerships_Manager/Mehul_Agarwal.docx,data/resumes/2026-08-19/NEPRA_Partnerships_Manager/Mehul_Agarwal.pdf,"Product Manager with 4+ years of fintech experience building digital acquisition stacks, shaping partnership strategy, and managing strategic NBFC and financial-institution alliances. Experienced in defining partnership requirements, designing lead-exchange workflows with legal, business, and tech teams, and scaling partner ecosystems. Currently leading Home Loan digital acquisition and partnership strategies at Bajaj Finance.","[""Lead product requirements for strategic NBFC and financial-institution partnerships, designing lead-exchange and commission workflows with legal, business, and tech teams."", ""Own product strategy for Home Loan digital acquisition, translating business and credit-policy requirements into scalable lead-generation and qualification systems."", ""Design and ship the MCP (Minimum Credit Parameters) Master and Lead Allocation Master — a rules engine that pre-qualifies leads and routes them to the right lending partner based on credit profile, eligibility, and business rules.""]","[{""original"": ""Lead product requirements for strategic NBFC and financial-institution partnerships, designing lead-exchange and commission workflows with legal, business, and tech teams."", ""rewritten"": ""Drive execution and product requirements for strategic NBFC and financial-institution partnerships, building and managing lead-exchange and commission workflows with legal, business, and tech teams to scale partner ecosystems.""}, {""original"": ""Project 1 – Lead Quality & Allocation Optimization (MCP + Allocation Engine): Implemented MCP-based lead pre-qualification and built a rule-driven allocation engine to route leads to relevant partners, improving lead quality, partner match, and overall conversion efficiency, while optimizing acquisition ROI."", ""rewritten"": ""Project 1 – Lead Quality & Allocation Optimization (MCP + Allocation Engine): Implemented MCP-based lead pre-qualification and built a rule-driven allocation engine to route leads to relevant partners, driving partnership growth, improving partner match and conversion efficiency, and optimizing acquisition ROI.""}]","[""Partnership Strategy"", ""Stakeholder Management"", ""Partner Integrations"", ""Strategic Alliances""]","[""Defining and executing partnerships strategy"", ""Building strategic alliances and partner ecosystems"", ""Stakeholder management across business, legal, and tech teams""]","[""Scaling a partner ecosystem: CV shows managing NBFC/financial-institution partnerships and lead-exchange workflows at Bajaj Finance, but does not explicitly document regional scale across the Middle East and SEA region."", ""Driving sustainable revenue growth through partnerships: CV demonstrates partnership-driven lead-exchange workflows and commission structures, but revenue growth metrics for partnerships are not specified.""]","[""Experience driving partnerships growth specifically across the Middle East and SEA region""]","Hi, I manage strategic financial-institution partnerships and digital acquisition stacks at Bajaj Finance, leading lead-exchange workflows and alliance strategies. I'd love to bring this partner ecosystem experience to Nepra's partnership team.",Summary rewritten for this JD; 1 bullet(s) reworded to JD vocabulary (metrics preserved verbatim); Bullets reprioritized in: Product Manager - Home Loan; Skill groups reordered (Product & Delivery first),"The job description requires experience accelerating growth across the Middle East and SEA region, which is not supported by the candidate's CV.","build, execute, nepra, believe, lever, just, sales, channel, mission, scale, ecosystem, drives",unknown,unknown,,no experience requirement found in the available text,"At Nepra, we believe partnerships are a strategic growth lever—not just a sales channel. As the Partnership Manager, your mission is to build and scale a partner ecosystem that drives sustainable revenue growth, expands our market reach, and strengthens our leadership in India. You will define and execute our partnerships strategy and build strategic alliances that accelerate growth across the Middle East and SEA region. What You'll Own: Partnership Strategy & Growth Define and execute partners…"
no,,,55,"Product Owner, Retail Payments",Standard Chartered India,"Bengaluru, Karnataka",https://in.linkedin.com/jobs/view/product-owner-retail-payments-at-standard-chartered-india-4454477773?utm_campaign=google_jobs_apply&utm_source=google_jobs_apply&utm_medium=organic,38,32,81,competitive,0.64,2/7,"Enterprise Change Delivery, Payments Schemes & Network Knowledge (ISO messaging standards, SWIFT GPI & RTGS networks), Regulatory and Compliance Fluency (Understanding of financial crime, FATF travel rules, AML guidelines), Understanding of payment capabilities, payment schemes, network association, digital products and financials drivers, Strong understanding of Agile principles and methodologies","[{""need"": ""Enterprise Change Delivery"", ""gain"": 4}, {""need"": ""Payments Schemes & Network Knowledge (ISO messaging standards, SWIFT GPI & RTGS networks)"", ""gain"": 4}, {""need"": ""Regulatory and Compliance Fluency (Understanding of financial crime, FATF travel rules, AML guidelines)"", ""gain"": 4}, {""need"": ""Understanding of payment capabilities, payment schemes, network association, digital products and financials drivers"", ""gain"": 4}, {""need"": ""Strong understanding of Agile principles and methodologies"", ""gain"": 4}]",,"{""skill_match"": 0.3672, ""experience_fit"": 0.6, ""domain"": 0.25, ""education"": 1.0, ""achievement"": 1, ""trajectory"": 1.0}",serpapi,aggregator,,,23 hours ago,data/resumes/2026-08-19/Standard_Chartered_India_Product_Owner_Retail_Payments/Mehul_Agarwal.docx,data/resumes/2026-08-19/Standard_Chartered_India_Product_Owner_Retail_Payments/Mehul_Agarwal.pdf,"Product Manager with 4+ years building digital lending and fintech products, owning end-to-end product delivery from backlog prioritization to stakeholder alignment. Grounded in data, uses analytics tools to track performance, optimize funnels, and drive agile execution across cross-functional teams. Brings experience managing product lifecycles, user requirements, and platform enhancements to scale digital products.","[""• Served as primary liaison between technical and business stakeholders, driving alignment on requirements and project status throughout the delivery lifecycle."", ""• Wrote detailed product specifications and requirements in partnership with engineering teams to ensure aligned, on-time delivery."", ""• Owned end-to-end delivery — from concept and design through development, testing, deployment, and post-launch support — ensuring seamless product releases.""]","[{""original"": ""• Own product strategy for Home Loan digital acquisition, translating business and credit-policy requirements into scalable lead-generation and qualification systems."", ""rewritten"": ""• Own product strategy and backlog definition for Home Loan digital acquisition, translating business and credit-policy requirements into scalable lead-generation and qualification systems.""}, {""original"": ""• Used Google Analytics and CleverTap to track user behaviour and KPIs, driving data-informed decisions that lifted conversion rates 23%."", ""rewritten"": ""• Used Google Analytics and CleverTap to track user behaviour and performance metrics, driving data-informed decisions that lifted conversion rates 23%.""}, {""original"": ""• Lead product requirements for strategic NBFC and financial-institution partnerships, designing lead-exchange and commission workflows with legal, business, and tech teams."", ""rewritten"": ""• Lead product requirements for strategic NBFC and financial-institution partnerships, collaborating with cross-functional stakeholders to design lead-exchange and commission workflows.""}, {""original"": ""• Map and optimize the end-to-end digital home loan funnel — from awareness and lead generation through login, sanction, and disbursal — identifying drop-off points and prioritizing fixes."", ""rewritten"": ""• Map and optimize the end-to-end digital home loan funnel — from awareness and lead generation through login, sanction, and disbursal — reviewing drop-off points and prioritizing fixes.""}]","[""agile"", ""customer"", ""value"", ""review"", ""identify""]","[""End-to-end product delivery and lifecycle management"", ""Backlog prioritization and stakeholder management"", ""Agile/Scrum framework execution"", ""Data-driven decision making and performance tracking""]","[""Product Owner experience: CV demonstrates Product Manager experience with backlog grooming and sprint planning rather than the title of Product Owner."", ""Retail payments domain: CV is entirely focused on digital lending and fintech acquisition stacks rather than retail payments, cards, or deposits.""]","[""Specific expertise in retail payments, payment schemes, network associations (SWIFT, ISO messaging, RTGS), and cross-border payment use cases"", ""8+ years of total professional experience (CV has 4+ years)""]","Hi, I lead digital product delivery and end-to-end customer journey optimization at Bajaj Finance, managing agile backlogs and cross-functional execution. My background scaling digital acquisition stacks and using data analytics aligns well with product ownership needs. Would love to connect about the Retail Payments PO role.",Summary rewritten for this JD; 4 bullet(s) reworded to JD vocabulary (metrics preserved verbatim); Bullets reprioritized in: Product Manager; Skill items resequenced toward JD mentions,"The CV does not demonstrate experience in the retail payments domain, payment schemes, ISO messaging standards, SWIFT/RTGS networks, or the required 8+ years of experience.","squad, identify, customer, value, review, agile, culture, capabilities, payment, hive, continuous, improvement",stretch,stated,8+,asks for 8+ years vs your 4,"Job Summary

The Product Owner (PO) is a sole person (not a committee), who is responsible for owning the end-to-end customer journeys and product vision & lifecycle. They have a delegated authority and empowerment to prioritize the product backlog to maximize the value of our products or services for both our customers and our business. Their core ethos is to make informed decisions to ensure each investment decision results in the maximum (as measured by OKRs) outcome balancing both short-medium- and long-term horizons.

Key Responsibilities

 Collaborate with stakeholders to define and maintain a clear product vision and roadmap that aligns with the Hive’s and Bank’s objectives. Own and prioritize the squad’s backlog, ensuring user stories are well-defined, refined and aligned to product roadmap, achieving Hive/Domain’s strategic outcome and scorecard priorities. Align business stakeholders and technology partners to ensure a clear common objective. Ensure the squad understand the why, the purpose and the mission. Lead the squad to deliver relevant and impactful features balancing quality and speed. Be an active participant in Agile ceremonies and foster a culture of continuous improvement together. Own the overall product quality and outcomes by adoption key agile processes (e.g. DOR & DOD) Have awareness and understanding of the regulatory framework in which the Group operates, and the regulatory requirements and expectations relevant to the role. Proactively and courageously identify, analyse, and steer solutions on organizational impediments and constraints to productivity, quality, early risk mitigation, and continuous delivery of value. Display exemplary conduct and live by the Group’s Values and Code of Conduct.

Product Leadership, Engagement & Strategy

 Champion the voice of the customer Build and maintain close rapport with key stakeholders ie Hive Lead, Domain Tech Lead, Engineering Lead, UI/UX Designers, Business stakeholders to influence outcomes. W"
no,,,55,Project Manager,Qpisemi,"Bangalore, Karnataka",https://www.adzuna.in/land/ad/5840225020?se=5kdvW4Kb8RGofthPKnR1kQ&utm_medium=api&utm_source=195aa6d0&v=35118F1753932F6B985BB9E52CE4C963362BDABA,42,57,47,borderline,0.12,1/2,Cross-functional program coordination,"[{""need"": ""Cross-functional program coordination"", ""gain"": 6}, {""need"": ""Equipment/fab operations"", ""gain"": 3}, {""need"": ""Supply chain"", ""gain"": 3}, {""need"": ""Semiconductor design"", ""gain"": 2}, {""need"": ""Fabrication"", ""gain"": 2}]",,"{""skill_match"": 0.3529, ""experience_fit"": 0.85, ""domain"": 0, ""education"": 1.0, ""achievement"": 0.8571, ""trajectory"": 1.0}",adzuna,aggregator,,,2026-08-13T16:19:27Z,data/resumes/2026-08-19/Qpisemi_Project_Manager/Mehul_Agarwal.docx,data/resumes/2026-08-19/Qpisemi_Project_Manager/Mehul_Agarwal.pdf,"Product Manager with over 4 years of experience building digital products and leading cross-functional delivery from concept through deployment. Proven track record of managing end-to-end program lifecycles, partnering with technical and business stakeholders, and driving on-time execution. Grounded in data and rigorous requirement definition to ensure operational efficiency and project success.","[""Served as primary liaison between technical and business stakeholders, driving alignment on requirements and project status throughout the delivery lifecycle."", ""Owned end-to-end delivery — from concept and design through development, testing, deployment, and post-launch support — ensuring seamless product releases."", ""Wrote detailed product specifications and requirements in partnership with engineering teams to ensure aligned, on-time delivery.""]","[{""original"": ""Served as primary liaison between technical and business stakeholders, driving alignment on requirements and project status throughout the delivery lifecycle."", ""rewritten"": ""Served as primary liaison between technical and business stakeholders, driving cross-functional alignment on requirements and project status throughout the delivery lifecycle.""}, {""original"": ""Owned end-to-end delivery — from concept and design through development, testing, deployment, and post-launch support — ensuring seamless product releases."", ""rewritten"": ""Managed cross-functional program delivery end-to-end — from concept and design through development, testing, deployment, and post-launch support — ensuring seamless product releases.""}]","[""Cross-functional"", ""Stakeholder Management"", ""SDLC"", ""Agile/Scrum"", ""Release Management""]","[""Cross-functional coordination"", ""End-to-end project and program delivery"", ""Stakeholder management""]","[""Project management experience is present through 4+ years of product management and delivery execution, but lacks specific semiconductor, fabrication, packaging, and high-volume manufacturing domain experience.""]","[""Semiconductor design, fabrication, packaging, and test operations experience"", ""High-volume manufacturing (HVM) operations coordination"", ""Process engineering, equipment/fab operations, and supply chain management in hardware/semiconductors""]","Hi, I lead cross-functional digital programs and end-to-end product delivery with 4+ years of experience aligning engineering, design, and business teams. I'd love to discuss how my execution and project management skills fit your team at Qpisemi.",Summary rewritten for this JD; 2 bullet(s) reworded to JD vocabulary (metrics preserved verbatim); Bullets reprioritized in: Product Manager,"The JD asks for experience in semiconductor design, fabrication, packaging, test operations, and high-volume manufacturing (HVM), which is entirely outside the candidate's fintech and digital lending background.","seeking, experienced, cross-functional, programs, semiconductor, fabrication, packaging, test, ideal, projects, high-volume, manufacturing",unknown,unknown,,no experience requirement found in the available text,"Role Summary We are seeking an experienced Project Manager to lead cross-functional programs across our semiconductor design, fabrication, packaging, and test operations. The ideal candidate will drive projects from concept through high-volume manufacturing (HVM), coordinating tightly with process engineering, equipment/fab operations, supply chain, and quality teams to deliver new products, process nodes, or capacity expansions on time, within budget, and to yield/quality targets. Key Responsi…"
no,,,54,Senior Product Manager,Freshworks,"Chennai, in",https://jobs.smartrecruiters.com/freshworks/744000143979450,57,80,41,borderline,0.08,0/0,,"[{""need"": ""senior product"", ""gain"": 12}, {""need"": ""manager senior"", ""gain"": 12}]",,"{""skill_match"": 0.3333, ""experience_fit"": 0.85, ""domain"": 0, ""education"": 1.0, ""achievement"": 0.8571, ""trajectory"": 1.0}",smartrecruiters,aggregator,,,2026-08-18T04:39:36.352Z,data/resumes/2026-08-19/Freshworks_Senior_Product_Manager/Mehul_Agarwal.docx,data/resumes/2026-08-19/Freshworks_Senior_Product_Manager/Mehul_Agarwal.pdf,"Product Manager with 4+ years building digital lending products in fintech, currently owning the Home Loan digital acquisition stack at Bajaj Finance. Experienced across strategic roadmap planning, partnership strategy, sprint planning, and backlog grooming with Engineering and Design. Grounded in data, uses Google Analytics, CleverTap, and Looker Studio to validate decisions and prioritize the product roadmap.","[""Own product strategy for Home Loan digital acquisition, translating business and credit-policy requirements into scalable lead-generation and qualification systems."", ""Led development and management of digital platforms (app and web) for the Personal Loan product, growing user engagement 27% and user acquisition 14%."", ""Design and ship the MCP (Minimum Credit Parameters) Master and Lead Allocation Master — a rules engine that pre-qualifies leads and routes them to the right lending partner based on credit profile, eligibility, and business rules.""]","[{""original"": ""Own product strategy for Home Loan digital acquisition, translating business and credit-policy requirements into scalable lead-generation and qualification systems."", ""rewritten"": ""Own product strategy and roadmap for Home Loan digital acquisition, translating business and credit-policy requirements into scalable lead-generation and qualification systems.""}, {""original"": ""Led development and management of digital platforms (app and web) for the Personal Loan product, growing user engagement 27% and user acquisition 14%."", ""rewritten"": ""Led product development and management of digital platforms (app and web) for the Personal Loan product, growing user engagement 27% and user acquisition 14%.""}, {""original"": ""Map and optimize the end-to-end digital home loan funnel — from awareness and lead generation through login, sanction, and disbursal — identifying drop-off points and prioritizing fixes."", ""rewritten"": ""Map and optimize the end-to-end digital home loan funnel across product lifecycles — from awareness and lead generation through login, sanction, and disbursal — identifying drop-off points and prioritizing fixes.""}, {""original"": ""Served as primary liaison between technical and business stakeholders, driving alignment on requirements and project status throughout the delivery lifecycle."", ""rewritten"": ""Served as primary liaison between technical and business stakeholders, driving alignment on product requirements and project status throughout the delivery lifecycle.""}]","[""Product Management"", ""Product Road-mapping"", ""Agile/Scrum"", ""Stakeholder Management"", ""SDLC""]","[""Product management experience"", ""Stakeholder management and cross-functional leadership"", ""Roadmapping and execution experience""]","[""Product leadership (candidate has 4+ years of product management experience, but the JD asks for a Senior Product Manager role and the CV does not show the 'Senior' title)""]","[""Specific domain expertise or SaaS product experience matching Freshworks' exact product ecosystem""]","Hi, I'm a Product Manager with 4+ years building digital lending products at Bajaj Finance, currently owning the Home Loan digital acquisition stack and driving roadmap execution. I'd love to bring my experience scaling digital platforms and leading cross-functional delivery to Freshworks.",Summary rewritten for this JD; 4 bullet(s) reworded to JD vocabulary (metrics preserved verbatim); Bullets reprioritized in: Product Manager - Home Loan,The job description is truncated and does not provide specific technical or domain requirements to compare against the candidate's CV.,senior,good_fit,inferred,6-10,"asks for 6-10 years, you have 4",Senior Product Manager
no,,,52,Senior Product Manager,Freshworks,"Chennai, Tamil Nadu",https://www.adzuna.in/details/5846830083?utm_medium=api&utm_source=195aa6d0,39,37,41,borderline,0.14,0/0,,"[{""need"": ""module ownership"", ""gain"": 9}, {""need"": ""customer empathy"", ""gain"": 9}, {""need"": ""cross-functional collaboration between customer and engineering teams"", ""gain"": 9}]",,"{""skill_match"": 0.25, ""experience_fit"": 0.85, ""domain"": 0, ""education"": 1.0, ""achievement"": 1, ""trajectory"": 1.0}",adzuna,aggregator,,,2026-08-18T19:38:35Z,data/resumes/2026-08-19/Freshworks_Senior_Product_Manager/Mehul_Agarwal.docx,data/resumes/2026-08-19/Freshworks_Senior_Product_Manager/Mehul_Agarwal.pdf,"Product Manager with 4+ years of experience building digital products in fintech, currently owning the Home Loan digital acquisition stack at Bajaj Finance. Proven track record of taking ownership of end-to-end modules, translating requirements into scalable systems, and collaborating with engineering teams. Grounded in data, uses analytics to validate decisions and measure success for product releases.","[""Own product strategy for Home Loan digital acquisition, translating business and credit-policy requirements into scalable lead-generation and qualification systems."", ""Led development and management of digital platforms (app and web) for the Personal Loan product, growing user engagement 27% and user acquisition 14%."", ""Owned end-to-end delivery — from concept and design through development, testing, deployment, and post-launch support — ensuring seamless product releases.""]","[{""original"": ""Own product strategy for Home Loan digital acquisition, translating business and credit-policy requirements into scalable lead-generation and qualification systems."", ""rewritten"": ""Take ownership of product strategy for Home Loan digital acquisition, building scalable lead-generation and qualification systems from business and credit-policy requirements.""}, {""original"": ""Led development and management of digital platforms (app and web) for the Personal Loan product, growing user engagement 27% and user acquisition 14%."", ""rewritten"": ""Led the build and management of digital platforms (app and web) for the Personal Loan product, growing user engagement 27% and user acquisition 14%.""}, {""original"": ""Owned end-to-end delivery — from concept and design through development, testing, deployment, and post-launch support — ensuring seamless product releases."", ""rewritten"": ""Owned end-to-end delivery of modules — from concept and design through development, testing, deployment, and post-launch support — to plan, build, and release seamless product modules.""}, {""original"": ""Served as primary liaison between technical and business stakeholders, driving alignment on requirements and project status throughout the delivery lifecycle."", ""rewritten"": ""Served as a bridge between technical and customer-facing business stakeholders, driving alignment on requirements and project status throughout the delivery lifecycle.""}]","[""Product Management"", ""Agile/Scrum"", ""Stakeholder Management""]","[""End-to-end product delivery from planning through release and measuring success"", ""Acting as a bridge between business stakeholders and engineering teams"", ""Taking ownership of product modules and strategy""]","[""Customer empathy and understanding customer needs: Demonstrated through user behavior tracking and UX design alignment, though the JD specifically targets Freshworks customers.""]","[""Direct B2B or SaaS domain experience, as the candidate's background is in B2C fintech digital lending.""]","Hi, I lead end-to-end product delivery for digital lending platforms at Bajaj Finance, owning full roadmaps from concept to release. I've built deep domain expertise scaling acquisition modules and partnering closely with engineering teams. I'd love to bring this execution rigor to Freshworks.",Summary rewritten for this JD; 4 bullet(s) reworded to JD vocabulary (metrics preserved verbatim),"The CV does not demonstrate B2B or SaaS domain experience, as the candidate's background is exclusively in B2C fintech.","customer, build, modules, develop, description, take, ownership, sustained, differentiation, deep, expertise, understand",good_fit,inferred,6-10,"asks for 6-10 years, you have 4","Job Description Take Ownership: Own and build modules for sustained differentiation and growth. Develop deep domain expertise and understand trends in the market. The role requires you to plan, build, release, and measure success for an end to end modules. Be a Customer Champion: Develop a sense of empathy with our customer base to build an understanding of various problems. The role is also a bridge between the customer and the engineering teams to ensure focus on solving customer needs & deli…"
no,,,49,Project Manager,Datum Technologies Group,"Mumbai, Maharashtra",https://www.adzuna.in/land/ad/5840225955?se=5kdvW4Kb8RGofthPKnR1kQ&utm_medium=api&utm_source=195aa6d0&v=F35B84F4BF280D4ECE999E16F83DBC79C776D960,44,52,30,weak,0.08,0/0,,"[{""need"": ""mumbai"", ""gain"": 1}, {""need"": ""hybrid"", ""gain"": 1}, {""need"": ""wfo"", ""gain"": 1}, {""need"": ""leadership"", ""gain"": 1}, {""need"": ""communication"", ""gain"": 1}]",,"{""skill_match"": 0.2009, ""experience_fit"": 0.85, ""domain"": 0, ""education"": 1.0, ""achievement"": 0.8571, ""trajectory"": 1.0}",adzuna,aggregator,,,2026-08-13T16:20:05Z,,,,[],[],[],[],[],[],,,,"manage, projects, workstreams, location, mode, hybrid, days, experienced, leadership, communication, problem-solving, portfolio",stretch,stated,8+,asks for 8+ years vs your 4,"Work Experience: 8 Years Work Location: Mumbai Work Mode: Hybrid ( 2 Days WFO ) About the Role We are looking for an experienced IT Project Manager with strong leadership, communication, and problem-solving skills to manage key projects and workstreams across a growing portfolio. Key Responsibilities Lead end-to-end delivery of software development projects, budgets, schedules, and workstreams. Manage project planning, resource allocation, dependencies, risks, issues, and delivery timelines. Dr…"
no,,,49,Project Manager,Flexing It®,"Bangalore, Karnataka",https://www.adzuna.in/land/ad/5846663303?se=5kdvW4Kb8RGofthPKnR1kQ&utm_medium=api&utm_source=195aa6d0&v=97BD2E8DB08916807E6F064838B8772953FA1A1D,37,55,30,weak,0.08,0/0,,"[{""need"": ""client"", ""gain"": 1}, {""need"": ""leading global specialist"", ""gain"": 1}, {""need"": ""energy management"", ""gain"": 1}, {""need"": ""automation"", ""gain"": 1}, {""need"": ""end-to-end machine"", ""gain"": 1}]",,"{""skill_match"": 0.1998, ""experience_fit"": 0.85, ""domain"": 0, ""education"": 1.0, ""achievement"": 0.8571, ""trajectory"": 1.0}",adzuna,aggregator,,,2026-08-18T17:10:35Z,,,,[],[],[],[],[],[],,,,"client, automation, global, specialist, energy, engage, responsible, managing, machine, industrial, projects, plants",unknown,unknown,,no experience requirement found in the available text,"Our client, a leading global specialist in energy management and automation , is looking to engage with a Project Manager, who is responsible for managing end-to-end machine building and industrial automation projects for the Client's plants, ensuring timely delivery within budget and quality standards. The role involves cross-functional coordination, supplier management, risk handling, production support, and driving continuous improvement in manufacturing operations. Key Responsibilities: Man…"
no,,,49,Vutto -  Senior Program Manager,vutto,"Gurugram, Haryana (+1 other)",https://www.iimjobs.com/j/vutto-senior-program-manager-1696976?utm_campaign=google_jobs_apply&utm_source=google_jobs_apply&utm_medium=organic,33,30,49,borderline,0.35,1/2,people management,"[{""need"": ""people management"", ""gain"": 3}, {""need"": ""vutto"", ""gain"": 2}, {""need"": ""senior program manager"", ""gain"": 2}, {""need"": ""full-stack"", ""gain"": 2}, {""need"": ""phygital platform transforming"", ""gain"": 2}]",Unverifiable mandatory gate — confirm manually: licence/certification,"{""skill_match"": 0.1855, ""experience_fit"": 0.85, ""domain"": 0, ""education"": 1.0, ""achievement"": 1, ""trajectory"": 1.0}",serpapi,aggregator,,,,,,,[],[],[],[],[],[],,,,"program, operational, cross-functional, build, processes, identify, decision-making, executive, vutto, full-stack, phygital, transforming",good_fit,stated,4+,"asks for 4+ years, you have 4","ABOUT US

Vutto is a full-stack, phygital platform transforming the used two-wheeler market in India. We combine certified online listings with offline retail experience, in-house refurbishment, warranty support, and end-to-end documentation to deliver a seamless and trustworthy experience.

ABOUT THE ROLE

As a Senior Program Manager, you will be responsible for leading high-impact, cross-functional initiatives that are critical to company growth. You will work closely with founders and functional leaders to translate strategy into execution, build scalable processes, and ensure alignment across teams. This role requires someone who can operate both strategically and tactically - equally comfortable setting long-term roadmaps and diving deep into execution details.

KEY RESPONSIBILITIES. 

Demand Planning:

- Drive demand planning and forecasting activities by analyzing historical trends, market demand, operational data, and business requirements to ensure optimal resource allocation and efficient supply-demand alignment.

- Collaborate with cross-functional teams to anticipate demand fluctuations, improve forecast accuracy, and support business growth through data-driven planning and execution.

Operational Excellence:

- Build lightweight but effective program management processes.

- Establish dashboards, OKRs, and performance tracking mechanisms.

- Identify inefficiencies and implement scalable improvements.

Risk & Change Management:

- Proactively identify risks in a fast-changing environment.

- Drive rapid decision-making with incomplete information.

- Adapt plans as priorities evolve.

Executive & Founder Communication:

- Provide structured updates to leadership.

- Support strategic decision-making with data and insights.

- Act as a force multiplier for the executive team.

KEY REQUIREMENT

- 4 years of experience in program management specially in a startup ecosystem

- Good people management skills and experience is required

- Has delivered excepti"
no,,,48,Regional Product Manager-Apple,Team Computers,"Chennai, Tamil Nadu",https://bebee.com/in/jobs/regional-product-manager-apple-team-computers-chennai--fj-2317451373?utm_campaign=google_jobs_apply&utm_source=google_jobs_apply&utm_medium=organic,34,37,46,borderline,0.35,1/2,5-10,"[{""need"": ""5-10"", ""gain"": 3}, {""need"": ""regional product manager-apple"", ""gain"": 2}, {""need"": ""chennai/ mumbai/"", ""gain"": 2}, {""need"": ""mumbai/ delhi/"", ""gain"": 2}, {""need"": ""delhi/ bengaluru"", ""gain"": 2}]",,"{""skill_match"": 0.195, ""experience_fit"": 0.78, ""domain"": 0, ""education"": 1.0, ""achievement"": 1, ""trajectory"": 1.0}",serpapi,aggregator,,,1 day ago,,,,[],[],[],[],[],[],,,,"sales, system, integration, solutions, apple, regional, chennai, selling, maximize, enterprise, relationship, pitch",good_fit,stated,5-10,"asks for 5-10 years, you have 4","Position: Regional Product Manager-Apple


Location: Chennai/ Mumbai/ Delhi/ Bengaluru


Industry: IT Services and Consulting


Experience Required: 5-10 Years


About the Role
We are looking for a dynamic and result-oriented Product Sales Specialist/ Regional ProductManager to join our team in Chennai/ Mumbai/ Delhi/ BengaluruIn this role, you will drive business growth by selling enterprise-level system integration solutions—specifically focusing on Apple ecosystem.You will act as the bridging expert between our technical capabilities and our clients' business needs, building strategic alliances and driving go-to-market strategies to maximize revenue.
Key Responsibilities:
Business Development: Identify, prospect, and close high-value enterprise accounts for infrastructure and system integration solutions.Strategic Partnerships: Build and maintain deep relationships with Apple. joint Go-to-Market (GTM) Strategies and maximize Strategic Alliances.Partner Relationship Management: Collaborate closely with partner ecosystem teams to secure project registrations, competitive pricing, and technical support.Solution Selling: Understand complex customer environments and present tailored solutions involving Apple / Macbook, MDM, IPhone, IPAD.Sales Lifecycle Management: Manage the entire sales pipeline from lead generation, solution pitch, and commercial negotiations to final closure.Market Intelligence: Stay updated on emerging technology trends, competitor offerings, and market demands to pitch innovative integration solutions.
Required Skills & Qualifications:
Experience: 5+ years of experience in enterprise IT sales, tech sales, or business development with a heavy focus on system integration.Relationship Management: Strong background in Partner Relationship Management and driving value through Strategic Partnerships.Sales Acumen: Demonstrated track record of meeting or exceeding quarterly and annual sales targets.Communication: Exceptional negotiation, presentation, an"
no,,,47,EV Technical Expert/ Product Manager,Unnati,"Delhi, India",https://www.adzuna.in/details/2933962376?utm_medium=api&utm_source=195aa6d0,37,47,25,weak,0.08,0/0,,"[{""need"": ""technical expert/"", ""gain"": 1}, {""need"": ""expert/ product"", ""gain"": 1}, {""need"": ""manager come"", ""gain"": 1}, {""need"": ""market leader"", ""gain"": 1}, {""need"": ""distributed solar"", ""gain"": 1}]",,"{""skill_match"": 0.1573, ""experience_fit"": 0.85, ""domain"": 0, ""education"": 1.0, ""achievement"": 0.8571, ""trajectory"": 1.0}",adzuna,aggregator,700000,1200000,2022-03-01T04:54:18Z,,,,[],[],[],[],[],[],,,,"distributed, solar, energy, solutions, come, leader, build, software, change, industry, client, largest",unknown,unknown,,no experience requirement found in the available text,"Come and join the market leader of distributed solar and energy solutions company and help to build the software products that will change the energy industry Our client has one of the largest portfolios of distributed generation assets in India serving a diverse set of industrial and commercial customers. They offer end to end customized solar solutions including designing, procurement, engineering, permitting, project management and monitoring. Founded in 2013, the company is run by veterans …"
no,,,47,Senior Business Analyst,Pivotree,"Mumbai, Maharashtra",https://www.adzuna.in/details/5846907838?utm_medium=api&utm_source=195aa6d0,35,43,30,weak,0.16,0/0,,"[{""need"": ""senior business analyst"", ""gain"": 2}, {""need"": ""roleas"", ""gain"": 2}, {""need"": ""market leader"", ""gain"": 2}, {""need"": ""pim/mdm solutions"", ""gain"": 2}, {""need"": ""pivotree implements enterprise"", ""gain"": 2}]",,"{""skill_match"": 0.1667, ""experience_fit"": 0.85, ""domain"": 0, ""education"": 1.0, ""achievement"": 0.8571, ""trajectory"": 1.0}",adzuna,aggregator,,,2026-08-18T20:39:14Z,,,,[],[],[],[],[],[],,,,"solutions, roleas, leader, pim/mdm, pivotree, implements, enterprise, stibo, step, syndigo, akeneo, cloud-native",good_fit,inferred,6-10,"asks for 6-10 years, you have 4","The RoleAs a market leader in PIM/MDM solutions, Pivotree implements enterprise master data platforms (Stibo STEP,Syndigo, Akeneo, and cloud-native solutions) for Fortune 500 and mid-market clients. This is a hands-on rolebridging business requirements, technical design, and data strategy—owning discovery, requirementsdocumentation, data architecture, and platform configuration. You&39;ll work as a co-equal lead alongside anonshore BA, with full ownership of your workstreams.You&39;re expected …"
no,,,47,Project Manager,Cleantech Industry Resources,"Chennai, Tamil Nadu",https://www.adzuna.in/land/ad/5813877980?se=5kdvW4Kb8RGofthPKnR1kQ&utm_medium=api&utm_source=195aa6d0&v=4D4397F25E38EDE5C05D20ACB515C62612FC2051,34,45,25,weak,0.08,0/0,,"[{""need"": ""cleantech industry"", ""gain"": 1}, {""need"": ""industry resources"", ""gain"": 1}, {""need"": ""resources accelerates"", ""gain"": 1}, {""need"": ""accelerates united"", ""gain"": 1}, {""need"": ""united states"", ""gain"": 1}]",,"{""skill_match"": 0.1592, ""experience_fit"": 0.85, ""domain"": 0, ""education"": 1.0, ""achievement"": 0.8571, ""trajectory"": 1.0}",adzuna,aggregator,,,2026-07-24T19:01:10Z,,,,[],[],[],[],[],[],,,,"projects, solar, cleantech, industry, resources, accelerates, united, states, battery, storage, providing, turnkey",unknown,unknown,,no experience requirement found in the available text,"? Cleantech Industry Resources accelerates United States solar, battery storage and EV projects by providing turnkey development as a service including 100% internal systems engineering. The company deploys a leading team that spun out of the largest solar power producer in the world. This team operates within a sophisticated suite of software to support projects from land origination, through to commercial operation.   : Chennai, India (Remote Coordination for USA-based Projects)    Opportun…"
no,,,47,Category Growth Manager - Online,Drishti Group,"New Delhi, Delhi",https://www.adzuna.in/details/5802288705?utm_medium=api&utm_source=195aa6d0,39,50,29,weak,0.14,0/0,,"[{""need"": ""category growth manager"", ""gain"": 1}, {""need"": ""online"", ""gain"": 1}, {""need"": ""assigned state"", ""gain"": 1}, {""need"": ""state pcs"", ""gain"": 1}, {""need"": ""pcs categories"", ""gain"": 1}]",,"{""skill_match"": 0.1175, ""experience_fit"": 0.85, ""domain"": 0, ""education"": 1.0, ""achievement"": 1, ""trajectory"": 1.0}",adzuna,aggregator,700000,800000,2026-07-16T10:29:09Z,,,,[],[],[],[],[],[],,,,"state, categories, responsible, assigned, budgets, enrollment, targets, launching, prioritization, construct, first, cohort",unknown,unknown,,no experience requirement found in the available text,"What you'll be responsible for 1. Owning the P&L for assigned State PCS categories including budgets, pricing, enrollment, and revenue targets 2. Launching new state categories from 0 to 1 across market prioritization, product construct, GTM, and first cohort acquisition 3. Scaling growth across acquisition, conversion, retention, and monetization aligned to exam notification cycles 4. Owning organic distribution across YouTube, Telegram, WhatsApp, and app, along with customer lifecycle managem…"
no,,,47,"Partnership Development Manager, Network Services",International SOS,"New Delhi, Delhi",https://opportunities.internationalsos.com/careers/job/563980769847430-partnership-development-manager-network-services-delhi-in-dl-india?domain=internationalsos.com&utm_campaign=google_jobs_apply&utm_source=google_jobs_apply&utm_medium=organic,29,26,51,borderline,0.45,0/12,"medical, security, aviation, logistic providers, network, core group asset, essential part, value proposition, many products, services, business lines, intl.sos","[{""need"": ""medical"", ""gain"": 2}, {""need"": ""security"", ""gain"": 2}, {""need"": ""aviation"", ""gain"": 2}, {""need"": ""logistic providers"", ""gain"": 2}, {""need"": ""network"", ""gain"": 2}]",,"{""skill_match"": 0.136, ""experience_fit"": 0.85, ""domain"": 0, ""education"": 1.0, ""achievement"": 1, ""trajectory"": 1.0}",serpapi,aggregator,,,18 days ago,,,,[],[],[],[],[],[],,,,"network, services, providers, medical, regional, opportunities, lines, territory, programs, outcomes, maintain, commercial",unknown,unknown,,no experience requirement found in the available text,"## About the role

Medical, Security, Aviation and Logistic providers (the “network”) are a core Group asset and an essential part of our value proposition, supporting many products and services across all business lines within Intl.SOS.

The Local Network Services function is responsible for coordinating and overseeing the development, management and maintenance of the network in their allocated territory ensuring the highest level of quality, partnership and cost containment is achieved for Intl. SOS clients across all Business Lines and Programs to support Business development.

## Key responsibilities

Network Development, governance, and quality

  * Close collaboration with medical, security and aviation experts to ensure the network in the assigned territory fully supports the needs of the clients and that all program requirements are met.
  * Support Senior / Regional Network Services Manager in drafting and executing the Network Development Plan for the region with clear objectives and targets and report on outcomes in alignment to Client, Regional and Group priorities.
  * Ensure that the network in the assigned territory is right sized and adequate to fully support Intl.SOS Business across all Business Lines and Programs in accordance with Group Network Services Standards and Procedures including regular network analysis and refinement.
  * Maintain country specific credentialing requirements as a baseline for credentialing providers in the territory and apply simplification opportunities.
  * Conduct provider and location assessments – onsite and remotely - as required and ensuring network trips are used to maximize commercial and relationship development opportunities.
  * Work closely with local, regional and cross regional Medical Services teams, by collaborating and partnering in development and management of shared network.
  * Ensure that the provider and location data base (SPIN) is kept up to date with data and credentialing quality compliant to "
no,,,46,Program Manager - Last Mile Delivery Operations,Amazon India Limited,"Bengaluru, Karnataka",https://apna.co/job/bengaluru/program-manager-lm-aces-1954086424?utm_campaign=google_jobs_apply&utm_source=google_jobs_apply&utm_medium=organic,35,34,41,borderline,0.35,0/5,"program or project management experience, working cross functionally with tech and non-tech teams experience, defining and implementing process improvement initiatives using data and metrics experience, Knowledge of Excel (Pivot Tables, VLookUps) at an advanced level and SQL, Experience defining program requirements and using data and metrics to determine improvements","[{""need"": ""program or project management experience"", ""gain"": 4}, {""need"": ""working cross functionally with tech and non-tech teams experience"", ""gain"": 4}, {""need"": ""defining and implementing process improvement initiatives using data and metrics experience"", ""gain"": 4}, {""need"": ""Knowledge of Excel (Pivot Tables, VLookUps) at an advanced level and SQL"", ""gain"": 4}, {""need"": ""Experience defining program requirements and using data and metrics to determine improvements"", ""gain"": 4}]",,"{""skill_match"": 0.034, ""experience_fit"": 1.0, ""domain"": 0, ""education"": 1.0, ""achievement"": 1, ""trajectory"": 1.0}",serpapi,aggregator,,,1 day ago,data/resumes/2026-08-19/Amazon_India_Limited_Program_Manager_Last_Mile_Delivery_Opera/Mehul_Agarwal.docx,data/resumes/2026-08-19/Amazon_India_Limited_Program_Manager_Last_Mile_Delivery_Opera/Mehul_Agarwal.pdf,"Product Manager with 4+ years of cross-functional project management and process optimization experience in fintech digital platforms. Proven track record of owning end-to-end delivery, defining requirements, and using data-informed metrics to drive conversion and funnel improvements. Experienced in collaborating closely with technical and non-technical stakeholders to execute strategic product and process enhancements.","[""Served as primary liaison between technical and business stakeholders, driving alignment on requirements and project status throughout the delivery lifecycle."", ""Owned end-to-end delivery — from concept and design through development, testing, deployment, and post-launch support — ensuring seamless product releases."", ""Map and optimize the end-to-end digital home loan funnel — from awareness and lead generation through login, sanction, and disbursal — identifying drop-off points and prioritizing fixes.""]","[{""original"": ""• Owned end-to-end delivery — from concept and design through development, testing, deployment, and post-launch support — ensuring seamless product releases."", ""rewritten"": ""• Managed end-to-end delivery programs — from concept and design through development, testing, deployment, and post-launch support — ensuring seamless product releases and process execution.""}, {""original"": ""• Served as primary liaison between technical and business stakeholders, driving alignment on requirements and project status throughout the delivery lifecycle."", ""rewritten"": ""• Acted as primary liaison working cross-functionally with technical and non-tech teams, driving alignment on program requirements and project status throughout the delivery lifecycle.""}, {""original"": ""• Used Google Analytics and CleverTap to track user behaviour and KPIs, driving data-informed decisions that lifted conversion rates 23%."", ""rewritten"": ""• Used data and metrics to track user behaviour and KPIs, driving continuous improvement initiatives and data-informed decisions that lifted conversion rates 23%.""}, {""original"": ""• Map and optimize the end-to-end digital home loan funnel — from awareness and lead generation through login, sanction, and disbursal — identifying drop-off points and prioritizing fixes."", ""rewritten"": ""• Mapped and optimized the end-to-end digital funnel — from awareness and lead generation through login, sanction, and disbursal — conducting root-cause analysis on drop-off points and prioritizing continuous improvement fixes.""}]","[""Stakeholder Management"", ""Agile/Scrum"", ""MS-Excel"", ""Cross-functional Teams"", ""Process Improvement"", ""Data & Metrics""]","[""3+ years of working cross-functionally with tech and non-tech teams experience"", ""Experience defining program requirements and using data and metrics to determine improvements"", ""Experience in stakeholder management, dealing with multiple stakeholders at varied levels of the organization""]","[""3+ years of program or project management experience (CV has 4+ years of overall product management and end-to-end delivery experience, but lacks specific logistics or AMZL program management experience)"", ""3+ years of defining and implementing process improvement initiatives using data and metrics experience (CV demonstrates funnel optimization and metrics tracking, but not specialized logistics process improvements)""]","[""Last mile logistics or Amazon Logistics (AMZL) experience"", ""SQL and advanced Excel (Pivot Tables, VLookUps) experience"", ""Producing white papers and presenting to senior management in a logistics operations environment""]","Hi, I saw the Program Manager Last Mile role. With 4+ years managing end-to-end digital delivery, cross-functional stakeholder alignment, and data-driven process optimization at Bajaj Finance, I'd love to discuss how I can contribute to AMZL.",Summary rewritten for this JD; 4 bullet(s) reworded to JD vocabulary (metrics preserved verbatim); Skill items resequenced toward JD mentions,"The JD requires last mile logistics operations experience, SQL proficiency, and advanced Excel skills, none of which appear in the candidate's CV.","program, logistics, amzl, last, mile, processes, improvement, level, amazon, senior, continuous, initiatives",good_fit,stated,3+,"asks for 3+ years, you have 4","Program Manager , LM ACES We are seeking a Program Manager for our Amazon Logistics (AMZL) Last Mile Delivery Experience Team. The successful candidate has last mile logistics experience, an interest in and ability to work and think analytically, and manage all the aspects of multi-disciplinary projects, processes and programs. Key job responsibilities Become an subject matter expert for AMZL and customer service processes and systems Conduct root cause analysis, define corrective actions and ensure they are completed. Dive deep on executive escalations. Produce white papers and present to senior management. Build strong relationships with stakeholders to understand and evaluate business priorities, define shared opportunities and requirements, and establish information sharing mechanisms. Deliver end-to-end continuous improvement programs, projects and initiatives. Develop and produce metrics and reports leading to performance improvement. Lead Kaizens or auditing activities in delivery stations to ensure process implementation. On this role, the program manager will support the standardization and optimization of our Last Mile delivery network to meet safety, customer experience, productivity, quality, and cost goals. This role involves continuous communication with local functional business owners and technical Engineering teams at both the European and World-Wide level. About the team Amazon Logistics, or AMZL, handles Last Mile delivery duties in partnership with multiple stakeholders - LM Ops, NOC, CPU, LMAQ etc. We utilize creative thinking and continuous improvement initiatives to get millions of physical products into the hands of our customers. Our goal is to make our customers’ delivery experience as smooth as possible and roll out global delivery solutions. Key job responsibilities - Develop and improve Amazon Logistics equipment and processes to enhance safety, associate/driver experience, capacity, speed, quality, and cost goals - Drive a culture of st"
no,,,45,Product Manager,Danaher,"Bangalore, Karnataka",https://www.adzuna.in/land/ad/5846723484?se=ZovKKIKb8RG1-r2bSeqFRA&utm_medium=api&utm_source=195aa6d0&v=1AA30B57398F0AEFA2F8F170312DBFEC1B89F736,26,22,22,weak,0.08,0/0,,"[{""need"": ""danaher"", ""gain"": 2}, {""need"": ""inclusive employer"", ""gain"": 2}, {""need"": ""member"", ""gain"": 2}, {""need"": ""mygwork"", ""gain"": 2}, {""need"": ""largest global platform"", ""gain"": 2}]",,"{""skill_match"": 0.1231, ""experience_fit"": 0.85, ""domain"": 0, ""education"": 1.0, ""achievement"": 0.8571, ""trajectory"": 1.0}",adzuna,aggregator,,,2026-08-18T18:03:40Z,,,,[],[],[],[],[],[],,,,"life, danaher, inclusive, employer, member, mygwork, largest, global, lgbtq, community, please, contact",unknown,unknown,,no experience requirement found in the available text,"This job is with Danaher, an inclusive employer and a member of myGwork – the largest global platform for the LGBTQ business community. Please do not contact the recruiter directly. In our line of work, life isn’t a given - it’s the ultimate goal. When life takes an unexpected turn, our technology and solutions enable caregivers to make informed diagnostic decisions to improve patient care. This is our shared purpose at Radiometer and what unites all 4000 of us - no matter our roles or where in…"
no,,,45,AI Product Manager,Nexus Venture Partners,"Bangalore, Karnataka",https://www.adzuna.in/details/5847067061?utm_medium=api&utm_source=195aa6d0,32,30,22,weak,0.08,0/0,,"[{""need"": ""headout"", ""gain"": 2}, {""need"": ""rocketship"", ""gain"": 2}, {""need"": ""9-figure revenue"", ""gain"": 2}, {""need"": ""record growth"", ""gain"": 2}, {""need"": ""profitable"", ""gain"": 2}]",,"{""skill_match"": 0.0815, ""experience_fit"": 0.85, ""domain"": 0, ""education"": 1.0, ""achievement"": 1, ""trajectory"": 1.0}",adzuna,aggregator,,,2026-08-18T21:52:13Z,,,,[],[],[],[],[],[],,,,"headout, profitable, rocketship, figure, record, guests, cities, months, profitability, fastest-growing, marketplace, travel",unknown,unknown,,no experience requirement found in the available text,"Why Headout? We’re a rocketship: 9-figure revenue, record growth, and profitable With $200M in revenue, guests in 700 cities, and 18 months of profitability, Headout is the fastest-growing marketplace in the travel industry, and we’re just getting started. We've raised $60M from top-tier investors and are building a durable company for the long term — because that's what our mission needs and deserves. We’re growing, profitable and nowhere near done. What we do is important In an increasingly d…"
no,,,45,Digital Business Analyst (SAP Finance) (Hyderabad),GSPANN,"Hyderabad, Telangana",https://www.shine.com/jobs/digital-business-analyst-sap-finance-hyderabad/gspann/19467099?utm_campaign=google_jobs_apply&utm_source=google_jobs_apply&utm_medium=organic,31,26,31,weak,0.24,0/0,,"[{""need"": ""digital business analyst"", ""gain"": 1}, {""need"": ""sap finance"", ""gain"": 1}, {""need"": ""hyderabad"", ""gain"": 1}, {""need"": ""title"", ""gain"": 1}, {""need"": ""location-gurgaon"", ""gain"": 1}]",,"{""skill_match"": 0.1813, ""experience_fit"": 0.6429, ""domain"": 0, ""education"": 1.0, ""achievement"": 1, ""trajectory"": 1.0}",serpapi,aggregator,,,4 days ago,,,,[],[],[],[],[],[],,,,"analyst, solutions, processes, focus, turn, understanding, handson, financial, reporting, better, clear, insights",stretch,stated,7+,asks for 7+ years vs your 4,"Job Position (Title) Digital Business Analyst 

Experience Required- 7+ Years

Location-Gurgaon, Hyderabad 

Digital Business Analyst    
with focus on Finance, ERP, EPM & Data 

Turn complex finance data into decisions that matter. Are you driven by understanding how finance really works behind the numbersand translating that into clean data, scalable ERP solutions, and insights leaders can trust 

We are looking for a Digital Business Analyst to play a key role at the intersection of finance processes, finance technology platforms (EPM/ERP), and data & analytics. Youll work handson with financial data while shaping how our digital finance landscape evolves.

Why this role matters 

As part of our digital transformation, Finance is becoming increasingly datadriven, supported by the transition to a modern finance technology landscape. Establishing highquality, wellstructured finance data is a key enabler AI agenda and future automation ambitions.

In this role, you will:

- Shape how financial data flows from transactions to insights
- Strengthen trust, transparency, and usability across finance data
- Influence decisionmaking across finance leadership, digital teams, and the wider business

Your contribution will directly impact on reporting quality, operational efficiency, and our ability to apply data and AI to better steer the business.

What Youll Be Doing

You will play a critical role in the ongoing multi-market modernization of our finance technology estate, which in turn will transform the way we do finance business. Your initial focus will be on analyzing market legacy systems (like EPM and ERP) and mapping as-is finance data and processes to the global ERP standards and targetstate solutions.

Furthermore, you will have the following focus areas in your role:

- Gather and document detailed functional and nonfunctional requirements related to ERP finance processes, data models, interfaces, and reporting through workshops, interviews, and analysis of exist"
no,,,44,"Strategic Program Manager, Support",stripe,Remote,https://stripe.com/jobs/search?gh_jid=8112456,40,40,59,borderline,0.66,1/8,"strategy and operations, consulting, and/or program management, cross-functional collaboration, program management, critical thinking and analytical skills, written and verbal communication, tools for tracking and reporting progress, execution with minimal guidance in ambiguous contexts","[{""need"": ""strategy and operations, consulting, and/or program management"", ""gain"": 4}, {""need"": ""cross-functional collaboration"", ""gain"": 4}, {""need"": ""program management"", ""gain"": 4}, {""need"": ""critical thinking and analytical skills"", ""gain"": 4}, {""need"": ""written and verbal communication"", ""gain"": 4}]",,"{""skill_match"": 0.0923, ""experience_fit"": 0.6, ""domain"": 0.25, ""education"": 1.0, ""achievement"": 1, ""trajectory"": 1.0}",greenhouse,direct,,,2026-08-18T17:38:48-04:00,data/resumes/2026-08-19/stripe_Strategic_Program_Manager_Support/Mehul_Agarwal.docx,data/resumes/2026-08-19/stripe_Strategic_Program_Manager_Support/Mehul_Agarwal.pdf,"Product Manager with 4+ years of experience building digital lending products, driving end-to-end execution, and leading cross-functional alignment across technical and business teams at Bajaj Finance. Brings deep expertise in digital platform strategy, workflow optimization, and data-informed decision-making using Looker Studio and Google Analytics. Adept at shaping roadmaps, partnering with stakeholders, and managing complex product releases to improve user acquisition and experience.","[""Served as primary liaison between technical and business stakeholders, driving alignment on requirements and project status throughout the delivery lifecycle."", ""Own product strategy for Home Loan digital acquisition, translating business and credit-policy requirements into scalable lead-generation and qualification systems."", ""Lead product requirements for strategic NBFC and financial-institution partnerships, designing lead-exchange and commission workflows with legal, business, and tech teams.""]","[{""original"": ""Served as primary liaison between technical and business stakeholders, driving alignment on requirements and project status throughout the delivery lifecycle."", ""rewritten"": ""Facilitated alignment across internal teams and cross-functional stakeholders, serving as primary liaison to drive consensus on requirements and project status throughout the delivery lifecycle.""}, {""original"": ""Map and optimize the end-to-end digital home loan funnel — from awareness and lead generation through login, sanction, and disbursal — identifying drop-off points and prioritizing fixes."", ""rewritten"": ""Optimized the end-to-end user experience and journey across the digital home loan funnel from awareness through disbursal, identifying drop-off points and prioritizing fixes to address operational gaps.""}, {""original"": ""Used Google Analytics and CleverTap to track user behaviour and KPIs, driving data-informed decisions that lifted conversion rates 23%."", ""rewritten"": ""Derived strategic insights from data using Google Analytics and CleverTap to track user behaviour and KPIs, driving data-informed decisions that lifted conversion rates 23%.""}, {""original"": ""Designed and shipped the MCP (Minimum Credit Parameters) Master and Lead Allocation Master — a rules engine that pre-qualifies leads and routes them to the right lending partner based on credit profile, eligibility, and business rules."", ""rewritten"": ""Executed end-to-end delivery of the MCP Master and Lead Allocation Master rules engine, designing logic that pre-qualifies leads and routes them to partners based on credit profile, eligibility, and business rules.""}]","[""Cross-functional"", ""Data analysis"", ""Stakeholder Management"", ""Analytics""]","[""Experience working in highly cross-functional settings bridging business and technical teams"", ""Strong program management skills managing end-to-end execution of projects"", ""Robust critical thinking and analytical skills using data dashboards and analytics platforms"", ""Experience in fintech and regulated technology environments""]","[""Experience working in customer-facing roles — CV shows digital platform and partner integration ownership, but not direct customer support operations."", ""Tools for tracking and reporting progress — CV lists Looker Studio, Google Analytics, and Azure DevOps, but lacks explicit Stripe internal ticketing or specific support program tools.""]","[""8+ years of experience in strategy and operations, consulting, and/or program management (CV has 4+ years of product management experience)"", ""Direct experience managing customer support programs or handling support operations at scale""]","Hi! I saw the Strategic Program Manager role at Stripe and wanted to connect. With 4+ years owning digital lending platforms at Bajaj Finance, I drive cross-functional execution and complex funnel optimization. Would love to discuss how I can bring this rigor to Stripe's support programs.",Summary rewritten for this JD; 4 bullet(s) reworded to JD vocabulary (metrics preserved verbatim); Bullets reprioritized in: Product Manager - Home Loan; Skill items resequenced toward JD mentions,"The job requires 8+ years of experience in strategy, operations, consulting, or program management, whereas the CV shows 4+ years of experience.","stripe, cross-functional, address, programs, highest, priorities, customer, program, financial, enterprises, payments, opportunities",stretch,stated,8+,asks for 8+ years vs your 4,"Who we are About Stripe Stripe is a financial infrastructure platform for businesses. Millions of companies - from the world’s largest enterprises to the most ambitious startups - use Stripe to accept payments, grow their revenue, and accelerate new business opportunities. Our mission is to increase the GDP of the internet, and we have a staggering amount of work ahead. That means you have an unprecedented opportunity to put the global economy within everyone's reach while doing the most important work of your career. About the team The Support Programs team is responsible for creating and executing strategies to optimize our users’ experience not only with Support, but with how they experience our Products. Stripe handles over a million support cases per year, and the Support Programs team ensures we address the highest strategic priorities to address problem areas and opportunities to provide an excellent customer experience. What you’ll do As a Strategic Program Manager for Support, you will drive strategic initiatives to improve our users’ experience and our efficiency and effectiveness to serve them. Your focus areas will span user-facing lines of business such as Support, Product, and internally-focused lines of business. You will collaborate closely with Support leadership and other cross-functional leaders to inform decision-making and help shape the direction of our highest priority support initiatives, and will play a crucial role in ensuring that the team is equipped with the resources and tools necessary to deliver exceptional support. Some example strategic programs include: driving the joint Support-Product strategy and operating model, improving the end-to-end experience of priority user groups (such as large platforms, AI start-ups, and Enterprises), and paid support value delivery. If you thrive on owning an expansive and complex topic area, teasing out the highest-impact work to tackle, rallying cross-functional support, and executing against multi"
no,,,44,Program Manager,Route Mobile Limited,"Bangalore, Karnataka",https://www.adzuna.in/land/ad/5833434962?se=rlwTWIKb8RG1-r2bSeqFRA&utm_medium=api&utm_source=195aa6d0&v=17515CDB67521AE8D28BB0E46C698FE94094A753,37,38,23,weak,0.14,0/0,,"[{""need"": ""program manager"", ""gain"": 1}, {""need"": ""manager program"", ""gain"": 1}, {""need"": ""routemobile"", ""gain"": 1}, {""need"": ""motivated"", ""gain"": 1}, {""need"": ""detail-oriented program manager"", ""gain"": 1}]",,"{""skill_match"": 0.0833, ""experience_fit"": 0.85, ""domain"": 0, ""education"": 1.0, ""achievement"": 0.8571, ""trajectory"": 1.0}",adzuna,aggregator,,,2026-08-08T18:02:02Z,,,,[],[],[],[],[],[],,,,"program, omnichannel, routemobile, seeking, motivated, detail-oriented, specializing, solutions, responsible, managing, multiple, communication",unknown,unknown,,no experience requirement found in the available text,"Program Manager JD RouteMobile is seeking a motivated and detail-oriented Program Manager II specializing in Omnichannel solutions. In this role, you will be responsible for managing multiple omnichannel communication projects simultaneously, ensuring successful delivery within scope, budget, and timeline constraints. You will collaborate closely with cross-functional teams to define project requirements, establish project plans, track progress, and drive resolution of issues to achieve project…"
no,,,42,AP-Partnership,SoulAce,"Bangalore, Karnataka",https://www.adzuna.in/land/ad/5847166683?se=LEBFR4Kb8RG33K-LVeyx-w&utm_medium=api&utm_source=195aa6d0&v=BE7EFE559811DB9D35897358F146B4B6E2AA596F,35,37,16,weak,0.08,0/0,,"[{""need"": ""ap-partnership"", ""gain"": 2}, {""need"": ""title"", ""gain"": 2}, {""need"": ""associate principal"", ""gain"": 2}, {""need"": ""principal partnerships"", ""gain"": 2}, {""need"": ""partnerships location"", ""gain"": 2}]",,"{""skill_match"": 0, ""experience_fit"": 0.85, ""domain"": 0, ""education"": 1.0, ""achievement"": 1, ""trajectory"": 1.0}",adzuna,aggregator,,,2026-08-19T01:11:27Z,,,,[],[],[],[],[],[],,,,"soulace, title, principal, location, bangalore, firm, intersection, corporate, responsibility, sustainability, impact, corporates",unknown,unknown,,no experience requirement found in the available text,"Job Title: Associate Principal – Partnerships Location: Bangalore Company: Soulace Consulting Pvt Ltd About Soulace Soulace Consulting Pvt Ltd is a consulting firm working at the intersection of corporate social responsibility (CSR), sustainability, and social impact . We partner with corporates, foundations, and development organizations to design and implement high-impact programs across sectors such as education, livelihoods, environment, and financial inclusion. Role Overview The Associate …"
no,,,42,Senior Business Analyst - Modelling & Quantitative Analytics,Moody's,"Bangalore, Karnataka",https://www.adzuna.in/land/ad/5846723457?se=uO_vTIKb8RG1-r2bSeqFRA&utm_medium=api&utm_source=195aa6d0&v=3CAFDF20732319F6CF400DFE1E33B086DDF0CCA8,24,19,19,weak,0.14,0/0,,"[{""need"": ""senior business analyst"", ""gain"": 2}, {""need"": ""modelling quantitative analytics"", ""gain"": 2}, {""need"": ""moody"", ""gain"": 2}, {""need"": ""inclusive employer"", ""gain"": 2}, {""need"": ""member"", ""gain"": 2}]",,"{""skill_match"": 0.0417, ""experience_fit"": 0.85, ""domain"": 0, ""education"": 1.0, ""achievement"": 0.8571, ""trajectory"": 1.0}",adzuna,aggregator,,,2026-08-18T18:03:40Z,,,,[],[],[],[],[],[],,,,"moody, inclusive, employer, member, mygwork, largest, global, lgbtq, community, please, contact, recruiter",good_fit,inferred,6-10,"asks for 6-10 years, you have 4","This job is with Moody's, an inclusive employer and a member of myGwork – the largest global platform for the LGBTQ business community. Please do not contact the recruiter directly. At Moody's, we unite the brightest minds to turn today’s risks into tomorrow’s opportunities. We do this by striving to create an inclusive environment where everyone feels welcome to be who they are—with the freedom to exchange ideas, think innovatively, and listen to each other and customers in meaningful ways. Mo…"
no,,,41,Business Analyst- Market Risk,HSBC,"Hyderabad, Telangana",https://in.linkedin.com/jobs/view/business-analyst-market-risk-at-hsbc-4453055792?utm_campaign=google_jobs_apply&utm_source=google_jobs_apply&utm_medium=organic,31,30,52,borderline,0.66,1/12,"accountable, global, cross functional, functional change, change agenda, delivering mandatory/regulatory, strategic change programme, behalf, global risk, compliance, regional","[{""need"": ""accountable"", ""gain"": 1}, {""need"": ""global"", ""gain"": 1}, {""need"": ""cross functional"", ""gain"": 1}, {""need"": ""functional change"", ""gain"": 1}, {""need"": ""change agenda"", ""gain"": 1}]",,"{""skill_match"": 0.0889, ""experience_fit"": 0.6, ""domain"": 0, ""education"": 1.0, ""achievement"": 1, ""trajectory"": 1.0}",serpapi,aggregator,,,7 days ago,,,,[],[],[],[],[],[],,,,"risk, hsbc, change, take, global, people, compliance, career, fulfil, opportunities, services, transformation",stretch,stated,8+,asks for 8+ years vs your 4,"Some careers shine brighter than others.If you’re looking for a career that will help you stand out, join HSBC and fulfil your potential. Whether you want a career that could take you to the top, or simply take you in an exciting new direction, HSBC offers opportunities, support and rewards that will take you further.

HSBC is one of the largest banking and financial services organisations in the world, with operations in 64 countries and territories. We aim to be where the growth is, enabling businesses to thrive and economies to prosper, and, ultimately, helping people to fulfil their hopes and realise their ambitions.

We are currently seeking an experienced professional to join our team in the role of Business Analyst- Market Risk

In This Role, You Will

 The role holder will work in Risk and Compliance Transformation (RCT) which manages the Change the Bank investment portfolio and associated transformation activity on behalf of and across the Risk and Compliance function globally. It is accountable for the global, cross functional change agenda, delivering mandatory/regulatory and strategic change programme on behalf of Global Risk and Compliance, in partnership with regional teams and in support of business partner control needs. It designs, leads and delivers large scale, complex global change across multiple geographies and jurisdictions, impacting regions and business lines, including system, people and process changes, ensuring the change programmes adhere to the change standards laid out by HSBC and using mandated tools and methods.  The Traded and Treasury Risk function has responsibility for risk management covering Markets and Security services and Treasury business. This is done in support of HSBC’s regions and global lines of business.  Work as a BA/PM across the full programme lifecycle, with the capability to deliver change using a range of approaches, including both Agile and waterfall.  Define project scope, set realistic timelines and lead proj"
no,,,25,Lead Product Manager Tech,Mastercard,"Pune, Maharashtra",https://careers.mastercard.com/us/en/job/R-288293/Lead-Product-Manager-Tech?utm_campaign=google_jobs_apply&utm_source=google_jobs_apply&utm_medium=organic,38,34,8,weak,0.4,1/7,"periodic mandatory, mandatory security, security trainings, accordance, mastercard, guidelines","[{""need"": ""periodic mandatory"", ""gain"": 2}, {""need"": ""mandatory security"", ""gain"": 2}, {""need"": ""security trainings"", ""gain"": 2}, {""need"": ""accordance"", ""gain"": 2}, {""need"": ""mastercard"", ""gain"": 2}]",,"{""skill_match"": 0.2035, ""experience_fit"": 0.85, ""domain"": 0, ""education"": 1.0, ""achievement"": 1, ""trajectory"": 1.0}",serpapi,aggregator,,,2 days ago,,,,[],[],[],[],[],[],,,,"mastercard, services, security, global, solutions, insights, value, cases, customer, information, payments, networks",over_senior,inferred,8-14,"title implies roughly 8-14 years (centre ~11y), above your 8-year ceiling — inferred from wording, not stated in the posting","Our Purpose



Mastercard powers economies and empowers people in 200+ countries and territories worldwide. Together with our customers, we’re helping build a sustainable economy where everyone can prosper. We support a wide range of digital payments choices, making transactions secure, simple, smart and accessible. Our technology and innovation, partnerships and networks combine to deliver a unique set of products and services that help people, businesses and governments realize their greatest potential.



Title and Summary



Lead Product Manager Tech

Lead Product Manager-Technical 
***********************************************
Overview
==================
Mastercard is a global technology company in the payments industry. Our mission is to connect and power an inclusive, digital economy that benefits everyone, everywhere by making transactions safe, simple, smart, and accessible. Using secure data and networks, partnerships and passion, our innovations and solutions help individuals, financial institutions, governments, and businesses realize their greatest potential.
 
The Services Business represents over a third of Mastercard revenues and is a key differentiator for Mastercard. Services use our unique and proprietary data, technology, insights and expertise to deliver solutions that meet the needs of our customers. Services is critical for the sustained, long-term growth of Mastercard.
 
Within the Services organization, this role sits within the Business & Markets Insights (BMI) organization. The Business & Market Insights vertical is focused on creating products and solutions that create value for customers through Analytics, Insights, Business Experimentation, and Payment Consulting & Innovation.
 
Under BMI, Payment Reconciliation Intelligence (PRI) Program's Global Product Management team is seeking an accomplished technology-focused Product Manager to support the evolution of its products to include AI intelligence. This person will be part of a team "
no,,,25,Senior Technical Product Manager - Delivery Service Partner Technology,Amazon India Limited,"Hyderabad, Telangana",https://bebee.com/in/jobs/senior-technical-product-manager-delivery-service-partner-technology-amazon-india-limited-hyderabad--techmap_in_1490823666?utm_campaign=google_jobs_apply&utm_source=google_jobs_apply&utm_medium=organic,35,27,2,weak,0.08,0/0,,"[{""need"": ""senior technical"", ""gain"": 2}, {""need"": ""delivery service"", ""gain"": 2}, {""need"": ""service partner"", ""gain"": 2}, {""need"": ""technology senior"", ""gain"": 2}, {""need"": ""senior product"", ""gain"": 2}]",,"{""skill_match"": 0.2117, ""experience_fit"": 0.85, ""domain"": 0, ""education"": 1.0, ""achievement"": 1, ""trajectory"": 1.0}",serpapi,aggregator,,,2 days ago,,,,[],[],[],[],[],[],,,,"amazon, impact, dsps, thousands, service, drivers, build, these, businesses, deliver, critical, culture",over_senior,inferred,12-99,"title implies roughly 12-99 years (centre ~12y), above your 8-year ceiling — inferred from wording, not stated in the posting","Senior Product Manager, Technical, DSP Platform Tech, DSP Tech Ever wonder how you can positively impact the lives of thousands of Amazon Delivery Service Partners (DSPs) and their drivers around the world? Then come join a team that builds technology products to continue raising the bar on DSP and DA experiences through innovations in customer support, content discovery, and workflow automation. Amazon’s DSP Platform Technology (DSP Platform Tech) team is looking for a seasoned technical product manager to build the vision and software to ensure DSPs and their drivers have the best technology experience that helps them save time and effort over the course of their day.


These technologies will impact many areas of their experience, including capacity planning, on-road monitoring, payments, and a mobile experience. As a Technical Product Manager on the team, you will expand our tech platform into areas such as real-time data and sentiment analysis for thousands of small businesses that manage hundreds of thousands of employees as they deliver billions of packages safely and accurately. Your software products will incorporate leading-edge AWS and AI components to simplify day-to-day DSP and DA processes.


These technology tools will empower DSP businesses to share critical feedback with the right Amazon teams and automate parts of their business, freeing them up to grow. As part of the broader Last Mile Team at Amazon, you will have a direct and lasting impact on one of the largest delivery networks in the world. Key job responsibilities In this role, you will be responsible for all parts of the product journey, starting with understanding customer needs through multiple feedback mechanisms available to drivers and DSPs.


Based on your research, you will build a compelling vision and roadmap through prioritization decisions that are well-reasoned and customer-oriented. You will collaborate tightly and artfully negotiate tradeoffs with internal business partners on"
no,,,25,"Technical Business Analyst and Automation Engineer, VP",Deutsche Bank,"Bangalore, Velankani Tech Park",https://db.wd3.myworkdayjobs.com/en-US/DBWebsite/job/Bangalore-Velankani-Tech-Park/Senior-Risk-and-Control-Engineer--VP_R0418070,33,24,9,weak,0.45,5/12,"automate business, regulatory, delivering technical solutions, layers translate, translate business, business needs, executable technical designs","[{""need"": ""automate business"", ""gain"": 1}, {""need"": ""regulatory"", ""gain"": 1}, {""need"": ""delivering technical solutions"", ""gain"": 1}, {""need"": ""layers translate"", ""gain"": 1}, {""need"": ""translate business"", ""gain"": 1}]",,"{""skill_match"": 0.1998, ""experience_fit"": 0.85, ""domain"": 0, ""education"": 1.0, ""achievement"": 1, ""trajectory"": 1.0}",workday,direct,,,Posted Today,,,,[],[],[],[],[],[],,,,"solutions, automation, asset, integration, office, description, diverse, perspectives, scripting, system, regulatory, needs",over_senior,inferred,6-14,"title implies roughly 6-14 years (centre ~10y), above your 8-year ceiling — inferred from wording, not stated in the posting","Job Description: Job Description: About DWS: At DWS, we’re capturing the opportunities of tomorrow. You can be part of a leading, client-committed, global Asset Manager, making an impact on individuals, communities, and the world. Join us on our journey, and you can shape our transformation by working side by side with industry thought-leaders and gaining new and diverse perspectives. You can share ideas and be yourself, whilst driving innovative and sustainable solutions that influence markets and behaviours for the better. Role Description We are seeking a Technical Business Analyst &amp; Automation Engineer to bridge business requirements and technology delivery in a complex Asset Management environment. The role combines deep business analysis expertise with handson technical skills in data analysis, automation, scripting, and system integration. You will work closely with Front Office, Middle Office, Operations, and Technology teams to translate business and regulatory needs into scalable technical solutions, while actively contributing to automation, data validation, and integration activities. Key Responsibilities Implement and automate business and regulatory requirements by designing and delivering technical solutions across data, integration, and workflow layers Translate business needs into executable technical designs, SQL logic, automation scripts, and integration specifications Build and maintain automation solutions using Python and scripting to support data processing, validation, reconciliation, reporting, and operational workflows Develop and execute SQL and Oracle (PL/SQL) queries, procedures, and data transformations to support implementations and testing Actively support and validate system integrations (APIs, batch interfaces, messaging) using XML, JSON, and structured data formats Work hands‑on with development teams to implement solutions, not just define them, including configuration, data setup, and functional enablement Analyse existing sy"
no,,,20,"Product Manager, Operations Transformation Platforms, AVP",Deutsche Bank,"Bangalore, Karnataka",https://www.adzuna.in/land/ad/5846723629?se=ZovKKIKb8RG1-r2bSeqFRA&utm_medium=api&utm_source=195aa6d0&v=A315A19ADC17E55A82EEE03DFEFE1597E9707737,36,49,1,weak,0.08,0/0,,"[{""need"": ""operations transformation platforms"", ""gain"": 2}, {""need"": ""avp"", ""gain"": 2}, {""need"": ""deutsche bank"", ""gain"": 2}, {""need"": ""inclusive employer"", ""gain"": 2}, {""need"": ""member"", ""gain"": 2}]",,"{""skill_match"": 0.1231, ""experience_fit"": 0.85, ""domain"": 0, ""education"": 1.0, ""achievement"": 0.8571, ""trajectory"": 1.0}",adzuna,aggregator,,,2026-08-18T18:03:42Z,,,,[],[],[],[],[],[],,,,"focused, email, deutsche, bank, inclusive, employer, member, mygwork, largest, global, lgbtq, community",over_senior,inferred,7-13,"title implies roughly 7-13 years (centre ~10y), above your 8-year ceiling — inferred from wording, not stated in the posting","This job is with Deutsche Bank, an inclusive employer and a member of myGwork – the largest global platform for the LGBTQ business community. Please do not contact the recruiter directly. Position Overview Role Description Enabling scalable, client‑focused operational services through email process optimisation. We are seeking an Assistant Vice President (AVP) Product Manager to support the delivery and evolution of a strategic operations platform focused on optimising email‑driven workflows. T…"
no,,,20,Manager / Senior Manager - Community Manager – Startup Ecosystem & Partnerships,Cashfree Payments,"Bangalore, Karnataka",https://www.adzuna.in/land/ad/5847169007?se=dFXLRYKb8RG33K-LVeyx-w&utm_medium=api&utm_source=195aa6d0&v=FC5ED88AFF5DE72B49E9CBD3370D1BBA031F3BAA,25,15,1,weak,0.08,0/0,,"[{""need"": ""senior manager"", ""gain"": 1}, {""need"": ""community manager"", ""gain"": 1}, {""need"": ""manager startup"", ""gain"": 1}, {""need"": ""startup ecosystem"", ""gain"": 1}, {""need"": ""ecosystem partnerships"", ""gain"": 1}]",,"{""skill_match"": 0.0675, ""experience_fit"": 0.85, ""domain"": 0, ""education"": 1.0, ""achievement"": 1, ""trajectory"": 1.0}",adzuna,aggregator,,,2026-08-19T01:13:00Z,,,,[],[],[],[],[],[],,,,"initiatives, build, continuous, cashfree, brand, positioning, startup, ecosystem, conceptualize, execute, high-impact, micro-events",over_senior,inferred,8-14,"title implies roughly 8-14 years (centre ~11y), above your 8-year ceiling — inferred from wording, not stated in the posting","Key Responsibilities Drive continuous engagement initiatives to build Cashfree's brand and positioning within the startup ecosystem. Conceptualize and execute high-impact micro-events such as roundtables, panel discussions, founder meetups, and networking sessions. Develop and manage podcasts, thought leadership initiatives, and content collaborations featuring founders, investors, and industry leaders. Build strong relationships with venture capital firms and actively engage with portfolio com…"
no,,,18,Principal Cybersecurity Program Manager,Providence,"Hyderabad, Telangana",https://careers.providence.in/job/Hyderabad-Principal-Cybersecurity-Program-Manager-Tela/58919644/?utm_campaign=google_jobs_apply&utm_source=google_jobs_apply&utm_medium=organic,34,38,7,weak,0.61,3/5,"information technology, healthcare","[{""need"": ""information technology"", ""gain"": 2}, {""need"": ""healthcare"", ""gain"": 2}, {""need"": ""principal cybersecurity"", ""gain"": 1}, {""need"": ""cybersecurity program"", ""gain"": 1}, {""need"": ""program manager"", ""gain"": 1}]",,"{""skill_match"": 0.227, ""experience_fit"": 0.54, ""domain"": 0, ""education"": 1.0, ""achievement"": 0.8571, ""trajectory"": 1.0}",serpapi,aggregator,,,2 days ago,,,,[],[],[],[],[],[],,,,"program, organizational, programs, executive, leadership, governance, initiatives, complex, cross-functional, priorities, manage, risks",over_senior,stated,10+,"asks for 10+ years, above your 8-year ceiling","Description The Principal Program Manager serves as a strategic leader responsible for driving large-scale, complex, cross-functional programs that advance organizational priorities and deliver measurable business value. This role partners closely with executive leadership, business stakeholders, technology teams, and external partners to define program strategies, establish governance frameworks, manage risks, and ensure successful execution of initiatives across multiple workstreams. The Principal Program Manager operates with a high degree of autonomy and influence, shaping program direction, facilitating executive decision-making, and ensuring alignment between business objectives and implementation outcomes. This role is accountable for program planning, stakeholder engagement, dependency management, financial oversight, change management, and realization of strategic benefits.  Key Responsibilities Strategic Program Leadership  Lead enterprise-wide, highly complex programs that support organizational strategy and business transformation. Define program vision, objectives, success criteria, milestones, and measurable outcomes. Translate strategic priorities into executable roadmaps and delivery plans. Influence investment decisions through data-driven recommendations and business case development.  Program Governance  Establish and maintain effective program governance structures, steering committees, and operating cadences. Drive executive reporting, milestone tracking, status communications, and decision management. Ensure alignment of program activities with organizational priorities, policies, and standards. Develop and maintain program charters, RAID logs, dependency maps, and implementation roadmaps.  Stakeholder Engagement  Build trusted relationships with senior leaders, business sponsors, and cross-functional teams. Facilitate executive discussions and drive consensus among diverse stakeholder groups. Manage program communications, ensuring transparenc"
